3175406774
3178722806
3179728002
3180038880
3179137310
3178722806
3178930058
3167899107
3179313498
3179137310
3180867888
3179137310
3180867888
3178930058
3171054482
3179137310
3176028530
3179624376
3178722806
3180660636
3178722806
3177479294
3179137310
3171054482
3179417124
3179137310
3180660636
3179137310
3177479294
3179417124
3167899107
3179728002
3179137310
3180453384
3179137310
3178722806
3178930058
3171054482
3179137310
3177272042
3180246132
3179137310
3180453384
3178722806
3171054482
3179137310
3167899107
3179417124
3179137310
3180349758
3179313498
3180038880
3179417124
3174577766
3178722806
3172712498
3179728002
3178722806
3179831628
3178722806
3180867888
3178308302
3180038880
3178722806
3174370514
3178515554
3167899107
3178515554
3176028530
3178930058
3178515554
3180660636
3178308302
3180038880
3178930058
3171883490
3178930058
3176028530
3178930058
3179137310
3180038880
3178515554
3180453384
3178101050
3174992270
3178515554
3172712498
3179831628
3178930058
3180867888
3179624376
3176650286
3179137310
3167899107
3179313498
3178722806
3180453384
3177893798
3180453384
3179417124
3167899107
3178930058
3172712498
3179831628
3179137310
3180764262
3179417124
3180038880
3179137310
3171054482
3178930058
3179313498
3180867888
3179417124
3180453384
3179417124
3171054482
3179417124
3179137310
3180453384
3179520750
3178722806
3179624376
3169557123
3179520750
3179624376
3180660636
3179520750
3178308302
3178930058
3167899107
3179313498
3179624376
3180453384
3179520750
3180038880
3179624376
3171054482
3179624376
3178930058
3180453384
3179137310
3180867888
3179313498
3173541506
3179520750
3176028530
3179137310
3179137310
3180867888
3178515554
3180867888
3180453384
3171468986
3179137310
3176028530
3179624376
3179137310
3180867888
3180453384
3172712498
3179520750
3176028530
3180038880
3178930058
3180867888
3179417124
3171054482
3179137310
3178101050
3180557010
3179417124
3180453384
3178722806
3171054482
3178930058
3177893798
3180038880
3178515554
3179137310
3179417124
3172712498
3179624376
3179137310
3180660636
3179624376
3171054482
3179417124
3177686546
3179831628
3178930058
3179137310
3178101050
3167899107
3179137310
3179624376
3180660636
3178722806
3179624376
3178722806
3169557123
3178930058
3172712498
3179624376
3179137310
3180660636
3178515554
3174992270
3178930058
3172712498
3179520750
3179137310
3180038880
3178722806
3176235782
3179624376
3176857538
3179624376
3179728002
3182111400
3179313498
3177064790
3179624376
3172712498
3179728002
3179137310
3180764262
3179624376
3180038880
3179624376
3171054482
3179728002
3178515554
3179728002
3179313498
3180867888
3179624376
3179624376
3179137310
3167899107
3179624376
3176028530
3180246132
3179137310
3180867888
3179417124
3180453384
3179624376
3169557123
3179417124
3177893798
3180038880
3179417124
3180867888
3179313498
3174992270
3179417124
3172712498
3178515554
3179728002
3180867888
3179137310
3176235782
3179624376
3172712498
3179624376
3179313498
3180867888
3179417124
3176443034
3179313498
3172712498
3179831628
3179417124
3180867888
3179624376
3169557123
3179417124
3180038880
3181696896
3178308302
3176650286
3179137310
3171054482
3179520750
3179624376
3180867888
3179728002
3172919750
3179520750
3176028530
3180038880
3178722806
3180867888
3179624376
3167899107
3178722806
3179624376
3181696896
3177479294
3174163262
3179520750
3179313498
3180453384
3179137310
3172919750
3179313498
3179313498
3180453384
3179137310
3171468986
3179137310
3179935254
3180867888
3179137310
3177479294
3178308302
3176028530
3179520750
3179137310
3180660636
3179137310
3167899107
3179520750
3179520750
3180867888
3178722806
3167899107
3178930058
3180246132
3181696896
3177479294
3179624376
3179137310
3173541506
3179831628
3179137310
3180867888
3179137310
3176028530
3178722806
3167899107
3179137310
3179520750
3181489644
3178101050
3180038880
3178722806
3167899107
3179137310
3179313498
3180660636
3179624376
3179137310
3179624376
3171054482
3179831628
3179935254
3182111400
3179137310
3176028530
3179520750
3172712498
3179417124
3180038880
3182525904
3177893798
3176235782
3179624376
3177686546
3180142506
3179831628
3180453384
3180453384
3174370514
3178515554
3180038880
3182111400
3179137310
3171054482
3179831628
3178515554
3181489644
3179624376
3180867888
3179831628
3177893798
3179831628
3172712498
3180038880
3179935254
3182525904
3180246132
3180038880
3179624376
3171054482
3180246132
3180038880
3182318652
3179831628
3180038880
3179831628
3169557123
3180142506
3179935254
3182422278
3179831628
3180453384
3180349758
3167899107
3179728002
3179624376
3181696896
3179313498
3182525904
3181489644
3172712498
3179137310
3179313498
3180867888
3179624376
3180867888
3180660636
3178515554
3179313498
3172712498
3180038880
3180557010
3181593270
3179728002
3182525904
3178930058
3175614026
3180660636
3172712498
3179137310
3179831628
3181593270
3179417124
3182525904
3179624376
3174370514
3179417124
3176857538
3180557010
3179624376
3182111400
3179417124
3173956010
3179417124
3176028530
3181282392
3179728002
3181696896
3179137310
3171054482
3179624376
3179520750
3180867888
3180038880
3182111400
3178722806
3167899107
3179520750
3179728002
3182525904
3179831628
3176650286
3179417124
3176028530
3180038880
3180246132
3180867888
3179520750
3171054482
3180246132
3180557010
3180867888
3179624376
3182111400
3178930058
3171054482
3179831628
3180142506
3180867888
3179624376
3180867888
3180038880
3176028530
3178930058
3180038880
3182111400
3179417124
3174370514
3180349758
3180349758
3181696896
3179624376
3180971514
3181075140
3180038880
3180038880
3179728002
3172712498
3181282392
3180453384
3181593270
3180246132
3172712498
3180557010
3180453384
3182525904
3180246132
3174370514
3180764262
3180038880
3180867888
3180971514
3177064790
3180349758
3174370514
3180142506
3179624376
3182111400
3180246132
3173127002
3180349758
3180453384
3180453384
3180660636
3180764262
3180453384
3172712498
3180246132
3180142506
3181696896
3180453384
3174370514
3180660636
3180453384
3182111400
3180453384
3177479294
3180349758
3180660636
3182733156
3180453384
3176028530
3180453384
3180557010
3181282392
3180764262
3180038880
3180453384
3176028530
3180867888
3180660636
3182111400
3181489644
3177686546
3181075140
3180349758
3179137310
3180660636
3178515554
3181282392
3180246132
3178101050
3180453384
3180142506
3180246132
3179624376
3179624376
3180349758
3176028530
3180867888
3180660636
3181696896
3180349758
3173127002
3180349758
3179728002
3180867888
3179831628
3174370514
3180971514
3180142506
3180764262
3180867888
3182111400
3180764262
3172712498
3179624376
3179137310
3180867888
3181075140
3172712498
3180557010
3181075140
3182111400
3180660636
3173541506
3180557010
3179313498
3180660636
3181075140
3180867888
3180453384
3172712498
3181075140
3180038880
3181696896
3180557010
3172712498
3180557010
3179520750
3181489644
3181075140
3182525904
3180349758
3174370514
3180142506
3180453384
3181489644
3180453384
3181696896
3180867888
3179520750
3180453384
3172712498
3180764262
3180142506
3181282392
3180453384
3180867888
3180557010
3172712498
3180557010
3180142506
3180453384
3181282392
3181696896
3180038880
3171261734
3180453384
3180038880
3181282392
3180453384
3181696896
3180349758
3172712498
3180038880
3179728002
3181489644
3180246132
3179624376
3180557010
3172712498
3180453384
3180349758
3181593270
3180867888
3176235782
3179728002
3176028530
3180764262
3179624376
3180867888
3181075140
3172712498
3180349758
3179728002
3180867888
3180038880
3180867888
3180038880
3177893798
3179728002
3179728002
3180867888
3180246132
3182111400
3179935254
3169557123
3180038880
3181178766
3181696896
3179728002
3172712498
3180038880
3180557010
3182318652
3180038880
3172712498
3180038880
3180867888
3180867888
3181282392
3176028530
3180038880
3180142506
3181282392
3180142506
3179831628
3180142506
3176028530
3180557010
3180557010
3180867888
3180971514
3171054482
3180038880
3180764262
3181696896
3180660636
3176443034
3180246132
3180971514
3180660636
3180660636
3182111400
3180453384
3172712498
3180453384
3179728002
3181075140
3180453384
3182525904
3180453384
3179137310
3180038880
3177686546
3180764262
3180453384
3182318652
3180038880
3175199522
3180246132
3176028530
3180867888
3180349758
3182940408
3180453384
3176028530
3180867888
3179728002
3181593270
3180453384
3181696896
3180764262
3172712498
3180246132
3180038880
3181696896
3180867888
3176443034
3180142506
3176028530
3180764262
3180038880
3181696896
3179624376
3171054482
3180246132
3180038880
3182318652
3180246132
3180038880
3180453384
3176028530
3181282392
3180038880
3181696896
3180764262
3180453384
3179831628
3171054482
3180557010
3179313498
3180867888
3180246132
3182111400
3179728002
3171883490
3178930058
3177686546
3181696896
3178722806
3182111400
3180867888
3169557123
3179137310
3179935254
3181696896
3179624376
3181696896
3178515554
3168728115
3179624376
3176028530
3181593270
3179520750
3180867888
3178308302
3174370514
3179137310
3172712498
3179831628
3180142506
3182525904
3180038880
3179624376
3179831628
3171054482
3180557010
3176028530
3181696896
3178722806
3180867888
3179417124
3180867888
3179137310
3169557123
3179520750
3176028530
3180660636
3179624376
3180867888
3179417124
3180660636
3179728002
3172712498
3180453384
3180142506
3180557010
3178930058
3180867888
3179831628
3172712498
3180246132
3180660636
3180867888
3179831628
3180453384
3179624376
3167899107
3179313498
3180557010
3181593270
3179935254
3180038880
3179935254
3172712498
3180660636
3180453384
3180867888
3179137310
3177064790
3179935254
3176028530
3180453384
3179831628
3182525904
3179728002
3174370514
3180246132
3180971514
3180867888
3179831628
3180867888
3179624376
3174370514
3180453384
3176028530
3180660636
3179624376
3180867888
3179831628
3177686546
3180660636
3179313498
3180867888
3180246132
3180453384
3179728002
3172712498
3180453384
3180453384
3181696896
3181282392
3171054482
3179624376
3180660636
3182422278
3178308302
3171054482
3179935254
3180246132
3182525904
3179831628
3176028530
3179520750
3176028530
3180867888
3180038880
3180867888
3180764262
3172712498
3179417124
3180246132
3181696896
3177479294
3172712498
3179313498
3179313498
3180038880
3180867888
3182111400
3179137310
3169557123
3179520750
3178515554
3180764262
3179417124
3180867888
3180660636
3172712498
3178308302
3180453384
3182318652
3178308302
3176235782
3179137310
3178101050
3180453384
3178722806
3179137310
3179137310
3179313498
3180867888
3180349758
3180867888
3179417124
3172712498
3179520750
3179137310
3180867888
3179520750
3167899107
3179137310
3180246132
3180867888
3180038880
3172919750
3179313498
3179137310
3181696896
3178722806
3171054482
3179417124
3179417124
3180453384
3178722806
3167899107
3179831628
3180246132
3182525904
3179313498
3171054482
3180038880
3179520750
3180867888
3179137310
3179624376
3180142506
3176028530
3180142506
3180867888
3181282392
3179137310
3171054482
3179520750
3179417124
3180867888
3180038880
3180867888
3177893798
3176028530
3180660636
3179831628
3180867888
3180867888
3172712498
3179137310
3180246132
3180867888
3179935254
3171054482
3180246132
3181075140
3179624376
3180453384
3181282392
3178308302
3173541506
3180246132
3179728002
3182525904
3180038880
3174370514
3179624376
3177686546
3181282392
3180038880
3180867888
3179831628
3174370514
3180246132
3179313498
3179831628
3180142506
3180867888
3179728002
3176028530
3180038880
3176028530
3180246132
3179137310
3181282392
3179831628
3167899107
3179417124
3179624376
3180867888
3179935254
3179137310
3180038880
3177686546
3180660636
3179624376
3180660636
3179137310
3174370514
3179624376
3180038880
3180867888
3179313498
3167899107
3179520750
3179831628
3182525904
3180349758
3172712498
3180038880
3179624376
3180867888
3179313498
3172712498
3179624376
3179520750
3180867888
3179624376
3175406774
3180038880
3179313498
3180349758
3179624376
3179137310
3178308302
3172712498
3180246132
3179624376
3180453384
3179520750
3172712498
3179417124
3179624376
3180867888
3180038880
3172919750
3179624376
3179137310
3180660636
3179728002
3172712498
3179417124
3179417124
3181696896
3179313498
3167899107
3180142506
3179417124
3178722806
3179137310
3179520750
3180453384
3179624376
3173541506
3179624376
3179417124
3180453384
3178930058
3172712498
3179417124
3179137310
3180557010
3179417124
3172712498
3179313498
3179624376
3180867888
3179728002
3171054482
3179728002
3179728002
3180867888
3179417124
3171054482
3179313498
3179520750
3181696896
3179831628
3175406774
3179417124
3178515554
3180557010
3179624376
3180246132
3179624376
3167899107
3179313498
3179417124
3180867888
3179137310
3175199522
3179313498
3179313498
3180453384
3179313498
3179831628
3179520750
3176028530
3180038880
3179313498
3180453384
3179624376
3172712498
3179935254
3179624376
3180867888
3179624376
3167899107
3179417124
3179728002
3180867888
3180142506
3167899107
3179624376
3180246132
3180867888
3179624376
3171054482
3179520750
3179137310
3180867888
3179520750
3172712498
3180038880
3179417124
3180867888
3179137310
3171054482
3179831628
3180246132
3180867888
3179831628
3179137310
3179520750
3176028530
3180453384
3180349758
3181696896
3179935254
3171054482
3179624376
3179624376
3181282392
3179624376
3179137310
3179520750
3176028530
3179831628
3179831628
3180038880
3179935254
3176028530
3180038880
3178722806
3180867888
3179520750
3171054482
3179831628
3179137310
3180453384
3179137310
3179935254
3179137310
3172712498
3179831628
3178722806
3180867888
3179417124
3171054482
3176443034
3176857538
3180453384
3180349758
3180867888
3179417124
3167899107
3178308302
3178930058
3180453384
3178515554
3180038880
3177479294
3172712498
3178722806
3173541506
3179313498
3177064790
3180453384
3179137310
3178308302
3178308302
3167899107
3178308302
3179831628
3179624376
3174163262
3180453384
3178722806
3172712498
3179417124
3176857538
3180038880
3179137310
3180660636
3179137310
3172712498
3179137310
3176028530
3180038880
3179137310
3180867888
3179137310
3173127002
3179417124
3172712498
3179417124
3179624376
3180453384
3178101050
3171054482
3178722806
3178308302
3180867888
3179417124
3179624376
3179313498
3169557123
3178930058
3179728002
3180867888
3179313498
3179137310
3178930058
3167899107
3179417124
3179831628
3180867888
3179728002
3180038880
3179313498
3168728115
3179624376
3180246132
3181593270
3179520750
3173541506
3179137310
3179520750
3180764262
3179728002
3177479294
3179520750
3180038880
3180660636
3179624376
3177893798
3179624376
3176443034
3180453384
3179417124
3180867888
3179520750
3167899107
3179624376
3179520750
3180867888
3179624376
3176650286
3179137310
3177686546
3180038880
3179624376
3179831628
3179624376
3169557123
3179313498
3179137310
3181696896
3179624376
3178308302
3179417124
3176028530
3180038880
3179728002
3180867888
3179137310
3174785018
3179624376
3172712498
3180038880
3179624376
3180660636
3179417124
3171054482
3179137310
3179624376
3180660636
3179520750
3174370514
3178930058
3178101050
3180038880
3178722806
3179624376
3178930058
3174370514
3179624376
3179935254
3180038880
3179137310
3172712498
3178722806
3179137310
3180867888
3178722806
3169557123
3178930058
3179137310
3180764262
3178308302
3171054482
3179417124
3179137310
3179831628
3178722806
3167899107
3179137310
3179137310
3180867888
3179313498
3167899107
3179728002
3179520750
3180867888
3179520750
3169557123
3179520750
3179137310
3180867888
3179137310
3179137310
3179417124
3172712498
3179624376
3179417124
3180867888
3180246132
3171054482
3179417124
3177686546
3180453384
3179313498
3179624376
3178308302
3172712498
3178722806
3179831628
3180867888
3179417124
3167899107
3179831628
3178515554
3180867888
3179417124
3169557123
3179624376
3177686546
3180349758
3179137310
3181696896
3179728002
3172712498
3180038880
3179728002
3180867888
3179624376
3175821278
3179417124
3172712498
3178930058
3178308302
3181282392
3180038880
3171054482
3179520750
3176028530
3169142619
3189243674
1016477193
3182318652
3179417124
3175614026
3171054482
3181282392
3180764262
3167484603
3188880983
3108691072
3189865431
3171054482
3186464017
3190124496
3184183920
3185220504
3182525904
3180038880
3172712498
3179313498
3176028530
3175821278
3160857876
3177064790
3164168570
3169142619
3175821278
3167899107
3175406774
3171676238
3174992270
3176650286
3179137310
3172919750
3167899107
3173748758
3162510554
3174163262
3177893798
3172505246
3157541844
1026368496
974630368
3168313611
3167484603
3147702948
3171676238
3169971627
3167899107
3155054820
1004362428
3164168570
3168313611
3164168570
3108691072
1014616786
3151018980
1010471742
3171883490
3151018980
3159199860
3151018980
1024710480
3162925058
3161686884
3171883490
3169971627
3167899107
3149360964
1024710480
3162510554
974630368
3108691072
1004362428
1028026512
3143045832
3162925058
3170800636
999388380
1011300754
993900344
1007155710
3155883828
1016477193
3165826587
3159199860
1019378721
1018549713
1024710480
1011300754
1008813726
1006020444
3135488144
1028026512
3135488144
3128761376
3164168570
3147702948
1022280249
1025332236
1031343194
1018135209
1002704412
1002704412
1015648185
1019793225
1021865745
1028026512
1012129762
1031343194
1016477193
1017306201
1018135209
1021036737
1006020444
1013787778
1033021753
1023109257
1025124984
1021451241
1025746740
1016477193
1026368496
1030721438
1029062774
1033229005
1026368496
1026990252
1021451241
1024503228
1026161244
1024710480
1033229005
1029062774
1031757698
1028233766
1029477924
1028233766
1029685176
1033229005
1028648270
1025124984
1023109257
1028233766
1029892428
1029892428
1036545037
1030306932
1030721438
1028233766
1032089119
1032503623
1031550446
1036545037
1032503623
1032192745
1031881867
1032918127
1029892428
1032503623
1034265265
1033539883
1036545037
1031757698
1033229005
1032503623
1033539883
1031550446
1033229005
1033954387
1034161639
1038203054
1034265265
1034265265
1033332631
1033643509
1033332631
1034990647
1037995802
1035094273
1036545037
1034990647
1034783395
1033332631
1034990647
1034576143
1035094273
1038099428
1036130533
1038203054
1035508777
1035716029
1033332631
1033747135
1033332631
1034265265
1034679769
1034576143
1039861070
1034990647
1037374046
1034990647
1038721184
1034783395
1038721184
1035819655
1037477672
1039135688
1037581298
1040853239
1037270420
1039861070
1034990647
1034990647
1034990647
1038306680
1040171948
1039653818
1037684924
1040542361
1041682247
1037788550
1038617558
1039964696
1040283296
1034990647
1036855916
1040594174
1038928436
1040853239
1038721184
1038513932
1037477672
1037270420
1036648663
1038513932
1042096751
1040386922
1041267743
1039861070
1040853239
1041112304
1040438735
1041682247
1037374046
1038203054
1037063168
1039964696
1039135688
1040283296
1042511255
1040697800
1040853239
1039964696
1039757444
1039964696
1040749613
1041941312
1041371369
1043340263
1042563068
1041319556
1039135688
1040594174
1041578621
1040542361
1043340263
1041060491
1040697800
1038513932
1040645987
1041267743
1040438735
1042304003
1040905052
1041578621
1041112304
1042044938
1044998280
1042666694
1041423182
1039135688
1041112304
1044583776
1041630434
1042200377
1041734060
1041526808
1040283296
1040542361
1044998280
1042770320
1043599328
1042822133
1043288450
1042459442
1042252190
1044998280
1043754767
1042977572
1040697800
1041008678
1041734060
1042718507
1044998280
1042200377
1041941312
1041578621
1042873946
1042977572
1044739215
1045412784
1044376524
1045827288
1043392076
1043392076
1042770320
1044324711
1045982727
1045101906
1044169272
1043599328
1043340263
1042563068
1043184824
1044583776
1042252190
1044324711
1044221085
1045775475
1046811897
1045516410
1046656458
1044376524
1044894654
1043392076
1044635589
1046656458
1045360971
1045360971
1044635589
1044428337
1044842841
1043754767
1043962020
1042148564
1043910206
1045257345
1045516410
1048314474
1046708271
1047019148
1044635589
1044791028
1046656458
1045620036
1045464597
1046293767
1046604645
1045257345
1045050093
1046656458
1044946467
1044894654
1044013833
1043599328
1042770320
1045050093
1048756115
1046708271
1044687402
1044635589
1045620036
1045050093
1046034702
1048314474
1045775475
1043910206
1044013833
1045101906
1046656458
1044635589
1045050093
1045309158
1044842841
1044221085
1045101906
1046138328
1045257345
1046656458
1045464597
1046656458
1045879101
1047381840
1047951784
1044894654
1045827288
1045257345
1044946467
1043806580
1045671849
1046656458
1045101906
1046656458
1045309158
1045101906
1044635589
1045101906
1045153719
1045464597
1047796344
1046138328
1046656458
1046397393
1046034702
1045464597
1046397393
1047070962
1046915522
1047899970
1045050093
1045516410
1045464597
1045516410
1048003596
1047433652
1047692718
1046086515
1046760084
1047122774
1047537278
1049274245
1045205532
1044531963
1045568223
1046708271
1046915522
1046604645
1046656458
1044013833
1046863710
1045464597
1048469914
1049274245
1048418100
1046138328
1046915522
1046708271
1049066993
1047640904
1048314474
1046086515
1045879101
1045050093
1045671849
1048859741
1044894654
1044480150
1045879101
1046915522
1049170619
1048989274
1048314474
1048573540
1048833835
1047744530
1047537278
1048859741
1046967336
1046656458
1045879101
1047278214
1048314474
1046501019
1047019148
1046811897
1045257345
1045827288
1048678396
1048678396
1049092900
1048573540
1049274245
1048366288
1048003596
1047122774
1047537278
1049274245
1048055410
1047330026
1045879101
1047226400
1048652489
1046708271
1047640904
1048003596
1048678396
1048859741
1048885648
1048859741
1047537278
1047330026
1047744530
1048782022
1049274245
1047278214
1047226400
1046708271
1048989274
1049688749
1048989274
1049688749
1048833835
1046863710
1047433652
1048678396
1048756115
1049170619
1049636936
1049377871
1048989274
1048573540
1049377871
1049274245
1049507404
1048911554
1048159036
1048989274
1048418100
1048885648
1049688749
1048262662
1048833835
1046708271
1048704302
1049274245
1049092900
1049015180
1049326058
1049066993
1049377871
1049636936
1050310505
1049507404
1049170619
1048989274
1048418100
1049274245
1047899970
1048859741
1048366288
1048807928
1049688749
1048833835
1049300152
1049533310
1049714656
1049766469
1049688749
1050828635
1049870095
1049559217
1049403778
1047744530
1047122774
1047433652
1049274245
1047692718
1048210848
1048159036
1048573540
1048989274
1049559217
1050932261
1049455591
1048937461
1048885648
1048989274
1049844188
1049144713
1049688749
1049351965
1048730209
1047537278
1048678396
1049507404
1048756115
1048963367
1047692718
1049015180
1049300152
1049818282
1050232786
1049766469
1050103253
1049041087
1049455591
1049092900
1049403778
1050180973
1049481497
1049999627
1049041087
1048756115
1048366288
1048573540
1047537278
1048730209
1049999627
1049585123
1050517757
1049740562
1050025534
1049300152
1049300152
1050103253
1049300152
1050103253
1049403778
1049559217
1049300152
1049274245
1049740562
1049041087
1049015180
1048159036
1048469914
1048366288
1049248339
1050932261
1049844188
1049274245
1049403778
1049818282
1049403778
1049507404
1050103253
1049714656
1049662843
1048730209
1048730209
1050103253
1048911554
1048782022
1048366288
1048418100
1049274245
1049170619
1049481497
1049507404
1049636936
1049533310
1049481497
1050932261
1049947814
1049326058
1048678396
1048782022
1049455591
1049041087
1049222432
1048782022
1049015180
1049662843
1048859741
1048963367
1048756115
1049015180
1050103253
1049274245
1049351965
1049300152
1049611030
1050103253
1049248339
1049118806
1048573540
1048911554
1049999627
1049092900
1049118806
1048756115
1048989274
1049947814
1049196526
1049377871
1048885648
1049714656
1050414131
1049507404
1049326058
1048782022
1048911554
1049144713
1048989274
1049274245
1048730209
1048885648
1048885648
1048989274
1049999627
1049041087
1048937461
1048730209
1049144713
1049896001
1049326058
1049688749
1048963367
1048989274
1048782022
1048989274
1049066993
1048704302
1048989274
1048885648
1049274245
1049274245
1049041087
1049248339
1049481497
1049196526
1049274245
1048989274
1049041087
1049611030
1049196526
1049585123
1049041087
1049274245
1048989274
1049351965
1049274245
1049144713
1049041087
1050103253
1049066993
1049222432
1048678396
1049274245
1050414131
1049222432
1049144713
1048678396
1049170619
1049999627
1049092900
1049015180
1048937461
1049144713
1050517757
1049066993
1049092900
1048678396
1049118806
1050103253
1049144713
1049041087
1048573540
1048911554
1049559217
1048521726
1048833835
1048469914
1048859741
1049688749
1049015180
1048989274
1048730209
1049041087
1049947814
1048989274
1048989274
1048573540
1048782022
1049144713
1048600676
1048859741
1048366288
1048704302
1048159036
1048678396
1049896001
1048626583
1048730209
1047951784
1048782022
1049688749
1048833835
1048807928
1048366288
1048573540
1049170619
1048600676
1049274245
1048366288
1048366288
1047951784
1048730209
1049688749
1048678396
1048859741
1048469914
1048652489
1048003596
1048573540
1048963367
1048521726
1048859741
1048055410
1047744530
1047537278
1048418100
1049274245
1048807928
1048989274
1048418100
1048885648
1048885648
1048600676
1049274245
1048626583
1048626583
1047537278
1048573540
1048782022
1048314474
1048756115
1047796344
1048573540
1047744530
1048626583
1049896001
1048600676
1048262662
1047951784
1048756115
1049274245
1048521726
1049066993
1048366288
1048573540
1048678396
1048730209
1049896001
1048366288
1048469914
1048366288
1048678396
1048159036
1048418100
1049792375
1048573540
1048107222
1047951784
1048055410
1049274245
1048678396
1048937461
1047744530
1048678396
1049999627
1048573540
1047537278
1048366288
1048652489
1048859741
1048159036
1048418100
1047951784
1048626583
1049688749
1048366288
1048003596
1047640904
1048469914
1049274245
1048418100
1048469914
1047226400
1048159036
1049274245
1047951784
1047951784
1047122774
1047848158
1049066993
1047848158
1047744530
1047381840
1047537278
1047122774
1047537278
1049274245
1047174588
1047381840
1046915522
1047951784
1047951784
1048003596
1049274245
1047951784
1047744530
1047537278
1048107222
1048704302
1047744530
1048314474
1046397393
1046863710
1046397393
1046811897
1048756115
1046708271
1046656458
1046915522
1047537278
1048521726
1047796344
1048859741
1047796344
1048003596
1046708271
1046241954
1048107222
1046138328
1046190141
1045050093
1046138328
1048314474
1045879101
1045879101
1046293767
1047019148
1048003596
1046915522
1047070962
1046345580
1046811897
1046708271
1047433652
1048859741
1046034702
1045101906
1044635589
1045620036
1044635589
1045464597
1047485466
1045257345
1045516410
1046086515
1046915522
1046086515
1046501019
1048314474
1046190141
1045930914
1045360971
1046086515
1046656458
1045879101
1046656458
1045257345
1045153719
1044013833
1044635589
1045412784
1045360971
1047485466
1045620036
1045775475
1045360971
1045516410
1045879101
1045050093
1044998280
1044324711
1044739215
1043651141
1044272898
1044842841
1044376524
1046656458
1044324711
1043702954
1044894654
1044894654
1043806580
1045360971
1046086515
1044324711
1046656458
1045464597
1044998280
1043599328
1044480150
1043806580
1044428337
1045671849
1045101906
1046656458
1045153719
1044169272
1044894654
1045879101
1044635589
1045620036
1045827288
1045101906
1046656458
1043806580
1043702954
1043754767
1045050093
1043392076
1044998280
1046345580
1044687402
1044998280
1044117459
1044739215
1043392076
1043495702
1045412784
1044013833
1044998280
1043443889
1044428337
1043392076
1044013833
1044013833
1045050093
1045827288
1044946467
1044998280
1043184824
1044117459
1043392076
1042355816
1042977572
1042614881
1044583776
1044635589
1043236637
1044221085
1044065646
1044946467
1044117459
1047485466
1044221085
1042511255
1040905052
1042044938
1046138328
1042666694
1043288450
1041941312
1043184824
1042770320
1042459442
1044998280
1043651141
1042977572
1042563068
1042873946
1044221085
1044635589
1044998280
1041734060
1041060491
1042044938
1041837686
1044583776
1043184824
1041682247
1041008678
1042252190
1042977572
1044013833
1044169272
1043495702
1043340263
1042355816
1042977572
1042563068
1042925759
1043392076
1041630434
1044169272
1041319556
1041526808
1040490548
1040905052
1043651141
1043806580
1043340263
1042407629
1044531963
1043392076
1042200377
1044998280
1042355816
1042718507
1042148564
1041630434
1043288450
1041734060
1042096751
1041578621
1041112304
1039964696
1040801426
1043340263
1042148564
1042666694
1041319556
1042718507
1044583776
1041371369
1042355816
1041734060
1041630434
1042770320
1041734060
1042148564
1040490548
1040801426
1042148564
1040594174
1043340263
1040068322
1040801426
1038306680
1040853239
1040905052
1040386922
1043340263
1041215930
1040335109
1040171948
1041112304
1042718507
1040801426
1042925759
1041423182
1040490548
1039964696
1040438735
1042096751
1040231483
1039135688
1037477672
1037892176
1037684924
1040594174
1043340263
1041215930
1041112304
1040853239
1041682247
1042355816
1041889499
1041682247
1037374046
1036234159
1037063168
1038306680
1037892176
1039342940
1041682247
1037684924
1040283296
1039135688
1039653818
1039964696
1039342940
1041682247
1040542361
1040853239
1040905052
1040386922
1034576143
1037063168
1039653818
1037477672
1038203054
1037477672
1039239314
1036648663
1038513932
1042511255
1039135688
1039032062
1038721184
1039757444
1039550192
1038928436
1039861070
1035923281
1037995802
1035819655
1036234159
1041267743
1037477672
1036545037
1036026907
1037374046
1038721184
1037788550
1038203054
1036855916
1037892176
1038306680
1037892176
1039861070
1037166794
1037684924
1036648663
1037166794
1040853239
1037270420
1037581298
1035405151
1037063168
1037477672
1037684924
1039861070
1036441411
1036648663
1034990647
1035197899
1038824810
1033954387
1034990647
1032089119
1034161639
1037270420
1035094273
1033954387
1034265265
1035405151
1039861070
1036545037
1031757698
1029062774
1034990647
1039032062
1034576143
1033954387
1030514186
1031550446
1033125379
1034265265
1036545037
1033747135
1035923281
1036026907
1035819655
1038203054
1036855916
1034990647
1029062774
1028233766
1036545037
1032503623
1026990252
1030099680
1032710875
1038203054
1032503623
1033539883
1029062774
1033954387
1034161639
1035197899
1039032062
1035197899
1035508777
1026368496
1027404756
1035612403
1031135942
1026783000
1029062774
1033539883
1028233766
1032918127
1037374046
1032399997
1032503623
1030306932
1032503623
1036545037
1032296371
1032192745
1030721438
1032089119
1030721438
1032296371
1034887021
1030306932
1029685176
1028648270
1029892428
1033229005
1028233766
1028648270
1026575748
1029062774
1034887021
1027819260
1030099680
1024917734
1028233766
1033021753
1029062774
1030928690
1026990252
1030928690
1028233766
1029892428
1033229005
1028648270
1019378721
1022280249
1024503228
1023109257
1024710480
1031343194
1025332236
1030099680
1028233766
1030721438
1033229005
1012129762
1007155710
1023109257
1027612008
1031135942
1018135209
1019378721
1024917734
1028233766
1024088724
1025953992
1033229005
1027404756
1026368496
1023466968
1025953992
1025746740
1027404756
1033229005
1026575748
1026161244
1016477193
1023674220
1019793225
1012958770
1028026512
1023466968
1021451241
1014616786
1021451241
1016477193
1019793225
1026161244
1020207729
1031343194
1016891697
1024503228
1014616786
1024917734
1002704412
1024295976
1016477193
1021865745
1019378721
1018964217
1002704412
3157541844
993900344
1016477193
1002704412
1024710480
999388380
1019378721
1009642734
1016477193
993900344
1018135209
1025539488
1014616786
1010471742
1010471742
1007984718
3108691072
3160857876
1019378721
1008813726
1016062689
1002704412
999388380
3108691072
1011300754
1031343194
1023881472
3128761376
3165826587
3151018980
3164168570
3169557123
997216376
1012129762
1016062689
1006020444
1007984718
984680816
1016477193
1023881472
1009642734
1010471742
1002704412
1002704412
1002704412
1018135209
1019378721
3155883828
3159199860
3165826587
3155883828
3146044932
3162510554
3152677000
3168313611
3167899107
3171676238
3152677000
1004362428
3167899107
3167899107
3167899107
1015233681
3167484603
997216376
1024710480
3135488144
3161686884
3169557123
3167899107
3173334254
3167899107
3167899107
3167899107
3169557123
3172505246
3167899107
3170800636
3161686884
1010471742
3167899107
3128761376
3157541844
999388380
3162510554
3170800636
1016062689
3167899107
3168313611
3174992270
3173334254
3171883490
3157541844
3128761376
3167070099
3163339562
3167899107
3173127002
3171054482
3174163262
3170386132
3174992270
3170386132
1010471742
3167899107
3167899107
3170800636
3171883490
3167899107
3169142619
3135488144
3167484603
3155883828
3167899107
3173956010
3171054482
3177479294
3167899107
3167899107
3172712498
3174163262
3177272042
3172505246
3172505246
3169971627
3167899107
3167899107
3172712498
3174992270
3168313611
3167899107
3168313611
3169557123
3176857538
3168313611
3175821278
3169142619
3167899107
3171054482
3167899107
3177479294
3172919750
3167899107
3178722806
3177479294
3175821278
3177272042
3170800636
3173748758
3167899107
3179137310
3172505246
3180038880
3174992270
3172919750
3174163262
3174370514
3177479294
3176443034
3175821278
3175821278
3167899107
3177893798
3179417124
3180867888
3177479294
3179137310
3174992270
3167899107
3174577766
3172712498
3178308302
3180349758
3181696896
3172919750
3177272042
3175406774
3167899107
3180867888
3182007774
3182940408
3178722806
3181696896
3178722806
3167899107
3179831628
3177686546
3179624376
3177479294
3180038880
3171676238
3179313498
3186153139
3177272042
3186671269
3178101050
3184183920
3178308302
3172712498
3179137310
3176028530
3177479294
3176650286
3178722806
3174992270
3167899107
3174992270
3172297994
3186671269
3185220504
3185013252
3182007774
3176028530
3182422278
3176028530
3187085773
3184183920
3185427757
3177064790
3182629530
3184805677
3177479294
3179137310
3184598425
3182525904
3182629530
3181800522
3185842261
3185013252
3183769416
3184494799
3167899107
3185324130
3182215026
3185427757
3181282392
3173956010
3186774895
3176028530
3180867888
3182629530
3185013252
3185013252
3172712498
3185013252
3184287547
3187500277
3182629530
3187293025
3182525904
3184287547
3181800522
3182007774
3182525904
3181593270
3180142506
3181904148
3176028530
3182318652
3184183920
3183769416
3184391173
3185220504
3186671269
3184287547
3187500277
3187293025
3187293025
3187085773
3187085773
3183976668
3180142506
3184909626
3184287547
3187500277
3187500277
3187500277
3177064790
3184080294
3188155601
3185945887
3175614026
3167899107
3172505246
3189088235
3176028530
3182836782
3180142506
3187293025
3162510554
3189865431
3182525904
3167899107
3177479294
3179137310
3180867888
3176857538
3169557123
3178722806
3179313498
3180038880
3179137310
3179137310
3179624376
3171054482
3180038880
3179624376
3181696896
3179831628
3176650286
3179417124
3172712498
3179624376
3179417124
3180246132
3179624376
3180038880
3179137310
3167899107
3179137310
3179313498
3180038880
3178722806
3180038880
3178722806
3168728115
3179417124
3179313498
3180038880
3179520750
3179137310
3179137310
3167899107
3179417124
3179831628
3180453384
3178930058
3180867888
3178101050
3173541506
3178308302
3176028530
3179831628
3179520750
3180453384
3179624376
3173748758
3179137310
3167899107
3178722806
3178930058
3180867888
3178722806
3179137310
3178722806
3172712498
3179137310
3167899107
3179137310
3178930058
3180038880
3179137310
3180453384
3179313498
3175406774
3178308302
3171054482
3179137310
3179417124
3180867888
3178101050
3177479294
3178722806
3171054482
3179137310
3178930058
3180453384
3179137310
3172712498
3179137310
3174370514
3178722806
3178515554
3180660636
3176443034
3173334254
3178930058
3172712498
3179137310
3178101050
3180038880
3178308302
3169557123
3179313498
3179624376
3180453384
3178722806
3179137310
3179137310
3167899107
3179137310
3179520750
3180453384
3179137310
3174992270
3178308302
3167899107
3179417124
3179520750
3180557010
3179624376
3176650286
3179520750
3172712498
3179728002
3179417124
3180453384
3179417124
3167899107
3179520750
3179137310
3180867888
3179831628
3171054482
3179520750
3179624376
3180453384
3179728002
3179935254
3178722806
3172712498
3179624376
3179624376
3181593270
3179417124
3171468986
3179417124
3177686546
3180246132
3179624376
3179137310
3178308302
3169557123
3179313498
3179313498
3180867888
3179137310
3176028530
3179624376
3172712498
3179624376
3179624376
3180038880
3179624376
3180038880
3179137310
3167899107
3179417124
3179624376
3180453384
3179417124
3177064790
3178515554
3176028530
3179624376
3177479294
3180867888
3178308302
3167899107
3179831628
3179417124
3180867888
3178722806
3167899107
3179417124
3179137310
3180867888
3178930058
3172712498
3178515554
3179624376
3180453384
3179313498
3169557123
3179313498
3178722806
3180867888
3179417124
3167899107
3179728002
3179137310
3180867888
3178722806
3167899107
3179624376
3179137310
3180867888
3178308302
3167899107
3179313498
3179313498
3180453384
3178722806
3178308302
3178308302
3174370514
3179417124
3178930058
3180038880
3178515554
3167899107
3179313498
3179417124
3180660636
3178722806
3169557123
3179137310
3177893798
3180764262
3179313498
3171054482
3178722806
3179624376
3180038880
3179137310
3176028530
3179313498
3172712498
3180038880
3179831628
3180867888
3179520750
3171054482
3179417124
3179624376
3181282392
3179137310
3176235782
3179417124
3178515554
3180349758
3179417124
3180867888
3179137310
3167899107
3179831628
3179624376
3180867888
3178930058
3180038880
3179624376
3169557123
3179728002
3179935254
3180246132
3179417124
3177479294
3178722806
3176857538
3180246132
3179137310
3180038880
3179417124
3172712498
3180038880
3179137310
3180867888
3179417124
3167899107
3179831628
3179624376
3180867888
3179313498
3171883490
3179313498
3179624376
3180867888
3179417124
3176028530
3180038880
3176857538
3180764262
3179624376
3173127002
3179520750
3179520750
3180453384
3179728002
3178308302
3179520750
3176028530
3180453384
3179520750
3179624376
3179624376
3172712498
3179831628
3179417124
3180453384
3179417124
3167899107
3179417124
3180349758
3182111400
3178308302
3171054482
3179520750
3179313498
3180867888
3179313498
3172712498
3179624376
3178930058
3180142506
3178930058
3177686546
3180660636
3179520750
3174577766
3178930058
3178515554
3180453384
3178101050
3176028530
3179137310
3177686546
3180038880
3179313498
3172712498
3178930058
3179313498
3180453384
3178515554
3175821278
3179417124
3177686546
3180038880
3179624376
3177893798
3178930058
3176443034
3179935254
3179137310
3180038880
3179417124
3171054482
3178930058
3179624376
3180867888
3178722806
3176650286
3179137310
3171054482
3179935254
3179624376
3180867888
3179137310
3172919750
3179417124
3179520750
3180867888
3179624376
3177479294
3179313498
3177686546
3180453384
3179624376
3180453384
3179935254
3172712498
3180142506
3179624376
3182525904
3179137310
3172712498
3180038880
3180038880
3180867888
3178515554
3173541506
3180038880
3179624376
3179137310
3179831628
3176028530
3181075140
3179624376
3180246132
3178722806
3176028530
3180038880
3179831628
3180867888
3179728002
3167899107
3179728002
3179417124
3180867888
3180349758
3174785018
3179624376
3179728002
3182111400
3179831628
3179313498
3179831628
3176028530
3181178766
3179417124
3181696896
3178515554
3171054482
3180038880
3180867888
3182111400
3179624376
3171054482
3180867888
3180038880
3181282392
3179831628
3179313498
3179137310
3177686546
3180867888
3180867888
3180246132
3179417124
3167899107
3180246132
3181282392
3181696896
3179728002
3179417124
3179831628
3177686546
3180660636
3179624376
3180867888
3180246132
3173127002
3180246132
3177686546
3181075140
3179417124
3182525904
3179137310
3172712498
3178308302
3180557010
3183354912
3179417124
3177893798
3179417124
3177686546
3179935254
3179624376
3181282392
3178930058
3176028530
3180246132
3179831628
3180038880
3180038880
3173541506
3179417124
3180038880
3182111400
3178515554
3172712498
3179624376
3180038880
3182111400
3179728002
3172712498
3179137310
3179831628
3180867888
3178722806
3172712498
3180867888
3179417124
3181904148
3179831628
3172919750
3178722806
3180557010
3182318652
3179417124
3174370514
3178930058
3180246132
3181696896
3180038880
3178308302
3179137310
3177686546
3180453384
3179624376
3178930058
3179935254
3179624376
3182422278
3181696896
3176857538
3178722806
3179728002
3182525904
3180246132
3172712498
3181178766
3180867888
3181696896
3180349758
3176028530
3180764262
3180038880
3181696896
3179520750
3176028530
3180867888
3180246132
3181489644
3180453384
3172712498
3180453384
3180867888
3181696896
3180453384
3172712498
3180867888
3180764262
3182111400
3179728002
3172712498
3180349758
3180349758
3182111400
3180453384
3174370514
3180142506
3180142506
3181282392
3180557010
3179137310
3180246132
3179313498
3181282392
3180349758
3180453384
3180557010
3179313498
3181489644
3180867888
3176857538
3180867888
3180660636
3182111400
3180660636
3171883490
3180453384
3180660636
3182111400
3179935254
3172712498
3180867888
3180557010
3181904148
3180557010
3176028530
3180867888
3180246132
3180453384
3180246132
3180453384
3182111400
3180453384
3176028530
3180867888
3179624376
3179624376
3180867888
3178515554
3182525904
3180764262
3172712498
3180971514
3179831628
3180867888
3180038880
3167899107
3181178766
3180349758
3182007774
3180764262
3172712498
3180867888
3180246132
3180867888
3180453384
3174370514
3181489644
3180453384
3179520750
3180142506
3180764262
3182007774
3180867888
3171054482
3180142506
3180349758
3181696896
3180349758
3176028530
3180867888
3180349758
3180867888
3181282392
3171883490
3180867888
3179831628
3180867888
3181075140
3176028530
3181696896
3180453384
3179137310
3180038880
3177686546
3181075140
3180453384
3181489644
3180764262
3179313498
3181489644
3180660636
3180867888
3180660636
3174370514
3180764262
3179831628
3180867888
3181282392
3173541506
3180246132
3180660636
3181075140
3180453384
3180867888
3180557010
3176028530
3181075140
3179520750
3181696896
3180038880
3171054482
3180246132
3180038880
3181489644
3180038880
3172712498
3180246132
3180453384
3182525904
3180038880
3174370514
3180142506
3179935254
3181696896
3180142506
3177686546
3180246132
3179831628
3181696896
3180038880
3171054482
3179831628
3180867888
3181696896
3180038880
3176028530
3179935254
3179624376
3180867888
3180867888
3176028530
3179831628
3179313498
3180867888
3180038880
3179137310
3179935254
3176028530
3180660636
3179831628
3180660636
3179624376
3177686546
3180867888
3179137310
3180453384
3180867888
3176857538
3180867888
3180349758
3176650286
3180142506
3180246132
3181282392
3180038880
3172712498
3181178766
3180453384
3182111400
3179624376
3172712498
3180038880
3180453384
3182111400
3180142506
3174370514
3179831628
3180764262
3181696896
3180349758
3173127002
3180453384
3180867888
3181696896
3179417124
3176028530
3180246132
3180557010
3181593270
3180660636
3177893798
3180038880
3179520750
3181178766
3180867888
3180867888
3180453384
3172712498
3180557010
3180453384
3181489644
3180453384
3178101050
3180246132
3176028530
3181178766
3180349758
3181696896
3180453384
3172712498
3180246132
3180660636
3182318652
3180867888
3176028530
3180246132
3180349758
3181282392
3180038880
3180038880
3180038880
3179313498
3180557010
3180453384
3180867888
3180971514
3172712498
3180557010
3180660636
3180867888
3180246132
3180142506
3181282392
3180349758
3180867888
3180349758
3180971514
3180246132
3180453384
3181282392
3180142506
3180142506
3181593270
3180142506
3180038880
3180038880
3172712498
3180453384
3180349758
3182318652
3179137310
3173956010
3179935254
3179313498
3180660636
3179624376
3180246132
3180764262
3176028530
3179831628
3180246132
3181696896
3180867888
3176028530
3180453384
3179831628
3180867888
3180246132
3171054482
3181075140
3180453384
3181489644
3179831628
3176028530
3177686546
3176028530
3180038880
3178101050
3180867888
3181075140
3172712498
3179831628
3179935254
3181696896
3180142506
3176028530
3178101050
3179624376
3181489644
3177893798
3180557010
3179728002
3172712498
3180660636
3180038880
3180453384
3178722806
3180867888
3179417124
3171883490
3180453384
3181386018
3180867888
3179137310
3180867888
3180038880
3172712498
3179520750
3180349758
3182111400
3178515554
3171054482
3180971514
3180038880
3180867888
3178930058
3171883490
3179831628
3179831628
3182111400
3180142506
3176028530
3180038880
3180142506
3181178766
3179831628
3180453384
3180246132
3176028530
3180660636
3180246132
3179624376
3180867888
3180660636
3180867888
3179935254
3179831628
3180038880
3177686546
3181696896
3180246132
3180453384
3180038880
3172712498
3180971514
3180453384
3181696896
3179520750
3171054482
3180557010
3180349758
3181696896
3179935254
3173127002
3180557010
3179831628
3181696896
3179417124
3171054482
3179137310
3180453384
3182525904
3180038880
3168728115
3180453384
3180867888
3180038880
3179137310
3171883490
3180660636
3180453384
3181696896
3180246132
3177686546
3180867888
3180453384
3180867888
3179417124
3167899107
3180038880
3180349758
3182111400
3178722806
3176028530
3181489644
3180557010
3179624376
3180971514
3172712498
3180453384
3181282392
3180453384
3178308302
3169557123
3179624376
3179935254
3181696896
3180246132
3174370514
3179313498
3179935254
3182111400
3177479294
3179137310
3178722806
3176028530
3179831628
3179313498
3176028530
3179831628
3179935254
3181489644
3179624376
3178308302
3179417124
3178515554
3180453384
3178722806
3171883490
3178515554
3179831628
3181282392
3180453384
3172712498
3179313498
3179313498
3180867888
3179417124
3167899107
3179624376
3178308302
3177479294
3179313498
3179728002
3182111400
3180867888
3169557123
3178930058
3180453384
3180453384
3178722806
3179313498
3180867888
3178722806
3167899107
3178515554
3180453384
3181489644
3180246132
3176028530
3179831628
3180453384
3180453384
3177893798
3172712498
3180038880
3179137310
3179137310
3179520750
3176028530
3180764262
3181178766
3180038880
3178515554
3180142506
3180453384
3179624376
3174370514
3180038880
3181282392
3180867888
3179137310
3167899107
3179624376
3179624376
3180038880
3180557010
3176028530
3179831628
3179728002
3179624376
3180038880
3176028530
3180453384
3180764262
3178308302
3178930058
3174370514
3180038880
3179417124
3178722806
3179831628
3177686546
3181282392
3180038880
3176235782
3179624376
3177686546
3180867888
3180038880
3180867888
3180971514
3171054482
3180246132
3179831628
3180867888
3179313498
3167899107
3180246132
3180660636
3180867888
3180038880
3169557123
3180453384
3180971514
3181696896
3179417124
3172712498
3180349758
3179624376
3180453384
3179417124
3176857538
3180867888
3180038880
3179313498
3180453384
3179831628
3180867888
3179935254
3169557123
3179728002
3179137310
3180660636
3179520750
3172712498
3179520750
3178930058
3180246132
3179417124
3179831628
3180867888
3180246132
3171054482
3180038880
3180453384
3180453384
3179520750
3177686546
3179831628
3179624376
3176650286
3179624376
3180038880
3180867888
3179137310
3175406774
3179137310
3180246132
3179831628
3178722806
3169557123
3179313498
3179520750
3182111400
3179137310
3176857538
3180349758
3179624376
3171883490
3178101050
3179520750
3180867888
3179137310
3176028530
3180764262
3179520750
3172712498
3179624376
3179137310
3180867888
3179417124
3174370514
3180453384
3179417124
3172712498
3179520750
3179137310
3180453384
3178930058
3167899107
3179624376
3179313498
3179137310
3179728002
3178515554
3180453384
3179624376
3174992270
3179137310
3179831628
3180764262
3179313498
3167899107
3179831628
3180246132
3180867888
3179520750
3176028530
3179935254
3179520750
3180453384
3179137310
3171054482
3179624376
3179313498
3180867888
3179137310
3171054482
3179137310
3179728002
3180867888
3179137310
3167899107
3179728002
3179137310
3180867888
3179137310
3172712498
3180453384
3179313498
3174370514
3178930058
3179935254
3180867888
3179624376
3167899107
3179417124
3179520750
3181696896
3179417124
3174370514
3180038880
3179728002
3174785018
3179520750
3179728002
3182940408
3179417124
3171054482
3180453384
3179417124
3176235782
3179417124
3180557010
3180867888
3179624376
3172712498
3180038880
3179417124
3180867888
3179831628
3172712498
3179935254
3180038880
3180867888
3179520750
3172712498
3180038880
3180142506
3180867888
3179417124
3172712498
3180142506
3179935254
3179137310
3179520750
3179624376
3180246132
3179624376
3173956010
3179624376
3179624376
3180867888
3179728002
3171054482
3179935254
3179624376
3180867888
3179728002
3171054482
3180246132
3179137310
3180867888
3179831628
3171054482
3179417124
3179313498
3180660636
3179417124
3176028530
3180038880
3179137310
3180660636
3179728002
3171054482
3179624376
3179417124
3179137310
3179417124
3172712498
3179728002
3179137310
3180867888
3179624376
3167899107
3179935254
3178101050
3180453384
3178930058
3175406774
3178515554
3171054482
3179417124
3179137310
3180867888
3178308302
3172712498
3179624376
3178308302
3180038880
3179137310
3175614026
3178722806
3176028530
3179831628
3179624376
3179137310
3179313498
3172712498
3179831628
3180038880
3180453384
3179313498
3167899107
3179137310
3179137310
3180867888
3179728002
3171054482
3179417124
3177893798
3180867888
3179520750
3171054482
3179624376
3179520750
3180867888
3179417124
3171054482
3178930058
3179137310
3180867888
3179137310
3173334254
3179417124
3179520750
3180764262
3179520750
3178308302
3179313498
3176028530
3179935254
3179624376
3180867888
3179624376
3167899107
3179417124
3179417124
3180867888
3179137310
3167899107
3179624376
3180246132
3180867888
3179624376
3172712498
3179831628
3179137310
3179624376
3178722806
3179313498
3180867888
3179624376
3173956010
3179520750
3179137310
3180867888
3180349758
3178515554
3179417124
3176028530
3180038880
3179624376
3180038880
3179313498
3174370514
3180453384
3179417124
3178722806
3179137310
3176028530
3180038880
3178722806
3180246132
3179137310
3171054482
3179728002
3179137310
3180867888
3179624376
3167899107
3179137310
3179624376
3180867888
3179137310
3173334254
3179313498
3179417124
3180453384
3178101050
3177479294
3179137310
3179935254
3180660636
3179417124
3172712498
3179137310
3179137310
3180867888
3179417124
3171054482
3179831628
3179624376
3180038880
3179520750
3176028530
3180038880
3179520750
3171468986
3179137310
3179417124
3180867888
3178930058
3172712498
3179137310
3178722806
3180660636
3179417124
3174370514
3179624376
3179137310
3167899107
3179313498
3179417124
3180453384
3179137310
3174370514
3179137310
3179137310
3176235782
3179137310
3178515554
3180453384
3179520750
3167899107
3179417124
3179624376
3180453384
3178722806
3167899107
3179417124
3179313498
3180867888
3178930058
3167899107
3179417124
3178722806
3180867888
3179313498
3172712498
3179520750
3179728002
3179137310
3178722806
3171054482
3179624376
3178515554
3176650286
3179137310
3178515554
3180660636
3179624376
3167899107
3179624376
3179624376
3180867888
3179313498
3171883490
3179520750
3179417124
3181696896
3179137310
3171054482
3179313498
3180453384
3180867888
3179728002
3171054482
3179417124
3179624376
3181696896
3179624376
3172712498
3178101050
3180971514
3180660636
3180142506
3173541506
3180038880
3180764262
3180660636
3180038880
3178930058
3178308302
3174370514
3181282392
3177686546
3180867888
3179935254
1019378721
3168313611
3185635009
3189243674
3189347300
3181489644
3187500277
3180971514
3184494799
3167899107
3174163262
3175614026
3167899107
3169971627
3159199860
3176650286
3171676238
3168313611
3171261734
3167899107
3174163262
3180038880
3180867888
3159199860
3167899107
3167899107
1006020444
3170800636
3172090742
3167899107
3174163262
3149360964
3170800636
3164997578
3167899107
3168728115
1010471742
3171676238
3168313611
3172505246
3164168570
1024710480
3154225812
3151018980
3172505246
3156712836
1019378721
1004362428
3169971627
3171676238
3155883828
993900344
974630368
1010471742
3160857876
984680816
984680816
1002704412
1019378721
3151018980
3154225812
984680816
3161686884
1022694753
1014616786
1011300754
984680816
3143045832
1016062689
3152677000
1001046396
1002704412
1016477193
1028026512
1020622233
1021865745
1016477193
1017306201
1014616786
3143045832
1028026512
1016477193
1024917734
1021451241
1025332236
1031343194
1011300754
1014616786
1023109257
1028648270
1033229005
1022694753
1023109257
1024088724
1024710480
1033229005
1023881472
1015648185
1002704412
1023109257
1032089119
1032296371
1027612008
1026575748
1025332236
1019793225
1026575748
1034472517
1029062774
1028026512
1025746740
1030306932
1028648270
1030928690
1033229005
1027612008
1031550446
1028233766
1029062774
1034472517
1030099680
1029270026
1032503623
1030721438
1030306932
1033747135
1032814501
1029892428
1031343194
1029062774
1029062774
1033229005
1032503623
1033229005
1031550446
1035197899
1036545037
1035405151
1035716029
1032710875
1035819655
1039861070
1036130533
1035716029
1034990647
1036130533
1035819655
1036441411
1039861070
1035819655
1036337785
1034161639
1036855916
1040853239
1036752289
1036234159
1036026907
1037684924
1037063168
1037581298
1041267743
1037581298
1038203054
1036648663
1038306680
1039239314
1038721184
1041267743
1038306680
1038203054
1036752289
1038824810
1041215930
1039342940
1039342940
1037892176
1039135688
1039135688
1038721184
1042304003
1039550192
1040956865
1039964696
1040905052
1041319556
1040335109
1040853239
1040068322
1040231483
1039135688
1038721184
1041112304
1037581298
1039861070
1041319556
1042252190
1040490548
1041164117
1042200377
1040697800
1042511255
1041941312
1042096751
1041319556
1040749613
1040490548
1040905052
1043340263
1040490548
1039861070
1038824810
1042304003
1042563068
1044531963
1042666694
1043340263
1044635589
1042718507
1043340263
1041526808
1042148564
1042252190
1041837686
1041112304
1041474995
1044169272
1042459442
1043340263
1041734060
1041734060
1040490548
1041837686
1046449206
1045101906
1046449206
1044739215
1043184824
1042407629
1042822133
1043806580
1044583776
1044169272
1042096751
1042977572
1042666694
1043443889
1043392076
1043858393
1046241954
1043340263
1043340263
1042459442
1042977572
1043702954
1045309158
1046086515
1044428337
1045827288
1045879101
1046086515
1043392076
1042718507
1043392076
1043910206
1044998280
1044117459
1044998280
1044221085
1044117459
1042666694
1043858393
1048107222
1047019148
1046138328
1044946467
1045982727
1045464597
1046501019
1048859741
1044946467
1043806580
1042822133
1044946467
1045309158
1045205532
1045827288
1044791028
1044272898
1043910206
1046863710
1049274245
1047951784
1046656458
1046190141
1046552832
1045464597
1046397393
1048859741
1047019148
1045412784
1044221085
1046345580
1046293767
1045671849
1048314474
1044687402
1045516410
1045671849
1047330026
1048366288
1047381840
1049274245
1048314474
1048314474
1046034702
1046552832
1046708271
1047951784
1048418100
1046449206
1048652489
1047122774
1047122774
1045050093
1045620036
1049248339
1046811897
1048833835
1048963367
1049351965
1048989274
1047537278
1049274245
1047174588
1048055410
1046708271
1048573540
1049585123
1048756115
1048756115
1048210848
1048600676
1047744530
1047226400
1048859741
1048885648
1049092900
1049533310
1049377871
1050517757
1049611030
1048055410
1048055410
1048626583
1049170619
1048262662
1048366288
1047537278
1049170619
1049740562
1049144713
1049481497
1049041087
1049144713
1048989274
1048989274
1049688749
1047848158
1048314474
1049507404
1050258692
1049921908
1049507404
1050725009
1049300152
1049688749
1049118806
1049999627
1049455591
1048652489
1049896001
1049507404
1048782022
1048678396
1049170619
1049559217
1048807928
1049274245
1049714656
1049455591
1049507404
1049973721
1050414131
1050077347
1050932261
1049740562
1049248339
1048782022
1048989274
1049844188
1049196526
1049274245
1049300152
1049636936
1049300152
1048782022
1049896001
1049326058
1050103253
1049533310
1049507404
1049403778
1050284599
1051450391
1050077347
1050517757
1048989274
1049429684
1048911554
1049585123
1048911554
1049792375
1050103253
1049351965
1049455591
1049481497
1050906355
1051061794
1051191326
1051346765
1049896001
1050750916
1050336412
1050180973
1050077347
1049377871
1049896001
1049870095
1049870095
1049403778
1049351965
1050725009
1049844188
1051165420
1051165420
1050647290
1050984074
1050647290
1050725009
1050440038
1050621383
1050543664
1051191326
1050932261
1050362318
1049921908
1049714656
1049559217
1050725009
1049015180
1050051440
1050025534
1050906355
1050750916
1051372672
1052175774
1050958168
1050440038
1050440038
1050543664
1050336412
1050517757
1051346765
1050414131
1049921908
1049714656
1050699103
1051554018
1051605831
1051113607
1051372672
1051579924
1052590278
1051579924
1051476298
1050958168
1050517757
1052175774
1050517757
1050336412
1050543664
1051554018
1051761270
1050595477
1051424485
1050647290
1050854542
1052175774
1051735363
1050543664
1050647290
1051398578
1052175774
1051165420
1050932261
1051217233
1051346765
1051165420
1050750916
1051346765
1050958168
1050595477
1050129160
1050621383
1052383026
1051320859
1051165420
1051579924
1050725009
1051476298
1051502204
1052175774
1050776822
1050750916
1051372672
1051735363
1051890802
1051424485
1052590278
1051217233
1051320859
1051579924
1051942615
1053004863
1052098054
1051139513
1051165420
1051372672
1051243139
1051890802
1051761270
1051709457
1051424485
1051269046
1052253493
1054248375
1052590278
1052201680
1051787176
1051838989
1052383026
1051942615
1052123961
1050750916
1051346765
1051476298
1051294952
1052175774
1051709457
1051579924
1051579924
1051087700
1052175774
1052408932
1052512558
1051994428
1052512558
1052823517
1052590278
1052590278
1052305306
1052201680
1050958168
1050958168
1051916709
1051683550
1052175774
1051605831
1051657644
1050750916
1051165420
1053419367
1052590278
1052175774
1051994428
1052771704
1051787176
1052149867
1052590278
1052408932
1052201680
1051061794
1052357119
1052331213
1051657644
1052590278
1051864896
1051372672
1050958168
1052564371
1053056676
1052823517
1053730245
1052616265
1051994428
1051372672
1051890802
1052098054
1051968522
1053419367
1052434839
1052383026
1051942615
1051994428
1051787176
1051968522
1051838989
1051320859
1053212115
1052408932
1052719891
1052616265
1053238021
1052719891
1052175774
1052590278
1052020335
1052149867
1051787176
1052305306
1053315741
1052564371
1053212115
1052486652
1052408932
1051994428
1052253493
1052590278
1051683550
1051864896
1051683550
1052927143
1053030769
1052590278
1053419367
1052745798
1052357119
1051994428
1052719891
1054041123
1052590278
1052098054
1051631737
1052098054
1052564371
1052149867
1052383026
1051890802
1051787176
1051579924
1051942615
1053419367
1052978956
1052668078
1051890802
1052564371
1053108489
1052978956
1053626619
1052538465
1052227587
1051942615
1051890802
1053212115
1052201680
1052149867
1051787176
1052149867
1052590278
1051994428
1051942615
1051787176
1052072148
1053782058
1052408932
1052098054
1051787176
1051942615
1053212115
1051735363
1052098054
1051217233
1051787176
1052486652
1052175774
1052175774
1051942615
1052408932
1053212115
1052253493
1051942615
1051787176
1052149867
1052253493
1051709457
1052175774
1051683550
1051683550
1051631737
1051813083
1052590278
1051890802
1052616265
1051476298
1052201680
1052590278
1051942615
1051968522
1051735363
1051631737
1051787176
1051916709
1051968522
1051605831
1051942615
1052201680
1051916709
1052590278
1052020335
1052175774
1052253493
1052227587
1052098054
1051787176
1052305306
1052538465
1052175774
1052305306
1052201680
1052305306
1052590278
1052564371
1052408932
1051890802
1051994428
1053730245
1052201680
1052434839
1051787176
1052538465
1052590278
1052098054
1052408932
1052072148
1051864896
1052383026
1051579924
1051838989
1052486652
1052098054
1051864896
1051813083
1052331213
1052201680
1052227587
1052590278
1051890802
1052149867
1051787176
1052460745
1052590278
1051683550
1051787176
1051372672
1052072148
1052590278
1051916709
1051994428
1051631737
1051968522
1052590278
1051787176
1051502204
1051165420
1051450391
1052175774
1051502204
1051605831
1051165420
1052512558
1053419367
1051838989
1051994428
1051372672
1051787176
1052383026
1051838989
1052020335
1051709457
1051735363
1051787176
1051502204
1051761270
1051009981
1050880448
1051165420
1051942615
1052590278
1051890802
1052383026
1051579924
1051709457
1051787176
1051813083
1052590278
1051657644
1051761270
1051217233
1051579924
1050958168
1051269046
1052175774
1051165420
1051787176
1051424485
1051813083
1051994428
1052046241
1052590278
1051683550
1051398578
1051165420
1051709457
1052590278
1051502204
1051554018
1051165420
1051528111
1051061794
1051372672
1052590278
1051502204
1051346765
1050958168
1051605831
1052486652
1051476298
1051424485
1051113607
1051579924
1051579924
1051554018
1052175774
1051502204
1051631737
1051061794
1051476298
1052590278
1051476298
1051761270
1051372672
1051787176
1050958168
1051269046
1052590278
1051217233
1051243139
1050802729
1051424485
1052175774
1051243139
1050958168
1050958168
1051476298
1051890802
1051035887
1051191326
1051009981
1051217233
1051735363
1051269046
1051061794
1050854542
1051165420
1051191326
1050802729
1051554018
1050854542
1050802729
1050647290
1050699103
1051761270
1050699103
1050802729
1050543664
1050802729
1052072148
1050828635
1050699103
1050336412
1050647290
1051554018
1050750916
1050776822
1050180973
1050699103
1050880448
1050517757
1051554018
1050569570
1050232786
1050232786
1050440038
1050776822
1050699103
1051761270
1050828635
1050932261
1050232786
1049947814
1050725009
1050129160
1049999627
1049818282
1049973721
1049921908
1050025534
1050932261
1050543664
1050750916
1049973721
1050465944
1051709457
1050880448
1050802729
1049973721
1049740562
1050414131
1049921908
1049896001
1049559217
1049896001
1049818282
1049740562
1050310505
1050517757
1050854542
1049921908
1050206879
1051346765
1050129160
1050673196
1049921908
1049973721
1050932261
1049274245
1050103253
1049611030
1049481497
1049300152
1049248339
1049688749
1050025534
1050414131
1049973721
1049766469
1049766469
1050025534
1050828635
1049792375
1049740562
1049351965
1049766469
1050310505
1049766469
1050517757
1049300152
1049351965
1048885648
1049092900
1049688749
1048782022
1049688749
1049870095
1049248339
1048678396
1049611030
1050517757
1049248339
1049066993
1048600676
1048807928
1048159036
1048730209
1049688749
1048730209
1049066993
1048573540
1048262662
1048678396
1049144713
1048366288
1048469914
1050103253
1049092900
1049688749
1048730209
1048469914
1047848158
1048678396
1048366288
1048366288
1049585123
1048937461
1049274245
1048262662
1048989274
1048366288
1048833835
1049092900
1048704302
1049688749
1047951784
1048314474
1048600676
1047744530
1047122774
1048885648
1048833835
1047692718
1049274245
1048859741
1047640904
1047122774
1048885648
1048937461
1047744530
1049274245
1048833835
1048885648
1047330026
1047330026
1047744530
1045982727
1048652489
1047226400
1047278214
1048003596
1048885648
1047537278
1048573540
1049041087
1048600676
1049688749
1048730209
1046397393
1046293767
1046708271
1048159036
1047640904
1048859741
1046915522
1047381840
1046708271
1048626583
1049999627
1047070962
1047744530
1046708271
1048573540
1048937461
1048159036
1049066993
1046241954
1045412784
1046915522
1047640904
1046086515
1045982727
1048314474
1044842841
1047485466
1047433652
1047537278
1046708271
1046656458
1048652489
1046760084
1046863710
1046915522
1047122774
1045879101
1044894654
1047485466
1045257345
1044998280
1044842841
1044739215
1044221085
1046708271
1049066993
1047330026
1046241954
1046501019
1047589092
1045879101
1046708271
1048859741
1046604645
1046552832
1045050093
1047019148
1047381840
1046760084
1046241954
1044842841
1044791028
1044428337
1044635589
1046656458
1046811897
1046863710
1044428337
1045879101
1049066993
1045412784
1045309158
1045568223
1045050093
1045620036
1044687402
1045723662
1043806580
1044117459
1044221085
1043858393
1044998280
1043288450
1043547515
1043806580
1044531963
1046241954
1043806580
1044013833
1044013833
1044635589
1044324711
1045257345
1046656458
1044428337
1044324711
1042770320
1043806580
1044687402
1042563068
1044583776
1044791028
1042666694
1042977572
1045464597
1046656458
1045101906
1044583776
1045050093
1046138328
1043702954
1042718507
1044583776
1041889499
1043184824
1042355816
1043081198
1043806580
1043547515
1043340263
1042148564
1042459442
1041785873
1042977572
1044791028
1043547515
1045827288
1043599328
1042563068
1041734060
1042148564
1043340263
1041112304
1043340263
1043081198
1042511255
1041785873
1042511255
1042770320
1042873946
1044998280
1042614881
1041941312
1041474995
1042407629
1042770320
1041993125
1041474995
1041474995
1041993125
1040956865
1041941312
1044583776
1041630434
1040490548
1040905052
1041993125
1042355816
1041682247
1042096751
1041319556
1041578621
1041319556
1041578621
1043340263
1041526808
1041112304
1040594174
1041371369
1043340263
1041474995
1040697800
1040905052
1039964696
1042873946
1040490548
1041267743
1039342940
1040171948
1040490548
1038099428
1043340263
1040171948
1039550192
1038721184
1040749613
1041474995
1040386922
1041060491
1036959542
1038513932
1041371369
1040068322
1039861070
1040335109
1039861070
1040438735
1038721184
1039861070
1038928436
1040645987
1041682247
1037270420
1036545037
1036648663
1039135688
1037477672
1038099428
1039861070
1035301525
1040335109
1039964696
1038306680
1041682247
1039653818
1037892176
1037477672
1040068322
1041630434
1036648663
1035612403
1032918127
1036648663
1036234159
1035094273
1040853239
1037995802
1036441411
1036234159
1036545037
1038721184
1035197899
1041267743
1035819655
1038721184
1034990647
1035612403
1040438735
1035612403
1038203054
1032918127
1032710875
1033332631
1032710875
1039032062
1035301525
1032089119
1034161639
1035819655
1039861070
1035819655
1037477672
1033539883
1035819655
1035197899
1035094273
1033229005
1034161639
1033125379
1036337785
1034265265
1035716029
1033332631
1034161639
1033539883
1034265265
1036545037
1033332631
1032607249
1029892428
1030306932
1036545037
1035612403
1034368891
1029062774
1032710875
1034576143
1033850761
1036545037
1035094273
1035405151
1026575748
1024917734
1033229005
1033332631
1032607249
1030306932
1031881867
1027404756
1028441018
1036545037
1032296371
1032918127
1031550446
1034679769
1037788550
1027819260
1024503228
1028233766
1031135942
1032503623
1031881867
1036545037
1031985493
1028233766
1024088724
1031550446
1035716029
1028855522
1033229005
1032918127
1032089119
1024917734
1028441018
1033229005
1026161244
1028026512
1023881472
1023881472
1019793225
1024088724
1025746740
1024503228
1032814501
1026990252
1033229005
1024710480
1026161244
1019793225
1024295976
1026990252
1022280249
1031343194
1018135209
1025332236
1014616786
1025953992
1020622233
1025539488
1032399997
1027819260
1025539488
1024917734
1015233681
1021451241
1009642734
1017306201
1023109257
1028026512
1011300754
1013787778
3108691072
1017306201
1031343194
1026161244
1026368496
974630368
3146044932
1006020444
3143045832
1016062689
1017306201
1019378721
1015648185
1019793225
1014616786
1017306201
1008813726
1007155710
1024710480
1006020444
1015233681
1014616786
1023109257
1020622233
993900344
1016062689
3143045832
3158370852
3167484603
3157541844
1019378721
3147702948
984680816
3165826587
3155883828
1015648185
3159199860
3128761376
3154225812
3149360964
3167484603
3163754066
1009642734
3139729800
1024710480
1006020444
3139729800
3167484603
1008813726
1019378721
3164168570
3167899107
3171676238
3155883828
3167070099
3167899107
1018549713
3147702948
3128761376
3155054820
3155883828
3163339562
3154225812
3143045832
3162510554
1019378721
3159199860
3167899107
3167484603
3170800636
3162510554
3172505246
3167899107
3151018980
990584312
3173541506
3151018980
1019378721
3172090742
3174992270
3172505246
3168313611
3167899107
3168728115
3163754066
3172297994
3170800636
3155883828
3159199860
3152677000
3159199860
3168728115
3167899107
3172919750
3171054482
3177064790
3174785018
3172505246
3173956010
3174577766
3172505246
3172712498
3167899107
3168313611
3167899107
3170800636
3155883828
3170800636
3168313611
999388380
3172297994
3171468986
3179137310
3174785018
3177479294
3177064790
3167899107
3176650286
3167899107
3178722806
3167899107
3167899107
3167899107
3171261734
3175821278
3174992270
3169142619
3176028530
3172712498
3176650286
3177479294
3179137310
3178930058
3171054482
3176857538
3176857538
3175821278
3175406774
3174992270
3177686546
3167899107
3174163262
3176650286
3177064790
3175406774
3167899107
3178308302
3176028530
3177064790
3176235782
3178308302
3178515554
3167899107
3170800636
3169557123
3180246132
3177479294
3173541506
3181075140
3181075140
3175406774
3167899107
3179137310
3182422278
3180038880
3181696896
3180867888
3180867888
3167899107
3177064790
3180660636
3179137310
3171468986
3174163262
3185842261
3181800522
3183354912
3182422278
3175821278
3176650286
3185013252
3176235782
3167899107
3176650286
3173541506
3179137310
3185531383
3176857538
3180142506
3180971514
3179831628
3181075140
3185842261
3184702051
3167899107
3161686884
3172712498
3188155601
3177272042
3175406774
3181282392
3167899107
3179417124
3185945887
3183354912
3186049513
3174992270
3184805677
3167899107
3185116878
3186671269
3179624376
3183044034
3167899107
3173541506
3184183920
3182111400
3174163262
3171676238
3185531383
3188673731
3183354912
3179728002
3188414666
3189450927
3172712498
3176650286
3189243674
3185842261
3179137310
3188829170
3189658179
3187603903
3189865431
3174785018
3190487187
3190020870
3171468986
3187948349
3187603903
3189243674
3190279935
3190798065
3186878521
3183458538
3189450927
3187603903
3186464017
3173956010
3177272042
3168313611
3169971627
3188000162
3167899107
3173956010
3181800522
3180038880
3178930058
3179831628
3179728002
3169557123
3179137310
3176857538
3180038880
3179137310
3180867888
3179137310
3172712498
3179417124
3179935254
3180038880
3180246132
3180764262
3179831628
3169557123
3179520750
3180246132
3180660636
3179137310
3174370514
3179137310
3179313498
3179728002
3179417124
3180453384
3178722806
3167899107
3179520750
3179137310
3180867888
3179137310
3179137310
3179313498
3167899107
3179137310
3179520750
3179831628
3179313498
3180867888
3179624376
3167899107
3180971514
3178515554
3179831628
3179417124
3180453384
3179417124
3169557123
3178308302
3179137310
3180867888
3178722806
3179624376
3178722806
3167899107
3179313498
3179137310
3179417124
3179137310
3180453384
3179137310
3167899107
3178515554
3178515554
3179417124
3178930058
3180453384
3179137310
3173541506
3179417124
3172712498
3178515554
3179417124
3180038880
3178308302
3179137310
3178930058
3171676238
3178722806
3167899107
3178515554
3177686546
3180038880
3178515554
3180867888
3178515554
3179137310
3178722806
3167899107
3178101050
3176028530
3179417124
3178722806
3180038880
3179137310
3178308302
3178515554
3171054482
3178722806
3176028530
3179137310
3179520750
3180867888
3179313498
3180038880
3178515554
3167899107
3178930058
3179313498
3180453384
3179137310
3180453384
3179417124
3173748758
3178930058
3172712498
3179624376
3179137310
3180453384
3179137310
3179935254
3178722806
3172712498
3178930058
3176028530
3178930058
3179417124
3180867888
3179137310
3178722806
3179624376
3167899107
3178308302
3179313498
3179831628
3177686546
3180867888
3179624376
3167899107
3179624376
3179728002
3180660636
3179137310
3180038880
3179417124
3169557123
3178308302
3179935254
3179935254
3179137310
3180867888
3178930058
3174785018
3179520750
3172712498
3179417124
3179624376
3180660636
3179520750
3179417124
3179137310
3167899107
3179624376
3179417124
3180038880
3178722806
3180867888
3179624376
3177893798
3179520750
3171054482
3178722806
3178515554
3180453384
3179137310
3180764262
3178930058
3176235782
3179624376
3172712498
3179624376
3179137310
3180867888
3179417124
3177064790
3178308302
3176028530
3179831628
3179313498
3180867888
3179520750
3174785018
3179137310
3173541506
3179137310
3179624376
3180867888
3179137310
3173541506
3179313498
3179313498
3180246132
3180038880
3180453384
3179137310
3167899107
3179137310
3179137310
3180660636
3179137310
3178722806
3179137310
3172712498
3179313498
3179935254
3180453384
3179417124
3177893798
3179137310
3167899107
3178930058
3178930058
3179137310
3179137310
3179624376
3178930058
3167899107
3179313498
3178930058
3180660636
3179137310
3180038880
3178722806
3171054482
3179624376
3179624376
3180867888
3179417124
3173541506
3178722806
3176028530
3179520750
3179417124
3180867888
3179728002
3179137310
3179137310
3169557123
3179624376
3179624376
3180867888
3177893798
3180038880
3179313498
3169557123
3179728002
3179417124
3180867888
3179417124
3180867888
3179137310
3172712498
3179137310
3167899107
3179417124
3179624376
3180557010
3179137310
3180867888
3179417124
3171883490
3179137310
3177686546
3180142506
3179520750
3180867888
3179137310
3172712498
3179831628
3179137310
3180867888
3178722806
3180038880
3179520750
3172712498
3179624376
3179728002
3180453384
3179137310
3177272042
3179624376
3167899107
3179137310
3180038880
3181696896
3178308302
3171054482
3179624376
3179417124
3180867888
3179313498
3177479294
3179520750
3176028530
3180246132
3180038880
3181696896
3179728002
3173748758
3179137310
3176028530
3180038880
3179520750
3180453384
3179137310
3167899107
3179624376
3179624376
3181904148
3178930058
3173541506
3179313498
3178515554
3180246132
3179137310
3178308302
3179417124
3179137310
3180867888
3179417124
3176650286
3179137310
3176028530
3180453384
3179624376
3181696896
3178930058
3167899107
3179417124
3179137310
3180867888
3178308302
3171883490
3178722806
3179417124
3180764262
3179137310
3180038880
3179137310
3171054482
3179728002
3178101050
3180867888
3179137310
3177479294
3179624376
3176028530
3179624376
3178722806
3180867888
3179313498
3179137310
3179137310
3171054482
3179137310
3177686546
3180038880
3178722806
3180867888
3179137310
3172712498
3179313498
3177686546
3180038880
3179624376
3180867888
3180246132
3168728115
3179831628
3180038880
3180867888
3179313498
3180867888
3179624376
3171054482
3179624376
3179728002
3181696896
3179137310
3178308302
3179624376
3177686546
3178930058
3179935254
3180867888
3179624376
3174370514
3180246132
3177893798
3180349758
3179624376
3180660636
3179831628
3172712498
3180349758
3176028530
3180867888
3179831628
3182525904
3179137310
3179137310
3179624376
3171054482
3180453384
3180764262
3181489644
3179624376
3180453384
3179624376
3167899107
3180038880
3180453384
3181282392
3179624376
3179313498
3180246132
3172712498
3180660636
3179417124
3182525904
3179417124
3179417124
3180453384
3172712498
3180764262
3179624376
3182111400
3179624376
3180038880
3179624376
3172712498
3180038880
3181282392
3181696896
3180246132
3180764262
3180038880
3167899107
3179417124
3179728002
3181282392
3179137310
3180867888
3180764262
3179137310
3179137310
3171054482
3179728002
3180038880
3182111400
3179831628
3180453384
3180453384
3167899107
3179624376
3179137310
3181696896
3179520750
3178308302
3178930058
3178515554
3180246132
3180246132
3180867888
3179520750
3172712498
3180557010
3179137310
3181282392
3179137310
3179417124
3179417124
3172712498
3179831628
3179728002
3182525904
3180453384
3172712498
3178308302
3179417124
3180867888
3179935254
3176028530
3179831628
3179728002
3181282392
3180453384
3180867888
3179313498
3167899107
3180038880
3179728002
3181904148
3180038880
3181696896
3180349758
3172712498
3178930058
3179831628
3180867888
3180867888
3167899107
3180557010
3180867888
3182111400
3180764262
3172712498
3180557010
3180660636
3182318652
3179313498
3171054482
3179520750
3180557010
3182422278
3180349758
3176028530
3180453384
3180246132
3180867888
3180660636
3180867888
3180557010
3172712498
3180246132
3179831628
3182318652
3180453384
3176028530
3180557010
3180557010
3181696896
3180764262
3181282392
3180246132
3172712498
3180453384
3180246132
3180867888
3180246132
3181282392
3180453384
3172712498
3180453384
3180867888
3180867888
3180557010
3176235782
3181075140
3180971514
3181489644
3180453384
3180038880
3180349758
3176857538
3181386018
3180867888
3180867888
3180867888
3176028530
3180660636
3180453384
3181696896
3180142506
3171054482
3180764262
3180453384
3182111400
3180660636
3172712498
3180453384
3180660636
3182525904
3180867888
3172712498
3180971514
3180038880
3181696896
3180557010
3172712498
3180764262
3180142506
3180867888
3181178766
3176650286
3180867888
3179313498
3181282392
3180660636
3182111400
3180660636
3171054482
3179417124
3179831628
3180867888
3181282392
3178515554
3180038880
3179313498
3180660636
3180453384
3182318652
3180660636
3172712498
3180867888
3179624376
3180453384
3179624376
3171054482
3180867888
3180764262
3181696896
3180557010
3179137310
3180453384
3179313498
3180867888
3180764262
3180867888
3180453384
3176028530
3180971514
3180038880
3180867888
3180246132
3173541506
3180557010
3180246132
3181489644
3180660636
3180867888
3180971514
3172712498
3180867888
3180660636
3180867888
3180557010
3181696896
3180660636
3173541506
3181282392
3179313498
3181282392
3180246132
3182111400
3180246132
3171054482
3180142506
3179313498
3180867888
3180557010
3180038880
3180764262
3172712498
3179831628
3180349758
3181282392
3179831628
3178722806
3180453384
3172712498
3180349758
3180453384
3181696896
3180349758
3175199522
3179417124
3179728002
3180867888
3181489644
3180867888
3180453384
3172712498
3180246132
3179831628
3180867888
3180867888
3174785018
3180660636
3180142506
3181696896
3180246132
3180867888
3180246132
3172712498
3180038880
3179313498
3181696896
3179831628
3179137310
3180453384
3172712498
3180142506
3180764262
3181696896
3179520750
3173127002
3179624376
3180038880
3181593270
3180453384
3174370514
3179417124
3180038880
3182111400
3180453384
3176650286
3180349758
3180142506
3180867888
3180453384
3181489644
3180246132
3172712498
3180557010
3180453384
3182111400
3180038880
3174370514
3180453384
3180142506
3181489644
3180246132
3180453384
3180660636
3172712498
3180453384
3180660636
3182111400
3180557010
3178930058
3180660636
3176028530
3180246132
3180764262
3181696896
3180246132
3180867888
3180453384
3176028530
3180246132
3177686546
3180453384
3180142506
3182525904
3180453384
3175406774
3179935254
3179935254
3181178766
3180038880
3181696896
3180557010
3172712498
3180349758
3179313498
3181696896
3180246132
3181696896
3180246132
3172919750
3180038880
3180349758
3181075140
3179624376
3180867888
3180660636
3176028530
3180867888
3179624376
3182111400
3180660636
3172712498
3180142506
3180142506
3181489644
3179935254
3182111400
3180142506
3172712498
3180246132
3180142506
3180453384
3180246132
3182111400
3180038880
3180038880
3180038880
3172712498
3179831628
3179935254
3182111400
3179624376
3181696896
3179624376
3167899107
3179313498
3179313498
3182111400
3179520750
3180867888
3180142506
3174370514
3180246132
3179313498
3180867888
3179137310
3180867888
3180453384
3178308302
3180038880
3172712498
3180038880
3180038880
3182111400
3178722806
3176650286
3179520750
3172712498
3180867888
3179520750
3180867888
3178308302
3178930058
3178722806
3167899107
3179137310
3181386018
3181386018
3180038880
3180038880
3180142506
3180038880
3180453384
3171054482
3178101050
3180349758
3181696896
3178101050
3180867888
3179831628
3171054482
3180867888
3179728002
3181282392
3179417124
3181696896
3178308302
3167899107
3179624376
3179831628
3182318652
3180453384
3174785018
3180246132
3176028530
3179728002
3179520750
3182111400
3178930058
3178101050
3180142506
3179313498
3180867888
3179935254
3181489644
3179624376
3171054482
3180557010
3180453384
3182525904
3180038880
3172712498
3180246132
3179313498
3180453384
3180453384
3181696896
3179624376
3167899107
3180038880
3180349758
3181593270
3180453384
3180453384
3180764262
3172712498
3180038880
3179624376
3182111400
3178930058
3174370514
3180038880
3181178766
3180038880
3180453384
3180246132
3180142506
3176028530
3180142506
3179137310
3180867888
3180246132
3176028530
3179417124
3180038880
3182525904
3177479294
3172712498
3179728002
3179520750
3181489644
3180557010
3177479294
3178308302
3172712498
3179417124
3179831628
3182318652
3180349758
3176235782
3179520750
3179728002
3180867888
3178722806
3180867888
3180246132
3171054482
3180349758
3180867888
3180038880
3179137310
3181489644
3179624376
3171054482
3179313498
3177686546
3180246132
3180038880
3179935254
3180246132
3172712498
3179624376
3178308302
3180867888
3179137310
3171054482
3177893798
3179137310
3180453384
3179137310
3174370514
3180142506
3180349758
3181696896
3169142619
3177893798
3178308302
3174370514
3180246132
3178930058
3180038880
3178930058
3171054482
3179137310
3179831628
3180867888
3180453384
3172712498
3179137310
3178308302
3180764262
3180246132
3167899107
3179137310
3180038880
3180867888
3180246132
3176028530
3179624376
3179624376
3180867888
3178722806
3179624376
3179728002
3167899107
3180246132
3180971514
3181489644
3178308302
3177064790
3180142506
3176857538
3180038880
3180246132
3180867888
3180038880
3172712498
3179624376
3179935254
3181696896
3178308302
3172712498
3179313498
3179137310
3180867888
3180246132
3180038880
3180246132
3173541506
3179417124
3179935254
3180867888
3180038880
3172712498
3179417124
3180349758
3182111400
3180867888
3176857538
3179137310
3174370514
3179728002
3179728002
3180660636
3179417124
3172712498
3180349758
3180764262
3179624376
3180349758
3180867888
3179728002
3172712498
3180453384
3181282392
3180453384
3179137310
3177479294
3179417124
3177686546
3180349758
3179624376
3180867888
3179935254
3172712498
3180038880
3180453384
3181696896
3181282392
3171054482
3179624376
3179137310
3180867888
3179624376
3169557123
3179624376
3179520750
3180867888
3179520750
3175199522
3179137310
3177893798
3180764262
3179417124
3174370514
3179137310
3179137310
3180867888
3179137310
3173127002
3179137310
3179417124
3180867888
3179137310
3171054482
3179520750
3179417124
3180867888
3179520750
3176650286
3179728002
3177686546
3180349758
3179137310
3180453384
3179520750
3171054482
3179935254
3179624376
3179624376
3179137310
3176028530
3180038880
3178722806
3178308302
3179313498
3179417124
3180764262
3179313498
3172712498
3179624376
3179624376
3180867888
3179624376
3167899107
3179520750
3179313498
3180867888
3179137310
3169557123
3180038880
3179137310
3180867888
3178722806
3171054482
3179624376
3179417124
3180867888
3179417124
3167899107
3178722806
3178101050
3180867888
3179137310
3167899107
3180038880
3179624376
3180867888
3179624376
3175199522
3179935254
3179313498
3180453384
3179137310
3180660636
3179417124
3167899107
3179624376
3179624376
3180453384
3178722806
3175614026
3179624376
3177272042
3180142506
3179313498
3180660636
3179624376
3167899107
3179624376
3180038880
3180867888
3179831628
3171054482
3179417124
3179831628
3180660636
3179417124
3175406774
3179728002
3179313498
3180867888
3179417124
3179137310
3179624376
3176028530
3180867888
3179624376
3178308302
3179137310
3176028530
3180557010
3179728002
3180453384
3179624376
3172712498
3180038880
3179313498
3180867888
3179935254
3169557123
3180038880
3179831628
3180867888
3179831628
3175199522
3179728002
3172712498
3180038880
3179624376
3181696896
3179624376
3172712498
3179313498
3179624376
3180764262
3179831628
3179624376
3180038880
3174370514
3180142506
3179137310
3180867888
3179935254
3171054482
3179831628
3179935254
3181696896
3179624376
3171054482
3179624376
3176857538
3179831628
3180038880
3180867888
3179137310
3167899107
3179417124
3179417124
3180349758
3179417124
3171883490
3179137310
3178930058
3180038880
3179137310
3179137310
3178930058
3172712498
3179137310
3178722806
3180557010
3179831628
3177479294
3178101050
3167899107
3178308302
3178308302
3179831628
3178515554
3180038880
3178308302
3167899107
3178515554
3178515554
3179624376
3178515554
3180038880
3178308302
3171054482
3178308302
3179137310
3179728002
3178722806
3179417124
3179137310
3167899107
3179624376
3179137310
3180246132
3179137310
3180038880
3178930058
3167899107
3179137310
3178930058
3180867888
3179137310
3176650286
3178515554
3176028530
3180453384
3179137310
3180038880
3179417124
3167899107
3179417124
3179624376
3180867888
3179624376
3176235782
3179520750
3171054482
3179831628
3179624376
3180660636
3179520750
3175821278
3178930058
3172712498
3179728002
3179417124
3180867888
3179520750
3172712498
3179624376
3179520750
3180867888
3179624376
3176443034
3179831628
3176028530
3180038880
3179520750
3180867888
3179520750
3172712498
3180038880
3179417124
3180867888
3179624376
3167899107
3179624376
3179728002
3180660636
3179831628
3180038880
3178930058
3172712498
3179831628
3179520750
3180867888
3179313498
3172712498
3179417124
3176028530
3180038880
3178930058
3180867888
3179313498
3169557123
3179137310
3179831628
3180867888
3179831628
3180453384
3179728002
3169557123
3179313498
3179520750
3180867888
3179137310
3180453384
3179313498
3171054482
3179137310
3179624376
3180867888
3179624376
3173127002
3178930058
3174370514
3180038880
3178308302
3180038880
3178930058
3176028530
3179831628
3178930058
3180867888
3179624376
3167899107
3179520750
3178930058
3180867888
3179624376
3171676238
3179313498
3179520750
3180453384
3179137310
3174577766
3179417124
3177686546
3180453384
3179417124
3175406774
3178722806
3177686546
3180246132
3178930058
3179137310
3178930058
3176028530
3179624376
3180038880
3180038880
3179520750
3171054482
3179520750
3178930058
3180867888
3179137310
3178308302
3179417124
3176028530
3179417124
3180142506
3180867888
3179520750
3172712498
3179624376
3177479294
3180660636
3179624376
3177479294
3178930058
3176028530
3180038880
3179728002
3180453384
3179624376
3171054482
3179624376
3178722806
3180867888
3179520750
3169557123
3179313498
3179728002
3180867888
3179624376
3178930058
3178101050
3176028530
3180038880
3180453384
3180660636
3179624376
3171054482
3180142506
3179137310
3181696896
3179831628
3176028530
3179313498
3176028530
3179831628
984680816
3188414666
3164168570
3180971514
3180867888
3167899107
3180867888
999388380
3185013252
1018135209
3182007774
984680816
3182629530
3190228122
3184598425
3190487187
3184391173
3180867888
3179831628
3167899107
3169142619
3172505246
3176650286
3170800636
3171261734
3167899107
3167899107
3173541506
3179831628
3179137310
3168728115
3174992270
3174992270
3167899107
3173541506
3173956010
3174992270
3169971627
3173334254
3169971627
3167899107
3175821278
3170386132
3151018980
1002704412
1019378721
3167899107
3128761376
3167070099
3167899107
3170800636
3157541844
1017306201
3162925058
3128761376
3143045832
3146044932
3155883828
3155054820
3165826587
3169971627
1010471742
3135488144
990584312
3159199860
3155883828
3147702948
3163339562
3167899107
3168728115
1011300754
3151018980
3135488144
1019378721
1011300754
1011300754
3155883828
3158370852
1010471742
3128761376
1010471742
3151018980
1006020444
3163339562
993900344
1022694753
3155054820
3146044932
1016062689
1016477193
1007984718
1011300754
1026368496
999388380
3149360964
3155883828
3151018980
3157541844
1011300754
1028026512
1021451241
1025332236
984680816
1012129762
3147702948
1023109257
1032399997
1021036737
1013787778
1011300754
1023109257
1004362428
1018964217
1012958770
1021451241
1023674220
1015233681
1026368496
1021451241
1021451241
1016477193
1024088724
1025539488
1027612008
1033229005
1027819260
1025124984
1025332236
1026161244
1023109257
1024295976
1030514186
1024917734
1028026512
1027404756
1027404756
1024917734
1029685176
1028233766
1027404756
1033229005
1026575748
1026575748
1024088724
1028648270
1032607249
1029477924
1033229005
1030928690
1031757698
1029892428
1032192745
1031550446
1031985493
1036545037
1031881867
1031757698
1031550446
1032399997
1030306932
1032503623
1032918127
1032503623
1036545037
1032918127
1036545037
1032918127
1033539883
1031550446
1033643509
1033332631
1033954387
1038203054
1033954387
1034058013
1033539883
1034161639
1033436257
1035508777
1039446566
1034990647
1034887021
1034472517
1035405151
1033436257
1035923281
1038203054
1035819655
1039861070
1036026907
1035819655
1034783395
1034990647
1033747135
1034887021
1037063168
1033643509
1038203054
1033747135
1034990647
1035819655
1036337785
1034368891
1036337785
1038410306
1039550192
1042304003
1036855916
1038203054
1035612403
1035923281
1034990647
1036026907
1033747135
1034368891
1036441411
1039446566
1042925759
1040283296
1038099428
1038513932
1038721184
1037063168
1038721184
1041682247
1039861070
1039032062
1034990647
1035612403
1037063168
1038721184
1041267743
1038721184
1039032062
1037063168
1037581298
1036648663
1039653818
1040283296
1039446566
1042511255
1039964696
1041734060
1040905052
1038099428
1038099428
1039135688
1039861070
1038099428
1039757444
1038306680
1040542361
1041526808
1039964696
1041682247
1040283296
1040335109
1038306680
1041164117
1041112304
1042304003
1044583776
1041008678
1040335109
1040490548
1040905052
1039135688
1040956865
1043340263
1041008678
1040801426
1040283296
1040171948
1038721184
1041008678
1043340263
1041734060
1041526808
1041112304
1042252190
1044687402
1042148564
1040853239
1040490548
1041630434
1041319556
1042252190
1044583776
1041630434
1041682247
1039964696
1041112304
1042563068
1044428337
1045827288
1042148564
1042563068
1041734060
1042459442
1041837686
1043806580
1044065646
1041319556
1042304003
1041941312
1042666694
1041734060
1041734060
1043029385
1042666694
1046656458
1044791028
1043236637
1043392076
1044791028
1042563068
1042666694
1045412784
1044324711
1044221085
1042563068
1044065646
1043392076
1043288450
1045827288
1042511255
1041734060
1041319556
1043081198
1044998280
1045257345
1046241954
1045050093
1046190141
1044221085
1044635589
1046656458
1045101906
1045205532
1045050093
1044687402
1044842841
1044635589
1044998280
1042873946
1042148564
1042770320
1044635589
1046656458
1045464597
1046552832
1045050093
1045879101
1045360971
1044531963
1045827288
1045050093
1045827288
1045879101
1045568223
1047278214
1045153719
1043754767
1044635589
1043443889
1043392076
1043495702
1044998280
1046656458
1047174588
1044221085
1045568223
1045257345
1045775475
1047485466
1046086515
1045309158
1043547515
1044221085
1045360971
1044894654
1044998280
1044428337
1045153719
1044635589
1044842841
1046656458
1045568223
1045309158
1045464597
1046086515
1047019148
1047433652
1047899970
1045101906
1044531963
1044013833
1044842841
1045257345
1045464597
1046656458
1045309158
1045153719
1044635589
1044687402
1045257345
1044635589
1047899970
1045257345
1046345580
1045671849
1045671849
1045516410
1045464597
1047485466
1045205532
1045827288
1045050093
1044946467
1045879101
1044687402
1046656458
1047226400
1045930914
1047122774
1047174588
1047122774
1046708271
1048652489
1047848158
1046604645
1044739215
1045671849
1048314474
1046397393
1045153719
1045879101
1044791028
1046449206
1045982727
1047381840
1047848158
1047226400
1046708271
1047848158
1048314474
1046345580
1047433652
1047744530
1046293767
1048859741
1046915522
1047174588
1044428337
1045412784
1047070962
1044583776
1046656458
1046811897
1048833835
1047330026
1047537278
1049274245
1047226400
1047899970
1045879101
1046552832
1048730209
1047692718
1047485466
1046811897
1047226400
1046190141
1046552832
1045827288
1045050093
1047640904
1048055410
1048573540
1048859741
1048159036
1048159036
1048314474
1048262662
1047899970
1046708271
1048262662
1047122774
1047226400
1049274245
1047278214
1046656458
1046915522
1047330026
1049688749
1047330026
1047485466
1048366288
1047744530
1048107222
1048678396
1047899970
1046708271
1048626583
1048366288
1047537278
1049999627
1048600676
1048003596
1045982727
1048262662
1048730209
1047899970
1048314474
1048469914
1048626583
1049403778
1048782022
1048573540
1049092900
1050725009
1048521726
1049429684
1049818282
1048262662
1048782022
1048262662
1049896001
1048626583
1048469914
1045879101
1048159036
1049066993
1048989274
1049274245
1048730209
1049170619
1047951784
1048885648
1050310505
1049947814
1049144713
1048573540
1047744530
1049585123
1048626583
1048756115
1046708271
1048678396
1048573540
1048366288
1049274245
1049714656
1049636936
1048885648
1049662843
1050310505
1049636936
1049999627
1048262662
1048678396
1048366288
1048730209
1049326058
1048833835
1049688749
1047848158
1047951784
1047951784
1049170619
1050491851
1049403778
1049481497
1049300152
1049455591
1049092900
1049118806
1049688749
1048366288
1048003596
1047122774
1048159036
1049662843
1048626583
1048859741
1048262662
1048989274
1048885648
1049921908
1050725009
1049921908
1049118806
1048730209
1049300152
1049300152
1049611030
1051761270
1049092900
1048678396
1048469914
1048704302
1048885648
1048159036
1049688749
1049300152
1049688749
1049533310
1049792375
1049507404
1049896001
1049870095
1049351965
1049481497
1049248339
1049196526
1048989274
1049403778
1050103253
1049196526
1048989274
1048885648
1048756115
1048469914
1048678396
1049999627
1049403778
1049740562
1049300152
1049688749
1050465944
1049403778
1049429684
1049300152
1049662843
1049507404
1049300152
1049896001
1048937461
1048885648
1048366288
1048573540
1049274245
1048469914
1049118806
1049351965
1049870095
1050776822
1049611030
1049326058
1049300152
1049818282
1050155066
1048989274
1048756115
1048003596
1049041087
1048730209
1048885648
1050103253
1048807928
1048833835
1048159036
1048963367
1049947814
1049300152
1049326058
1048937461
1049818282
1050336412
1049300152
1049222432
1048678396
1048885648
1049688749
1048807928
1048937461
1048678396
1049041087
1049896001
1049196526
1049015180
1048704302
1049248339
1049585123
1049300152
1049896001
1049377871
1049170619
1049144713
1048937461
1049274245
1048782022
1048833835
1048573540
1049092900
1050103253
1048963367
1048989274
1048678396
1049118806
1049611030
1049144713
1049170619
1048782022
1049144713
1048730209
1048989274
1050103253
1048937461
1048989274
1048782022
1049144713
1049740562
1049041087
1049066993
1048782022
1048989274
1049300152
1049092900
1049688749
1048833835
1049092900
1049144713
1049092900
1049274245
1048885648
1049041087
1048989274
1049041087
1050103253
1048963367
1049092900
1049196526
1049403778
1049688749
1049092900
1048885648
1049455591
1048989274
1049118806
1048469914
1048989274
1050103253
1048989274
1048885648
1048626583
1049300152
1050310505
1049274245
1049196526
1047122774
1049144713
1049896001
1049118806
1049170619
1048885648
1049092900
1048782022
1048937461
1050103253
1048704302
1048678396
1047537278
1048573540
1050103253
1049041087
1049300152
1048937461
1049377871
1050310505
1049196526
1049144713
1048885648
1049092900
1050103253
1048573540
1048600676
1047951784
1048573540
1049688749
1048756115
1048704302
1048366288
1048989274
1049896001
1049041087
1049041087
1048678396
1048989274
1050103253
1049041087
1048704302
1047951784
1048521726
1049144713
1049041087
1048859741
1048469914
1048937461
1048366288
1048885648
1050103253
1048937461
1048911554
1048366288
1048833835
1048469914
1048730209
1049274245
1048366288
1048469914
1047537278
1048756115
1049118806
1048911554
1049274245
1048704302
1048678396
1048366288
1048600676
1049688749
1048626583
1048366288
1047537278
1048573540
1048573540
1048418100
1049066993
1047951784
1048159036
1047744530
1048262662
1049274245
1048314474
1048885648
1047640904
1048573540
1049896001
1048418100
1048314474
1047537278
1048418100
1049585123
1048573540
1047899970
1047951784
1048678396
1047951784
1048418100
1049274245
1048521726
1048730209
1047744530
1048573540
1049377871
1048418100
1048107222
1047589092
1048366288
1048885648
1047848158
1048859741
1048366288
1048573540
1048807928
1048366288
1048652489
1047744530
1048573540
1048963367
1048366288
1048652489
1047951784
1048366288
1048366288
1048366288
1049274245
1047951784
1047692718
1047019148
1047848158
1049170619
1047537278
1047796344
1046915522
1047433652
1049066993
1047537278
1047485466
1047381840
1047485466
1048159036
1047278214
1048859741
1046967336
1047589092
1046708271
1047330026
1047951784
1047174588
1048859741
1046967336
1047433652
1046708271
1047744530
1048262662
1048003596
1049274245
1047537278
1047122774
1046086515
1046760084
1048314474
1046811897
1047070962
1045879101
1046552832
1047122774
1047330026
1049274245
1047485466
1047537278
1047122774
1047951784
1048859741
1046811897
1045827288
1045050093
1046501019
1046708271
1046190141
1047485466
1045879101
1045982727
1045568223
1047019148
1049066993
1046915522
1046656458
1045671849
1046863710
1047226400
1046967336
1048314474
1046708271
1045101906
1044221085
1045568223
1045050093
1045309158
1047485466
1044791028
1044791028
1045775475
1047174588
1047381840
1046293767
1048314474
1045671849
1045982727
1044635589
1045879101
1047485466
1045879101
1045412784
1045050093
1045257345
1044221085
1044531963
1045827288
1044376524
1044894654
1045257345
1045620036
1045257345
1045464597
1046656458
1044635589
1045671849
1043962020
1044117459
1044324711
1044013833
1045827288
1043962020
1043702954
1042563068
1043702954
1044739215
1044376524
1045827288
1044998280
1045412784
1043910206
1043962020
1044221085
1043962020
1043392076
1044635589
1046241954
1044013833
1044169272
1044635589
1044531963
1044013833
1045309158
1045775475
1044894654
1046656458
1044635589
1045671849
1043806580
1044791028
1045464597
1044428337
1046449206
1044013833
1045620036
1043133011
1045101906
1043702954
1044739215
1045827288
1044169272
1042355816
1043599328
1044376524
1042977572
1045101906
1047485466
1043288450
1043392076
1044635589
1043651141
1043392076
1045516410
1047485466
1043547515
1044169272
1043806580
1043184824
1042873946
1042925759
1044169272
1042459442
1043340263
1044272898
1044376524
1045050093
1044013833
1046656458
1045464597
1045775475
1044635589
1044739215
1041941312
1042044938
1043340263
1042770320
1042614881
1041734060
1043702954
1044998280
1041889499
1042925759
1043392076
1043288450
1042148564
1042873946
1044791028
1044065646
1044998280
1043599328
1041889499
1041734060
1042511255
1044894654
1043029385
1041319556
1040386922
1041423182
1041734060
1043910206
1044998280
1043288450
1045827288
1042148564
1042770320
1041993125
1043962020
1042563068
1042925759
1043340263
1041215930
1041526808
1040490548
1041319556
1040697800
1042770320
1045827288
1042563068
1042614881
1042770320
1042614881
1044169272
1042200377
1042718507
1041319556
1041837686
1041734060
1042148564
1043340263
1041785873
1041993125
1040283296
1041112304
1042511255
1042614881
1042822133
1041734060
1043184824
1042563068
1042873946
1042511255
1041734060
1041319556
1040905052
1042096751
1043340263
1041112304
1040697800
1039964696
1041008678
1041526808
1040749613
1043340263
1039032062
1040490548
1037374046
1040171948
1040490548
1039135688
1043340263
1040801426
1040068322
1040283296
1041112304
1041423182
1040697800
1042511255
1041734060
1040956865
1039964696
1038824810
1042096751
1039135688
1039032062
1037684924
1038306680
1036648663
1039757444
1042304003
1041319556
1041682247
1040490548
1041474995
1041423182
1042200377
1042718507
1038928436
1038203054
1035508777
1038203054
1036648663
1038099428
1041267743
1039239314
1040438735
1039964696
1040068322
1038513932
1040283296
1041164117
1039550192
1040853239
1040490548
1040283296
1036648663
1038099428
1039861070
1034783395
1036130533
1035923281
1036130533
1037892176
1037166794
1039861070
1037892176
1038617558
1037788550
1038306680
1040853239
1037063168
1037063168
1034990647
1037581298
1041267743
1037063168
1037477672
1036648663
1037892176
1039861070
1037684924
1037581298
1036441411
1037892176
1039653818
1037788550
1037788550
1036648663
1037063168
1037684924
1037166794
1039861070
1036648663
1036441411
1035405151
1036545037
1040853239
1036545037
1035923281
1033747135
1034990647
1036545037
1034576143
1034887021
1033539883
1034576143
1035405151
1034576143
1036026907
1035405151
1035508777
1036545037
1031135942
1032192745
1033332631
1034161639
1037788550
1033125379
1033125379
1028233766
1032192745
1037581298
1035923281
1034472517
1033332631
1034576143
1035819655
1036441411
1036545037
1033954387
1029892428
1025746740
1032503623
1038203054
1028233766
1032918127
1030721438
1033021753
1036545037
1032503623
1030514186
1029062774
1032503623
1033747135
1034472517
1039861070
1036130533
1034058013
1024917734
1025953992
1031550446
1030306932
1031343194
1031135942
1031757698
1027404756
1032918127
1034990647
1033539883
1034058013
1032192745
1032296371
1032089119
1032710875
1036545037
1032296371
1030928690
1028233766
1032399997
1034887021
1032089119
1032399997
1029892428
1032814501
1031135942
1032089119
1033229005
1028441018
1029477924
1029062774
1030721438
1036130533
1029892428
1029477924
1023109257
1026990252
1031343194
1026575748
1026783000
1024088724
1026990252
1022280249
1029062774
1033229005
1032918127
1031985493
1019793225
1029062774
1011300754
1018135209
1033229005
1027404756
1026783000
1021451241
1022694753
1024710480
1025539488
1033229005
1025953992
1024917734
1024917734
1029062774
1033229005
1025332236
1028026512
1025332236
1027197504
1021451241
1016477193
1031343194
1022694753
1024710480
1014616786
1011300754
1014616786
1025539488
1032192745
1024088724
1024710480
1022694753
1023109257
1011300754
1018964217
1028026512
1021036737
1028026512
1024917734
1025746740
1023109257
1023674220
1019793225
1021865745
1028026512
999388380
1019378721
1016891697
1022280249
3108691072
984680816
1023109257
993900344
1024710480
984680816
1016477193
993900344
1012129762
1017306201
1016891697
1028026512
1018135209
1014616786
993900344
990584312
3154225812
3135488144
1028026512
1017720705
1012958770
3151018980
999388380
1026368496
1017720705
1022280249
1011300754
3157541844
3169142619
3147702948
1019378721
3167899107
990584312
984680816
990584312
984680816
1009642734
1022694753
1002704412
3128761376
3143045832
984680816
1002704412
1016891697
1031343194
1016477193
1001046396
3167484603
3160857876
1008813726
3162510554
3167899107
3169142619
3135488144
3155883828
3159199860
1016062689
3164168570
3151018980
3167484603
3167899107
1019378721
3167899107
1001046396
3167070099
3108691072
3159199860
3135488144
1019378721
974630368
3149360964
3155883828
3147702948
3147702948
3158370852
1010471742
3170800636
3159199860
3172505246
3167899107
3155883828
3168728115
1019378721
3157541844
990584312
3164997578
3152677000
3170800636
3167899107
3167899107
3169971627
3154225812
3172505246
3171261734
1001046396
3169557123
1007155710
3170800636
3159199860
3173334254
3173748758
3167899107
3174992270
3164583074
3175821278
3159199860
3167899107
3160857876
3167899107
3174992270
3164997578
3135488144
3158370852
3170386132
3174992270
3172505246
3167899107
3175199522
3173541506
3177479294
3173334254
3172505246
3171261734
3167899107
3170800636
3174785018
3175821278
3172712498
3167899107
3167899107
3167899107
3168313611
3169557123
3171676238
3173334254
3167899107
3176857538
3172712498
3179417124
3167899107
3167899107
3173334254
3167899107
3176028530
3176443034
3180867888
3179137310
3167899107
3173334254
3170800636
3174163262
3172090742
3174992270
3178308302
3167899107
3177064790
3175406774
3179137310
3176650286
3175406774
3178308302
3172712498
3176235782
3176235782
3180867888
3178308302
3175199522
3179417124
3172712498
3178308302
3177479294
3179137310
3174992270
3167899107
3173541506
3167899107
3180867888
3179313498
3180867888
3177686546
3179137310
3181178766
3180349758
3182422278
3176028530
3181904148
3179831628
3179624376
3176028530
3177479294
3176235782
3167899107
3179137310
3178722806
3180867888
3183044034
3174163262
3175614026
3172712498
3178308302
3179313498
3178722806
3179728002
3180246132
3173956010
3167899107
3176650286
3175821278
3178722806
3173748758
3174370514
3181904148
3179935254
3185013252
3184080294
3186049513
3180246132
3167899107
3175821278
3173956010
3185842261
3185427757
3172505246
3183354912
3184287547
3185324130
3175821278
3186671269
3185945887
3182629530
3182525904
3183458538
3180142506
3185842261
3183147660
3187603903
3179728002
3185427757
3179624376
3182525904
3178308302
3179313498
3178722806
3185842261
3183354912
3179313498
3171054482
3183976668
3178722806
3186878521
3173334254
3185013252
3173748758
3172712498
3173541506
3181075140
3176650286
3183665790
3167899107
3181904148
3180142506
3185013252
3181282392
3182525904
3174992270
3184287547
3173127002
3186567643
3189969057
3175199522
3182111400
3190279935
3180971514
3180764262
3187844723
3188621918
3185013252
3187792910
3184494799
3187603903
3188932796
3187603903
3187948349
3190124496
3179137310
3180142506
3167899107
3167899107
3172712498
3190539000
3172090742
3180038880
3181282392
3175199522
3178930058
3172712498
3179137310
3178101050
3180038880
3177479294
3167899107
3179137310
3180038880
3180660636
3179831628
3173541506
3180038880
3176028530
3180246132
3179935254
3180867888
3179728002
3171054482
3179728002
3177686546
3180764262
3179137310
3180453384
3178515554
3174163262
3178722806
3167899107
3178722806
3178930058
3180349758
3179624376
3180038880
3179520750
3169557123
3179417124
3179417124
3180453384
3179313498
3180453384
3178722806
3171054482
3178930058
3177686546
3180142506
3179137310
3180867888
3178930058
3173748758
3178722806
3172712498
3178308302
3179137310
3180453384
3178722806
3179831628
3179137310
3167899107
3179137310
3176028530
3180038880
3179137310
3180453384
3178722806
3176650286
3178722806
3167899107
3178308302
3177686546
3179624376
3178101050
3180038880
3178930058
3180867888
3177893798
3172297994
3178515554
3174370514
3179137310
3179313498
3180453384
3179417124
3173956010
3178515554
3173541506
3177893798
3179137310
3180867888
3179137310
3173748758
3178515554
3172712498
3178930058
3178930058
3180660636
3179831628
3171054482
3178722806
3177686546
3180038880
3179137310
3178930058
3178930058
3172712498
3179137310
3179137310
3180867888
3178722806
3172712498
3178722806
3178722806
3180660636
3179417124
3179624376
3179520750
3167899107
3179417124
3178930058
3180453384
3179624376
3176857538
3179137310
3176028530
3179624376
3179417124
3180867888
3179313498
3167899107
3179137310
3179137310
3180867888
3179417124
3167899107
3179520750
3180038880
3180867888
3180142506
3171054482
3179624376
3179417124
3180660636
3179417124
3179137310
3179520750
3172712498
3180349758
3179831628
3180660636
3179624376
3167899107
3179520750
3179624376
3180867888
3178930058
3175199522
3179137310
3178101050
3179417124
3179313498
3180867888
3179313498
3172712498
3179520750
3177686546
3180660636
3179137310
3180660636
3179313498
3167899107
3178930058
3179417124
3180867888
3178722806
3175821278
3179313498
3176857538
3180246132
3178722806
3179137310
3179728002
3177686546
3179831628
3179417124
3179137310
3179137310
3172712498
3179624376
3179417124
3180867888
3179137310
3167899107
3179624376
3179137310
3180038880
3179417124
3167899107
3179624376
3179313498
3180453384
3178722806
3167899107
3179137310
3178930058
3180038880
3178722806
3172712498
3180038880
3179137310
3180453384
3179520750
3171054482
3178308302
3178308302
3180453384
3178722806
3179624376
3178722806
3171054482
3178930058
3178722806
3180867888
3178308302
3171054482
3179313498
3179831628
3180453384
3179137310
3174370514
3178515554
3178515554
3180349758
3179137310
3177893798
3176028530
3176028530
3180038880
3179520750
3181696896
3179624376
3169557123
3179417124
3179313498
3180660636
3179137310
3179137310
3179624376
3171054482
3179624376
3179313498
3181282392
3179624376
3176028530
3179417124
3172712498
3179137310
3179624376
3180867888
3180453384
3176028530
3179624376
3172712498
3180038880
3179935254
3181282392
3179137310
3172712498
3179624376
3179728002
3180867888
3178930058
3180038880
3179137310
3172712498
3179831628
3179831628
3180867888
3179417124
3167899107
3179417124
3179520750
3181696896
3179520750
3172712498
3179520750
3176857538
3180764262
3179137310
3179624376
3179137310
3179313498
3179624376
3179520750
3179624376
3178930058
3177686546
3180660636
3179137310
3175614026
3179624376
3179313498
3180453384
3179417124
3174370514
3179624376
3179417124
3180660636
3179137310
3178930058
3177479294
3176028530
3179935254
3179137310
3180038880
3179831628
3176028530
3180038880
3179935254
3176650286
3179417124
3179728002
3180453384
3179417124
3171054482
3179137310
3179417124
3180867888
3179313498
3176028530
3180246132
3178930058
3177064790
3179137310
3176028530
3180038880
3179137310
3176650286
3178515554
3179624376
3180660636
3179417124
3171468986
3179417124
3179313498
3180764262
3179417124
3171054482
3179137310
3179624376
3180867888
3178722806
3173748758
3178722806
3179313498
3180660636
3179313498
3177479294
3178722806
3176028530
3179137310
3178930058
3180867888
3179624376
3167899107
3179137310
3179624376
3180867888
3178930058
3173541506
3179624376
3179417124
3180867888
3179624376
3178722806
3178722806
3176028530
3180453384
3180038880
3180660636
3179624376
3171054482
3180038880
3180038880
3180867888
3179137310
3172712498
3180142506
3180038880
3180867888
3178308302
3172712498
3180453384
3179624376
3179624376
3179520750
3176028530
3180867888
3179831628
3181696896
3179417124
3172712498
3180038880
3180038880
3182111400
3178930058
3171054482
3179935254
3180660636
3181489644
3179417124
3177479294
3179313498
3177686546
3180246132
3180349758
3181696896
3179520750
3171054482
3180142506
3180246132
3182525904
3179417124
3174370514
3178930058
3179831628
3182318652
3179624376
3175406774
3180453384
3180349758
3180867888
3179417124
3180867888
3180038880
3172712498
3179417124
3179831628
3182111400
3179935254
3176857538
3179417124
3176028530
3180971514
3179831628
3182318652
3179417124
3171468986
3179624376
3179313498
3181696896
3179831628
3182422278
3179935254
3172712498
3179624376
3177686546
3181282392
3179935254
3182318652
3179313498
3167899107
3179624376
3180660636
3181489644
3178722806
3177893798
3178722806
3177686546
3180453384
3180453384
3180867888
3178722806
3176028530
3180038880
3178930058
3180038880
3179624376
3171054482
3180660636
3180971514
3181696896
3179624376
3171054482
3179137310
3180038880
3182111400
3179624376
3172712498
3179520750
3179624376
3182318652
3179935254
3173541506
3179728002
3179624376
3180867888
3180867888
3167899107
3179831628
3180867888
3182525904
3180038880
3177686546
3180557010
3179728002
3180038880
3179935254
3172297994
3179313498
3180038880
3181696896
3180453384
3172712498
3180038880
3180142506
3181282392
3179313498
3176028530
3180038880
3180038880
3178722806
3177893798
3180557010
3182111400
3180660636
3172712498
3179520750
3180038880
3182111400
3179624376
3172712498
3180660636
3180557010
3181696896
3180867888
3172712498
3180971514
3179935254
3180867888
3181282392
3171054482
3181075140
3180453384
3180660636
3180349758
3172712498
3180867888
3181075140
3180660636
3180246132
3172712498
3180557010
3180764262
3182111400
3180349758
3172712498
3180453384
3180142506
3182111400
3180246132
3172712498
3181282392
3180142506
3181489644
3180764262
3179313498
3181282392
3180453384
3178308302
3180349758
3180660636
3182111400
3180453384
3172712498
3180453384
3180246132
3181282392
3180246132
3172712498
3181282392
3180660636
3178722806
3180246132
3180557010
3180867888
3180246132
3172712498
3180867888
3179935254
3177064790
3180867888
3180453384
3181696896
3180971514
3176028530
3180557010
3178722806
3180867888
3180453384
3172712498
3180453384
3180453384
3181696896
3180453384
3176028530
3181386018
3179935254
3180349758
3180453384
3176028530
3181489644
3180557010
3179624376
3180764262
3176028530
