1028229422
1025123244
1025537402
1024502008
1026572794
1027401108
1027608186
1033638301
1027194030
1026572794
1024502008
1027401108
1024087852
1026572794
1033224144
1026158636
1028850658
1024916166
1025744480
1021452271
1024294930
1025744480
1022694741
1031981673
1022694741
1023108899
1017310699
1023108899
1023673694
1021452271
1031981673
1020623957
1020623957
1015654071
1021866427
1021452271
1020623957
1028850658
1020209799
1023466616
1015239913
1019381485
1014629946
1019795643
1028850658
1018553171
1028850658
1017724857
1017310699
1011316690
1015654071
1011316690
1014629946
1024087852
1016482385
1025537402
1010488374
1017310699
1009660062
1014629946
993997400
1012145002
1001090760
1012973318
1021038113
1009660062
1028850658
1011316690
1017724857
1009660062
1011316690
993997400
1012145002
993997400
1008831746
1025123244
1008003432
1019381485
1011316690
1008831746
1002747388
1014629946
1008003432
1012973318
1021452271
1014629946
1025537402
1008003432
1015239913
993997400
1012973318
1018967327
1012973318
1027194030
1011316690
1012973318
993997400
1014629946
993997400
1009660062
1028436500
1015239913
1021038113
1008003432
1009660062
993997400
1006060648
1008003432
1010488374
1025537402
1007175118
1010488374
3142926576
1007175118
3106960512
1006060648
1025537402
1004404020
1006060648
3106960512
1004404020
1009660062
999434132
1025537402
1001090760
1007175118
3135260736
1006060648
1014629946
1008831746
1026365716
1002747388
1002747388
3135260736
1002747388
993997400
999434132
1025537402
999434132
1007175118
3142926576
1006060648
3150953800
1001090760
1021038113
999434132
1017724857
1002747388
1006060648
3142926576
1007175118
3150953800
3139613320
1021038113
1001090760
1013801630
993997400
993997400
3155848461
3150953800
1021038113
975051904
1013801630
3139613320
1001090760
3154191833
997310656
1021038113
993997400
1007175118
3142926576
975051904
3154191833
984886032
1021038113
3106960512
990684144
3150953800
3106960512
3142926576
3142926576
1021038113
3149297172
3142926576
3162474975
3145983916
1021038113
3147640544
990684144
3154191833
3145983916
3142926576
3106960512
1021038113
3142926576
3157505090
3160818347
3150953800
3155848461
3149297172
1021038113
3145983916
1013801630
3152610430
3142926576
3162474975
975051904
1010488374
3135260736
1019381485
3147640544
3135260736
3159161718
984886032
1007175118
3135260736
990684144
3142926576
3142926576
3165803352
3139613320
1006060648
3145983916
1021038113
3142926576
3106960512
3159990032
3142926576
3155848461
3147640544
1021038113
3152610430
3128317632
3152610430
975051904
3162474975
3142926576
3154191833
3150953800
1021038113
3145983916
990684144
3155848461
3139613320
3163732567
3145983916
3155848461
3149297172
1021038113
3142926576
3128317632
3154191833
3142926576
3162474975
3142926576
1011316690
3147640544
1017724857
975051904
3145983916
3162474975
3135260736
1008003432
3150953800
1021038113
3139613320
3142926576
3162474975
3145983916
1006060648
3106960512
1021038113
3152610430
3147640544
3162474975
3147640544
1021038113
3139613320
3157505090
3163732567
3154191833
997310656
3145983916
1021038113
3147640544
3150953800
3162474975
3155848461
1016068229
3150953800
990684144
3157505090
3152610430
3164146724
3155848461
1021038113
3150953800
3159161718
3165803352
3155848461
1009660062
3142926576
3152610430
3162474975
3152610430
1016896543
3150953800
3152610430
3163318410
3155020147
1016896543
3155848461
3162904253
3164146724
3157505090
3135260736
3155020147
990684144
3159161718
3155848461
3164146724
3157505090
1021038113
3156676776
3160818347
3165803352
3155848461
1019381485
3154191833
3166217510
3169116609
3162474975
3159161718
3157505090
1013801630
3159990032
3150953800
3165389195
3150953800
999434132
3154191833
1021038113
3155848461
3158333404
3164975038
3161646661
3164146724
3152610430
1021038113
3154191833
3156676776
3162474975
3157505090
3152610430
3154191833
1021038113
3157505090
3159161718
3165803352
3160818347
1007175118
3155020147
1013801630
3147640544
3159161718
3165803352
3150953800
999434132
3155848461
990684144
3159161718
3154191833
3159161718
3159990032
1007175118
3154191833
3158333404
3165803352
3155848461
1021038113
3150953800
3145983916
3162474975
3155848461
3164146724
3155848461
984886032
3154191833
1017724857
3155020147
3158333404
3169116609
3162474975
3157505090
3159161718
1021038113
3155848461
3155848461
3164975038
3159161718
3150953800
3155848461
1021038113
3155020147
3155848461
3165803352
3159161718
3162474975
3162904253
1021038113
3147640544
3158333404
3162474975
3154191833
3165803352
3166217510
1013801630
3155848461
3156676776
3155848461
3157505090
3163732567
3159990032
3142926576
3159161718
1017724857
3159161718
3159990032
3168288295
3159990032
3170773238
3160818347
1007175118
3166217510
1019381485
3154191833
3157505090
3164560881
3166217510
3169116609
3163318410
1008831746
3154191833
990684144
3155848461
3162474975
3171661845
3166217510
1011316690
3157505090
990684144
3166217510
3166217510
3165803352
3162474975
1019381485
3159161718
3158333404
3162474975
3166217510
3170773238
3166217510
1021038113
3156676776
3158333404
3169116609
3166217510
990684144
3166217510
990684144
3159161718
3159161718
3165803352
3158333404
1017724857
3163318410
3161646661
3167459981
3166217510
3169116609
3159990032
1017724857
3157505090
3156676776
3165803352
3162904253
3166217510
3168288295
1007175118
3157505090
3158333404
3164146724
3155848461
1017724857
3161646661
3167045824
3169116609
3159161718
3166217510
3168288295
3166217510
3160818347
3139613320
1019381485
3159990032
3157505090
3165803352
3159161718
1019381485
3161646661
3167459981
3171661845
3166217510
3166217510
3167459981
3155020147
3165389195
3155848461
990684144
3166217510
1013801630
3152610430
3159161718
3165803352
3155020147
1017724857
3158333404
3159161718
3160818347
3159990032
3162904253
3159161718
1013801630
3166217510
3162474975
3170773238
3166217510
3166217510
3166217510
3166217510
3170773238
3166217510
3142926576
3162474975
3166217510
3172490159
3166217510
990684144
3166217510
3166217510
3167459981
3166217510
3160818347
3162474975
3166217510
3166631667
3166217510
3168288295
3167459981
3145983916
3167045824
3167045824
3166217510
3166631667
3166217510
3170773238
3167874138
3166217510
3167874138
3166217510
3165389195
3135260736
3154191833
3155848461
1007175118
3164146724
3166217510
3171247688
3167459981
3166217510
3168288295
3158333404
3170773238
3147640544
1004404020
3158333404
3159990032
3168702452
3167459981
3171661845
3169530766
3166217510
3163318410
3135260736
3165803352
3159161718
1017724857
3161646661
3166217510
3171661845
3167459981
3166217510
3167874138
3156676776
3168288295
3166217510
3167459981
3166217510
3166217510
3168288295
3155848461
3165803352
3149297172
1013801630
3159990032
3145983916
3167459981
3168288295
3173318474
3166217510
3166217510
3166217510
3166217510
3168702452
3166217510
3169116609
3166217510
3166217510
3166217510
3166217510
3162904253
3159990032
3165803352
3161646661
3164146724
3161646661
1017724857
3159990032
3167874138
3169116609
3168702452
3171661845
3166217510
1013801630
3166217510
3166217510
3170773238
3168288295
3171661845
3166631667
3166217510
3168288295
3167874138
3171454766
3173318474
3170773238
3166217510
3166217510
3166217510
3172490159
3174146788
3166217510
3166217510
3166217510
3166217510
3173318474
3175182180
3173318474
3166217510
1013801630
3166217510
3159990032
3166631667
3172490159
3179116674
3170359080
3166217510
3166217510
3158333404
3165389195
3166217510
3171661845
3172490159
3166217510
3171247688
3167045824
3171661845
3160818347
1013801630
3166217510
3167874138
3173318474
3172697238
3166217510
3170773238
3175803416
3174975102
3166631667
3166217510
3166217510
3166217510
3166631667
3166217510
3166217510
3166217510
3166217510
3169116609
3174975102
3174975102
3169116609
1013801630
3167459981
3169116609
3171661845
3168702452
3166217510
3166217510
3166631667
3169530766
3169116609
3171661845
3167459981
3166217510
3167459981
3166217510
3170773238
3167459981
3171661845
3167459981
3166217510
3166631667
3166217510
3168702452
3167459981
3172904316
3167045824
3166217510
3167045824
3166217510
3175803416
3171247688
3172490159
3168288295
3166217510
3167459981
3166217510
3170773238
3167459981
3173318474
3169116609
3166217510
3174975102
3177667124
3174975102
3169530766
3166217510
3166217510
3166217510
3166631667
3162474975
3172490159
3172904316
3166217510
3177252966
3171247688
3171661845
3166217510
3166217510
3166217510
3166217510
3174560945
3175389259
3174146788
3166217510
3174146788
3176217574
3166217510
3166217510
3166217510
3172490159
3166217510
3169944924
3169944924
3166217510
3173732630
3166217510
3174768024
3173732630
3174975102
3166217510
3166217510
3172697238
3166217510
3171661845
3169944924
3173318474
3172904316
3166217510
3175803416
3166217510
3165803352
3149297172
3169116609
3166631667
3166217510
3172904316
3169530766
3177252966
3170359080
3169116609
3171661845
3172490159
3174146788
3166217510
3176838809
3166217510
3167459981
3135260736
3164146724
3168702452
3174975102
3174146788
3166217510
3178495438
3166217510
3166217510
3166217510
3172904316
3173318474
3176631730
3175389259
3166217510
3166631667
3159990032
3170359080
3174768024
3176217574
3176631730
3169530766
3170773238
3166217510
3176217574
3169944924
3160818347
3170773238
3166217510
3175389259
3171661845
3170359080
3174353866
3177460044
3173525552
3166217510
3168288295
3166217510
3171661845
3175596338
3171868924
3171454766
3166217510
3175182180
3170773238
3174975102
3177874202
3171247688
3171247688
3166217510
3170359080
3172490159
3179116674
3177460044
3166217510
3166217510
3166217510
3172904316
3175803416
3178288358
3174146788
3166217510
3172904316
3175182180
3178288358
3169944924
3166217510
3171868924
3166217510
3177874202
3178288358
3174146788
3166217510
3166217510
3174353866
3169530766
3176424652
3173318474
3166217510
3177045888
3171040610
3171247688
3171868924
3166631667
3173318474
3171868924
3179820788
3178288358
3171661845
3166217510
3166217510
3174353866
3168288295
3173318474
3171454766
3166217510
3173939709
3176838809
3177460044
3171661845
3169116609
3166631667
3166217510
3173732630
3174353866
3176631730
3176424652
3176631730
3171454766
3166217510
3171868924
3168288295
3172490159
3172904316
3172490159
3174975102
3175182180
3178081280
3174560945
3175389259
3175803416
3176010494
3178702516
3169116609
3162474975
3159161718
3166217510
3176631730
3178081280
3180442024
3176010494
3166217510
3175389259
3178288358
3179116674
3168702452
3166217510
3166217510
3170773238
3176631730
3172904316
3166217510
3177667124
3174975102
3178288358
3175803416
3166217510
3177874202
3171040610
3171661845
3166631667
3166217510
3177460044
3179116674
3179406631
3176631730
3177460044
3179303092
3171868924
3171040610
3167459981
3174975102
3173318474
3166217510
3175182180
3177667124
3179406631
3171661845
3174975102
3175389259
3172697238
3179406631
3178495438
3172904316
3166217510
3166217510
3174975102
3177667124
3178288358
3179406631
3166217510
3172076002
3176424652
3176631730
3171040610
3175803416
3176631730
3171868924
3178702516
3179303092
3180442024
3169116609
3166217510
3170359080
3173525552
3179116674
3178702516
3178288358
3178702516
3171868924
3171247688
3172697238
3177874202
3177874202
3180027867
3178702516
3166217510
3162474975
3166217510
3177045888
3173318474
3180234945
3179303092
3166217510
3176838809
3178288358
3179613710
3178081280
3177460044
3169944924
3166217510
3172490159
3172697238
3179116674
3178909594
3171868924
3178288358
3179613710
3180027867
3176838809
3166217510
3177252966
3178081280
3181063260
3177045888
3166217510
3176424652
3174560945
3176631730
3172904316
3166217510
3174146788
3174146788
3179613710
3177460044
3172490159
3178702516
3176838809
3178288358
3177460044
3177460044
3174560945
3166217510
3178702516
3177667124
3177874202
3175803416
3166217510
3176424652
3178909594
3180442024
3177252966
3167045824
3177874202
3177874202
3179303092
3176217574
3169530766
3178288358
3178288358
3180442024
3176631730
3166217510
3179116674
3177667124
3176631730
3177667124
3178495438
3178702516
3177252966
3172697238
3178702516
3177667124
3180027867
3177460044
3167874138
3177667124
3179303092
3179613710
3176217574
3171868924
3178909594
3178288358
3180442024
3178288358
3166217510
3178909594
3179924327
3180442024
3174975102
3166217510
3180027867
3179613710
3180442024
3178495438
3175182180
3178288358
3176838809
3180234945
3179116674
3179406631
3178288358
3166217510
3178288358
3179510170
3180442024
3177460044
3173732630
3178702516
3178495438
3179924327
3178909594
3179406631
3178288358
3175182180
3180442024
3179406631
3179613710
3178288358
3171868924
3179924327
3180338485
3180442024
3179116674
3169530766
3178495438
3178909594
3181270338
3180027867
3166217510
3179613710
3180856181
3180442024
3178702516
3171868924
3179820788
3179820788
3181477417
3178081280
3171868924
3180752642
3180027867
3180442024
3178288358
3171868924
3180338485
3180856181
3181270338
3179510170
3178288358
3180338485
3178495438
3180442024
3180545563
3182098652
3180027867
3171868924
3180442024
3180856181
3182098652
3180027867
3179510170
3180131406
3178495438
3180442024
3180131406
3180856181
3180442024
3175182180
3180856181
3180234945
3181684495
3180545563
3171868924
3180752642
3180442024
3181684495
3180234945
3181063260
3180338485
3175182180
3180856181
3180234945
3182098652
3180442024
3173525552
3179116674
3180545563
3181684495
3180649102
3181891574
3180752642
3171868924
3180027867
3180234945
3181477417
3180338485
3181270338
3179613710
3176010494
3180649102
3178495438
3181166799
3180442024
3182098652
3180856181
3180442024
3180442024
3171868924
3181063260
3182512810
3182305731
3179303092
3182719888
3181063260
3176838809
3181684495
3180545563
3182719888
3181891574
3183341124
3181684495
3178495438
3181891574
3180545563
3182512810
3181684495
3182926967
3181891574
3178495438
3182098652
3178495438
3182512810
3182512810
3183651742
3181891574
3176838809
3181891574
3182512810
3183755281
3182409270
3183030506
3182719888
3176838809
3182926967
3183651742
3184583919
3183237585
3183341124
3183030506
3176838809
3183237585
3183651742
3184998076
3183962360
3183755281
3183444663
3178495438
3183858820
3184790997
3186240547
3183858820
3180545563
3183962360
3184687458
3185412233
3184376517
3183444663
3184272977
3184894537
3186033469
3184376517
3182926967
3184790997
3183858820
3185412233
3184376517
3186240547
3184272977
3180545563
3184998076
3184376517
3185826390
3184790997
3183237585
3184583919
3183858820
3185826390
3186240547
3186240547
3185826390
3182202192
3186344086
3186033469
3187784108
3186551165
3185826390
3186447626
3185515772
3187483019
3186965322
3188198265
3187172401
3184480379
3187068861
3183858820
3187680568
3187483019
3187887647
3186861783
3183030506
3187275940
3187483019
3188094725
3187784108
3185515772
3187939416
3187835877
3188198265
3187887647
3188612422
3188405343
3187172401
3188819500
3189026579
3189026579
3188612422
3187172401
3188715961
3188974809
3189854893
3189026579
3187172401
3189078349
3189026579
3190113742
3189233658
3187172401
3189440736
3189647815
3189958433
3189647815
3187835877
3190269050
3190061972
3191304443
3190372590
3187835877
3190993825
3190993825
3191511522
3191097365
3189078349
3191356213
3191563291
3192650454
3191873909
3191925679
3192236297
3190734977
3192857532
3193064611
3193996464
3193478768
3191563291
3194048234
3193737616
3195187166
3194773009
3195135397
3194876548
3194048234
3195860171
3196115218
3196477687
3196348182
3194876548
3196840074
3196503572
3197409540
3197098923
3195704863
3197461310
3197538965
3197901352
3197513080
3198548473
3198367279
3197590734
3198755551
3198807321
3199169708
3198910860
3198470818
3199661520
3199609750
3199868598
3199739174
3201602881
3201758271
3199816829
3201447572
3201266379
3199014399
3201240494
3199790944
3201602881
3200023907
3200826337
3200023907
3202353622
3202379507
3202586585
3205018740
3201447572
3204552813
3202094774
3204010250
3203958481
3201861810
3202146543
3202017119
3202508931
3201835925
3202716009
3202198313
3202638355
3202638355
3204294983
3202457161
3202379507
3203311360
3202923088
3204346753
3204320868
3204346753
3203518439
3203621978
3203156051
3202146543
3202871318
3202457161
3203000742
3203104282
3202483046
3202068889
3201680617
3202974858
3202871318
3203311360
3203000742
3203829057
3203984366
3202923088
3203984366
3203854941
3203207821
3203414899
3203621978
3202767779
3202146543
3202560700
3201680617
3203078397
3202379507
3203596093
3203854941
3202198313
3203854941
3203932596
3204552813
3204526928
3204604583
3204526928
3203544324
3204488101
3203414899
3203518439
3203156051
3201680617
3202948973
3203104282
3203311360
3202431276
3203544324
3204243214
3203337245
3204243214
3203880826
3204811661
3204746949
3204269099
3204630468
3203958481
3203725517
3203699632
3203829057
3203725517
3201887695
3203337245
3203130166
3203621978
3203466669
3203259591
3203621978
3202923088
3204346753
3204734007
3204785777
3204837546
3204811661
3204424407
3202923088
3204087905
3202508931
3203518439
3203440784
3203311360
3203181936
3204036135
3203880826
3202508931
3204010250
3204062020
3204449274
3204346753
3204708122
3204449274
3203958481
3203725517
3202716009
3203699632
3203440784
3203829057
3203647863
3203570208
3203803172
3202508931
3203725517
3203699632
3204087905
3203880826
3204139674
3203932596
3203337245
3204036135
3204139674
3204501044
3203932596
3203518439
3203725517
3202508931
3203751402
3203725517
3204113790
3203699632
3203621978
3203829057
3202508931
3203751402
3203829057
3203932596
3203751402
3204139674
3203725517
3203466669
3203647863
3202508931
3203906711
3203751402
3203932596
3203647863
3204139674
3203699632
3203518439
3203466669
3202508931
3203544324
3203492554
3203880826
3203751402
3203932596
3203570208
3202974858
3203673748
3203337245
3203725517
3203725517
3204139674
3203725517
3203725517
3203647863
3202948973
3203414899
3202923088
3203621978
3203544324
3204139674
3204087905
3204139674
3203854941
3203906711
3204062020
3203337245
3204346753
3204165559
3204475159
3204113790
3204578698
3203829057
3204346753
3203751402
3203337245
3203518439
3202508931
3203337245
3202508931
3203596093
3203621978
3203725517
3203466669
3203725517
3203932596
3204552813
3204217329
3203751402
3204759892
3204617525
3204656352
3204346753
3204346753
3203596093
3203026627
3203414899
3202508931
3203414899
3203414899
3203725517
3203725517
3204036135
3203880826
3202923088
3204372638
3204165559
3204759892
3204798719
3204811661
3204578698
3203026627
3204191444
3203854941
3203932596
3203466669
3203725517
3203414899
3202301852
3203363130
3203337245
3203932596
3204062020
3204346753
3204113790
3203932596
3204346753
3203337245
3203984366
3204139674
3204243214
3203777287
3203259591
3203544324
3202508931
3203389015
3203414899
3204087905
3203596093
3203130166
3203958481
3203337245
3204243214
3204294983
3204656352
3204578698
3203544324
3204656352
3204526928
3204346753
3203699632
3202094774
3203104282
3202819549
3203078397
3203156051
3203311360
3203492554
3201887695
3203518439
3203311360
3203932596
3204087905
3204501044
3204734007
3203958481
3204565756
3204320868
3204217329
3203880826
3203725517
3202793664
3201680617
3202716009
3202923088
3202793664
3202534816
3204139674
3203647863
3202716009
3203544324
3202923088
3204243214
3204243214
3204604583
3204010250
3203363130
3203466669
3203130166
3203000742
3202897203
3203104282
3202560700
3201680617
3202638355
3202275967
3203829057
3203492554
3202405392
3203104282
3202508931
3203854941
3203725517
3204501044
3203932596
3203130166
3203570208
3203363130
3203311360
3202948973
3202405392
3202716009
3202301852
3202793664
3202224198
3202845433
3203414899
3201680617
3202845433
3203130166
3203880826
3203854941
3202923088
3203803172
3203932596
3203777287
3203414899
3203259591
3202923088
3202094774
3202612470
3202301852
3202741894
3202690125
3203000742
3202379507
3201680617
3203052512
3203699632
3204036135
3203958481
3204449274
3204398523
3203337245
3203621978
3203466669
3203207821
3202871318
3201887695
3202793664
3202638355
3202534816
3202845433
3203104282
3202664240
3202224198
3203000742
3202716009
3203570208
3203363130
3204243214
3203647863
3202819549
3203207821
3202301852
3202819549
3202741894
3203104282
3202483046
3201887695
3202871318
3202094774
3202845433
3202974858
3203311360
3203104282
3203311360
3203207821
3202301852
3203078397
3202508931
3202793664
3202767779
3202483046
3202120659
3201887695
3201732386
3201059300
3202638355
3202198313
3202224198
3202250083
3201266379
3201965350
3202198313
3203311360
3203207821
3203311360
3203285475
3201680617
3202819549
3202327737
3202172428
3201680617
3201344033
3201292263
3200852221
3202224198
3200852221
3202068889
3201628766
3201680617
3201784156
3203000742
3202690125
3203104282
3201680617
3202845433
3202508931
3202431276
3201732386
3202483046
3201861810
3200023907
3201473457
3201680617
3201447572
3201680617
3201214609
3201421687
3201680617
3201551112
3201344033
3201861810
3202146543
3201680617
3202405392
3202690125
3202845433
3202301852
3201680617
3202275967
3201680617
3201447572
3202017119
3201680617
3200282755
3201085185
3201033415
3201421687
3200852221
3201965350
3201965350
3202172428
3202198313
3200645143
3201732386
3202224198
3202897203
3201991234
3201059300
3202250083
3201706501
3201551112
3201318148
3201059300
3201033415
3201162839
3201965350
3202198313
3201965350
3201292263
3200852221
3202275967
3202301852
3202690125
3201136954
3200127447
3200826337
3199609750
3200463949
3201318148
3200929876
3200049792
3200256871
3200619258
3200282755
3200722797
3201499342
3201913580
3201344033
3201680617
3201628766
3201732386
3201240494
3200101562
3200619258
3200075677
3199195593
3200412180
3199946253
3200929876
3199816829
3199609750
3200412180
3200955761
3200722797
3201214609
3201188724
3201240494
3200852221
3201240494
3200282755
3199790944
3200567488
3199402672
3200360410
3199816829
3200101562
3199532096
3198574357
3199687405
3199739174
3200179216
3200256871
3200360410
3200463949
3200023907
3200826337
3200826337
3200722797
3201007530
3200619258
3200722797
3199402672
3200205101
3199816829
3199506211
3199221478
3199376787
3199739174
3198988514
3200179216
3200671028
3200981646
3200903991
3200127447
3200929876
3200438064
3200463949
3200308640
3200515719
3199739174
3198626127
3199066169
3198574357
3199325017
3199014399
3199894483
3199687405
3198884975
3199635635
3199195593
3200360410
3200075677
3200515719
3200179216
3199428556
3199946253
3199195593
3199635635
3199221478
3199376787
3198755551
3199066169
3198393164
3197746043
3199169708
3198367279
3199195593
3199247363
3199790944
3199583865
3199014399
3199842714
3199195593
3199687405
3199583865
3199790944
3199195593
3198367279
3198755551
3198470818
3198755551
3198444933
3198548473
3198263740
3197538965
3198729666
3199014399
3199376787
3199247363
3199532096
3199635635
3199195593
3199532096
3199195593
3199376787
3198910860
3197331886
3198419048
3198341394
3198652012
3198341394
3197590734
3198030776
3198263740
3198755551
3198703781
3199169708
3199428556
3198367279
3199428556
3199299132
3199143823
3198600242
3197720158
3198082546
3197746043
3198082546
3197849582
3197176577
3198004891
3198082546
3198341394
3198419048
3197590734
3198781436
3198988514
3199325017
3199014399
3197642504
3197720158
3197694274
3198341394
3197720158
3196710650
3197668389
3197487195
3197927237
3197616619
3196814190
3197590734
3197642504
3198237855
3197590734
3197021268
3197823698
3197746043
3198030776
3197668389
3197331886
3197487195
3197126855
3197590734
3197357771
3197668389
3197331886
3196296412
3197331886
3197409540
3197616619
3197202462
3196503572
3197126855
3196917729
3197513080
3197254232
3197409540
3197254232
3197021268
3197306001
3196995383
3197202462
3196788305
3196710650
3197021268
3196840074
3196529456
3196788305
3196503572
3196891844
3196840074
3196322297
3196632996
3196400032
3196788305
3196710650
3196684765
3196632996
3196400032
3196840074
3196632996
3195704863
3196581226
3196607111
3196684765
3196374147
3194048234
3196374147
3196296412
3196684765
3196296412
3195290705
3196503572
3196581226
3196684765
3196555341
3194462391
3196632996
3196607111
3196995383
3196503572
3194876548
3196477687
3196270527
3196684765
3196166988
3194928318
3196244642
3195911941
3196166988
3195704863
3194100004
3195756632
3196089334
3196425917
3196218758
3194876548
3196477687
3196374147
3196684765
3196270527
3195031857
3195497784
3194876548
3195446014
3194928318
3195653093
3195135397
3192805763
3195135397
3195031857
3195653093
3195083627
3194048234
3195549554
3195756632
3196581226
3195808402
3194048234
3194824779
3193219920
3194410622
3194203543
3194824779
3194100004
3192391606
3194462391
3194048234
3195083627
3194773009
3195238936
3194617700
3193789386
3194255313
3194048234
3194410622
3194100004
3194824779
3193841156
3191563291
3193219920
3193168150
3193996464
3193789386
3193789386
3194048234
3192391606
3193685847
3193634077
3194410622
3193375229
3192702223
3193375229
3192598684
3193685847
3192753993
3193789386
3192961072
3190734977
3193064611
3193116381
3193375229
3192391606
3190734977
3192702223
3191770370
3193064611
3192753993
3192339836
3192339836
3189906663
3192546915
3192288066
3192546915
3191925679
3192132757
3192029218
3189906663
3192132757
3192495145
3192339836
3191925679
3189492506
3191511522
3191097365
3192546915
3191511522
3188664191
3191511522
3192546915
3191822140
3191200904
3190734977
3191304443
3190993825
3191511522
3190786747
3189078349
3191200904
3191304443
3191718600
3190890286
3189078349
3190890286
3190734977
3191925679
3191097365
3189078349
3191097365
3191149134
3191822140
3190993825
3189285427
3190942056
3190734977
3190993825
3190890286
3191407983
3190942056
3188250034
3191045595
3190838517
3191097365
3190269050
3190372590
3190165511
3188250034
3190269050
3190424359
3190269050
3189647815
3188250034
3189440736
3188664191
3190372590
3189958433
3190683208
3190476129
3188250034
3190734977
3190579668
3189854893
3189440736
3188457113
3189233658
3187835877
3188819500
3188198265
3189026579
3188819500
3187172401
3189181888
3188923040
3190165511
3189440736
3187835877
3190113742
3189751354
3189440736
3188612422
3187275940
3188508883
3188250034
3188923040
3188250034
3188612422
3187275940
3182202192
3187991186
3188612422
3188974809
3188250034
3189026579
3188612422
3187172401
3188819500
3188250034
3187991186
3187068861
3188198265
3187784108
3183858820
3187835877
3187939416
3188405343
3187379479
3184998076
3186551165
3183858820
3186033469
3186447626
3187483019
3187275940
3185826390
3186447626
3183858820
3186861783
3186137008
3187784108
3186965322
3185619312
3187483019
3185929929
3187068861
3187068861
3188198265
3186965322
3185826390
3186758244
3182202192
3185826390
3187275940
3186033469
3184998076
3186861783
3185101615
3183134045
3185101615
3181373877
3184376517
3184272977
3186447626
3184687458
3185826390
3184376517
3182098652
3182926967
3180545563
3183030506
3183030506
3182823427
3181684495
3184376517
3182305731
3182202192
3183341124
3180545563
3184687458
3183444663
3184169438
3182098652
3184998076
3181477417
3178495438
3182409270
3180545563
3182823427
3181891574
3184583919
3183548202
3179717249
3182823427
3180545563
3183237585
3182098652
3183755281
3182098652
3182823427
3180027867
3175182180
3180338485
3179303092
3182098652
3181580956
3183237585
3181891574
3180545563
3183755281
3178495438
3178702516
3181995113
3180442024
3180027867
3178288358
3180752642
3166217510
3179924327
3181995113
3186033469
3183134045
3166217510
3179116674
3177460044
3181270338
3180027867
3181270338
3181580956
3169530766
3174353866
3180442024
3181891574
3178495438
3173318474
3169944924
3166217510
3178288358
3180131406
3182512810
3181788034
3172283081
3177460044
3181373877
3181684495
3174975102
3170773238
3154191833
3166217510
3174975102
3176838809
3180442024
3177460044
3174975102
3174146788
3171661845
3177874202
3166217510
3179406631
3174560945
3176631730
3175182180
975051904
3135260736
3166217510
3178288358
3163318410
3165803352
3180131406
3166217510
3172076002
3157505090
3160818347
3173525552
3166217510
3167045824
3167874138
3174146788
3174975102
3173318474
3170773238
3166217510
3166217510
993997400
3174975102
3170359080
1021038113
3174768024
3173318474
3165803352
3166631667
3167874138
3168288295
3150953800
3174975102
3172490159
3135260736
3169116609
3166217510
3171247688
3162474975
3177045888
3145983916
3142926576
3172076002
3166217510
3155848461
3166631667
3174975102
3150953800
1016896543
3170773238
3166217510
3135260736
1007175118
3162474975
3162474975
1009660062
3166217510
3168288295
3165803352
3169116609
3172490159
3106960512
1025537402
3154191833
3157505090
3162474975
3150953800
1002747388
1008831746
3166217510
3172904316
3166631667
3149297172
1001090760
3142926576
1007175118
1021038113
3166217510
1008003432
3142926576
3150953800
3147640544
3166217510
3166217510
3154191833
1013801630
1009660062
1017310699
3164975038
1002747388
1016896543
1006060648
1013801630
1006060648
1004404020
3150953800
3149297172
1027194030
3142926576
3145983916
999434132
1011316690
1015654071
1017310699
1021038113
3142926576
1015239913
993997400
3106960512
1026572794
1013801630
1004404020
3106960512
1014629946
1022280585
1016482385
1017724857
1014629946
1018967327
1018139013
1018139013
1028850658
1017724857
1012973318
1016482385
1021866427
1031981673
1021038113
1020209799
1014629946
1022694741
1021452271
1023466616
1028850658
1021866427
1022694741
1016482385
1019795643
1028850658
1008831746
1017724857
3106960512
1016482385
1025537402
1021452271
1018967327
1024087852
1026779872
1033638301
1027401108
1004404020
3142926576
1024294930
1031981673
1023108899
1024087852
1015654071
1016482385
1024087852
1025744480
1030507934
1023108899
1026158636
1026158636
1025123244
1030507934
1028229422
1024916166
1008003432
1011316690
1031981673
1025744480
1016068229
1021452271
1026158636
1033638301
1024294930
1027401108
1021452271
1027401108
1027815266
1029886050
1033638301
1028229422
1031878134
1010488374
1015654071
1033224144
1025330324
1016068229
1023880774
1031129170
1021452271
1028229422
1035294930
1028022344
1027401108
1025744480
1028229422
1033638301
1028643580
1028436500
1026572794
1029886050
1028436500
1029886050
1033638301
1028229422
1026986950
1026158636
1028229422
1031981673
1026986950
1028229422
1025744480
1029057736
1033638301
1028229422
1031543326
1025744480
1029057736
1033431223
1030300854
1031336248
1027401108
1031129170
1029057736
1031878134
1035294930
1031981673
1023673694
1025744480
1027194030
1025951558
1027815266
1033638301
1030300854
1034155998
1033741841
1034570155
1036123244
1023466616
1020623957
1029057736
1032602909
1034363076
1026365716
1027194030
1029886050
1032706448
1029886050
1032292291
1036951558
1033948919
1035294930
1033741841
1034984312
1034984312
1035502008
1039850658
1033120605
1031336248
1027815266
1032395830
1031129170
1028643580
1033638301
1032913526
1033431223
1030715012
1033638301
1033741841
1033017066
1036019705
1034052459
1039436500
1033431223
1035812626
1032499369
1034984312
1030715012
1034155998
1032499369
1034570155
1033638301
1034673694
1032292291
1029057736
1032085212
1034155998
1033327684
1038608186
1033741841
1036123244
1034570155
1033741841
1030715012
1033845380
1036123244
1033431223
1033638301
1033741841
1034984312
1033741841
1032085212
1036537401
1033534762
1034466616
1033741841
1033534762
1033120605
1035916166
1041675653
1038194030
1033224144
1030715012
1031878134
1027815266
1027815266
1034570155
1036330323
1036951558
1035605548
1035812626
1035398469
1037572794
1039850658
1036951558
1036951558
1035605548
1035709087
1034984312
1037262176
1037779872
1033431223
1032913526
1032499369
1034777233
1035191391
1034052459
1035294930
1032499369
1033327684
1032085212
1034363076
1036951558
1033327684
1035294930
1033327684
1037676334
1033741841
1036848019
1040226104
1034466616
1032395830
1032292291
1034363076
1031543326
1034363076
1036951558
1036019705
1033638301
1032292291
1033327684
1032913526
1036951558
1040226104
1035087851
1039436500
1037676334
1039332962
1035398469
1032292291
1039850658
1035398469
1034673694
1029886050
1033534762
1034363076
1036433862
1038608186
1036226783
1037262176
1037469254
1036226783
1036951558
1035605548
1037158637
1035398469
1037365716
1041882732
1037469254
1036848019
1035812626
1035398469
1040226104
1035191391
1036019705
1034570155
1037779872
1040226104
1035709087
1037365716
1035398469
1038504648
1040226104
1036848019
1036226783
1034259537
1036848019
1037055098
1037676334
1039436500
1038918804
1037055098
1035812626
1038608186
1040057736
1039229422
1039643580
1036226783
1039954198
1036226783
1039747118
1041054418
1038194030
1038711726
1035812626
1036433862
1039436500
1037055098
1035812626
1036433862
1035709087
1039540040
1037779872
1041054418
1037055098
1040057736
1036226783
1038815266
1039954198
1038918804
1038608186
1036537401
1036433862
1037158637
1037986952
1040226104
1036537401
1036330323
1034984312
1037262176
1037055098
1040588491
1042711046
1040484952
1039436500
1037469254
1033845380
1033741841
1039954198
1036848019
1038918804
1041882732
1035812626
1035812626
1034570155
1039643580
1036226783
1038090490
1041882732
1039022344
1040277873
1039125884
1039125884
1034984312
1039332962
1038608186
1030715012
1039436500
1033741841
1040277873
1032913526
1038815266
1040847339
1037779872
1040226104
1040950879
1041520345
1040692030
1041830962
1043539360
1041106187
1040899109
1030715012
1032085212
1033741841
1035605548
1041054418
1036226783
1040588491
1032085212
1037055098
1036019705
1041727423
1040226104
1038297568
1041416805
1040899109
1037055098
1038090490
1037262176
1036951558
1034155998
1033741841
1037055098
1034673694
1042711046
1034570155
1039436500
1034984312
1040640261
1042555737
1037262176
1042503968
1041209727
1039540040
1038711726
1037055098
1043539360
1036433862
1038194030
1033741841
1039436500
1034155998
1039747118
1038608186
1040640261
1040588491
1040277873
1040950879
1041882732
1040847339
1042711046
1040692030
1039229422
1039125884
1038194030
1036951558
1035812626
1038608186
1035191391
1035398469
1035916166
1036226783
1036640940
1040161276
1042089811
1039332962
1040226104
1036226783
1034984312
1033120605
1040692030
1036744480
1032188752
1033638301
1042141580
1043021664
1042762816
1028229422
1041054418
1034984312
1040847339
1040536721
1042503968
1027401108
1040795570
1041882732
1040950879
1040226104
1038297568
1040381413
1042296889
1040433182
1040226104
1039022344
1040057736
1038711726
1037158637
1040226104
1033741841
1032706448
1026572794
1028229422
1028850658
1023673694
1030507934
1018967327
1021866427
1015654071
1019795643
1016482385
1022280585
1031981673
1023673694
1023466616
1021452271
1024502008
1021452271
1024502008
1031981673
1023673694
1023880774
1021452271
1023466616
1024087852
1023673694
1031981673
1022280585
1020623957
1018139013
1023108899
1015654071
1023108899
1028229422
1023108899
1025537402
1017724857
1018553171
1014629946
1018139013
1025951558
1018139013
1028850658
1018139013
1016482385
1002747388
1016482385
1014629946
1014629946
1025537402
1015654071
1028850658
1010488374
1014629946
1002747388
1009660062
993997400
1008003432
1018139013
1012973318
1025537402
1008003432
1007175118
3142926576
1011316690
1014629946
1008831746
1025537402
1008003432
1008003432
3106960512
1008831746
1024502008
1006060648
1021038113
1011316690
1010488374
993997400
1018139013
1023673694
1009660062
1021038113
1011316690
1012973318
993997400
1013801630
1025537402
1010488374
1004404020
993997400
1010488374
1009660062
1008003432
1028022344
1010488374
1008003432
993997400
1014629946
1020623957
1012145002
1027194030
1004404020
1007175118
997310656
1001090760
1018139013
1008003432
1021038113
1002747388
1011316690
3142926576
1008831746
1027194030
1006060648
1008003432
3142926576
993997400
1025123244
1007175118
1002747388
3106960512
1002747388
993997400
1009660062
1021038113
1001090760
1006060648
3155020147
1008003432
1024709088
1002747388
1013801630
3106960512
1001090760
999434132
1009660062
1025537402
1006060648
1002747388
3150953800
1006060648
1016896543
997310656
1021038113
999434132
997310656
3139613320
1006060648
993997400
1002747388
1025537402
993997400
990684144
3154191833
993997400
1008003432
1001090760
1010488374
3106960512
993997400
3154191833
997310656
1025537402
3142926576
3106960512
3155848461
993997400
1021038113
3106960512
3106960512
3155848461
3128317632
1021038113
3106960512
3142926576
3159161718
984886032
1021038113
3106960512
3128317632
3159161718
3142926576
1021038113
3142926576
3142926576
3162474975
3135260736
1021038113
3152610430
3139613320
3162474975
3142926576
1021038113
3149297172
3155848461
3162474975
3152610430
993997400
3139613320
1013801630
3150953800
3135260736
3155848461
3145983916
1021038113
3145983916
3152610430
3159161718
3142926576
1021038113
3150953800
3106960512
3162474975
3147640544
1021038113
3135260736
3154191833
3155848461
3145983916
1008003432
3139613320
1017724857
3155848461
3147640544
3159161718
3145983916
1021038113
3142926576
3142926576
3164146724
3145983916
1008003432
3147640544
990684144
3158333404
3150953800
3159161718
3149297172
1021038113
3147640544
3150953800
3162474975
3142926576
3154191833
3152610430
1021038113
3147640544
3155020147
3154191833
3142926576
990684144
3142926576
990684144
3159161718
3106960512
3155848461
3142926576
1021038113
3154191833
3139613320
3162474975
3142926576
1021038113
3147640544
3155020147
3162474975
3149297172
1019381485
3145983916
3155848461
3162474975
3147640544
1009660062
3156676776
990684144
3155848461
3147640544
1017724857
3145983916
3149297172
3155848461
3150953800
3147640544
3149297172
990684144
3159161718
3150953800
3150953800
3150953800
1013801630
3156676776
3155020147
3162474975
3142926576
1021038113
3156676776
3163732567
3165803352
3159990032
1017724857
3156676776
3154191833
3164146724
3152610430
1017724857
3155848461
3155848461
3159161718
3152610430
3145983916
3164560881
3157505090
1008003432
3155848461
3152610430
3162474975
3152610430
993997400
3155848461
3145983916
3162474975
3155848461
1013801630
3155020147
3157505090
3165389195
3155848461
997310656
3155848461
3149297172
3162474975
3159161718
3149297172
3154191833
3145983916
3159161718
3156676776
3160818347
3155848461
1021038113
3149297172
3162474975
3165803352
3155020147
984886032
3155848461
1019381485
3159161718
3163318410
3165803352
3157505090
1013801630
3154191833
3161646661
3163732567
3155848461
993997400
3154191833
997310656
3160818347
3155848461
3162474975
3156676776
1017724857
3158333404
3156676776
3165803352
3161646661
1013801630
3155848461
3162474975
3159161718
3155020147
1013801630
3155848461
3155848461
3142926576
3154191833
990684144
3160818347
3159161718
3155848461
3157505090
1010488374
3155848461
3145983916
3162474975
3155020147
1031981673
3159161718
3147640544
3165803352
3155020147
1012973318
3149297172
3155020147
3166631667
3159161718
3150953800
3150953800
990684144
3162904253
3155848461
3165803352
3142926576
1021038113
3159990032
3159161718
3165803352
3158333404
1021038113
3162474975
3162474975
3167459981
3161646661
975051904
3154191833
3128317632
3164146724
3159161718
3159161718
3155020147
1021038113
3159161718
3166217510
3165803352
3166217510
3166217510
3159161718
3152610430
3155848461
3155848461
3165389195
3159161718
1013801630
3160818347
3145983916
3164146724
3162474975
3171661845
3166631667
1017724857
3158333404
3163318410
3170773238
3160818347
3135260736
3155848461
990684144
3164560881
3160818347
3164975038
3166217510
3145983916
3163318410
3159161718
3162474975
3162474975
1013801630
3166217510
3166217510
3169116609
3166217510
1019381485
3160818347
3160818347
3165803352
3166217510
3166217510
3166217510
3161646661
3165803352
3157505090
1019381485
3161646661
3162474975
3169944924
3167459981
1013801630
3162474975
3166217510
3169116609
3162904253
1010488374
3149297172
3158333404
3165803352
3166217510
3166217510
3166217510
3145983916
3160818347
3155848461
984886032
3155848461
3160818347
3169116609
3171661845
990684144
3155848461
3155020147
3165803352
3160818347
1017724857
3167459981
3166217510
3165803352
3159990032
1013801630
3163318410
3166217510
3165803352
3156676776
990684144
3164146724
3166217510
3167459981
3166217510
1013801630
3164146724
3159161718
3168288295
3166217510
3166217510
3166217510
3166217510
3165803352
3155848461
1019381485
3157505090
3159161718
3165803352
3166217510
1008831746
3161646661
3166217510
3165803352
3166217510
3166217510
3162474975
3145983916
3166631667
3162474975
3164146724
3161646661
3166217510
3166217510
3166217510
990684144
3163318410
3166217510
3165803352
3162474975
1013801630
3162474975
3166217510
3169116609
3159990032
1017724857
3166217510
3166217510
3170773238
3166217510
3166217510
3166631667
3166217510
3166217510
3166217510
3167459981
3171661845
3167459981
3166217510
3169530766
3159161718
3160818347
3155848461
3156676776
3165803352
3162474975
3166217510
3169116609
3155848461
3165803352
3147640544
1021038113
3162904253
3162904253
3165803352
3167874138
3166217510
3170773238
3166631667
3170773238
3159161718
990684144
3166631667
3166631667
3166217510
3167045824
3167874138
3172490159
3167874138
1013801630
3156676776
3161646661
3165803352
3162474975
3166217510
3168288295
3166217510
3171247688
3168288295
3166217510
3171040610
3155848461
3165803352
3157505090
990684144
3163318410
3160818347
3154191833
3166217510
3166217510
3167459981
3166631667
3170773238
3167045824
3166217510
3171247688
3168288295
3169116609
3167045824
3166217510
3167045824
3154191833
3165803352
3158333404
1013801630
3159161718
3166217510
3164146724
3159161718
3164146724
3161646661
1007175118
3164146724
3156676776
3169116609
3166217510
1016068229
3166217510
3166217510
3171247688
3166217510
3166217510
3168288295
3166217510
3173318474
3166217510
1007175118
3166217510
3160818347
3169116609
3167045824
3166217510
3167874138
3167045824
3172490159
3173318474
3166217510
3169116609
3168288295
3170773238
3162474975
1006060648
3160818347
3171661845
3173732630
3166217510
3166217510
3166217510
3166217510
3169944924
3173732630
3176424652
3169116609
3166217510
3167459981
3166217510
3165803352
3156676776
3145983916
3174146788
3176010494
3171661845
3166631667
3166217510
3167459981
3166217510
3135260736
3160818347
3166217510
3174975102
3171661845
3166217510
3171454766
3166631667
3176631730
3169944924
3166217510
3166217510
3167459981
3171661845
3166631667
1006060648
3166217510
3167874138
3171661845
3169116609
3166217510
3168288295
3169116609
3172490159
3166217510
3166217510
3167459981
3168702452
3171661845
3169116609
3166217510
3167459981
3166217510
3170773238
3169116609
3169116609
3167459981
3166217510
3167459981
3167874138
3171661845
3167459981
3166217510
3166631667
3166217510
3170773238
3167459981
3171661845
3167459981
3166217510
3166631667
3168288295
3172904316
3169116609
3166217510
3166217510
3167045824
3171247688
3166217510
3166217510
3166217510
3166217510
3168702452
3174975102
3173318474
3167874138
3166217510
3168702452
3167459981
3175803416
3171040610
3166217510
3171247688
3166217510
3170773238
3166217510
3173525552
3178081280
3171661845
3169116609
3169530766
3166217510
3171661845
3173318474
3177252966
3171247688
3166217510
3168702452
3166217510
3174975102
3166217510
1012973318
3167045824
3169530766
3176631730
3175803416
3171661845
3166217510
3166217510
3174560945
3176217574
3173318474
3162904253
3166217510
3172490159
3174146788
3177460044
3175389259
3166217510
3166217510
3166217510
3171040610
3167459981
3166217510
3171040610
3169530766
3175182180
3174975102
3172490159
3166217510
3166217510
3174975102
3175596338
3174146788
3159990032
3166217510
3171454766
3169530766
3174146788
3172490159
3177252966
3176631730
3166217510
3162474975
3158333404
3167459981
3172490159
3174975102
3176217574
3166217510
3170773238
3169116609
3176217574
3175389259
3171661845
3166217510
3166217510
3174768024
3169116609
3176631730
3174560945
3166217510
3166631667
3162474975
3171661845
3174560945
3166217510
3178288358
3171661845
3170773238
3174975102
3173525552
3168702452
3166217510
3176424652
3174975102
3170773238
3166217510
3166217510
3178288358
3178288358
3170773238
3167459981
3175596338
3179116674
3168702452
3166217510
3174146788
3166217510
3169116609
3174353866
3177252966
3177045888
3166217510
3168288295
3166217510
3176631730
3176838809
3166217510
3171454766
3166217510
3177874202
3177045888
3166217510
3166217510
3162474975
3174146788
3174146788
3166217510
3175803416
3171661845
3171661845
3174146788
3166217510
3171247688
3166217510
3171661845
3174146788
3166217510
3179613710
3171247688
3169116609
3173318474
3175182180
3178288358
3170773238
3167459981
3171868924
3166217510
3176424652
3170773238
3176631730
3174975102
3169530766
3172076002
3173525552
3174975102
3178495438
3166217510
3171661845
3167459981
3173318474
3172076002
3166217510
3174768024
3177045888
3179613710
3171247688
3166217510
3168702452
3166217510
3171454766
3170773238
3174975102
3173732630
3173525552
3176424652
3176217574
3172697238
3177460044
3167874138
3167459981
3166217510
3167459981
3174975102
3176838809
3179303092
3174975102
3166217510
3176010494
3177667124
3179613710
3170773238
1017724857
3166217510
3173732630
3178288358
3176424652
3166217510
3175803416
3174560945
3174146788
3177874202
3177667124
3174560945
3166217510
3166217510
3169116609
3167874138
3172490159
3174560945
3176010494
3180027867
3176217574
3166217510
3176217574
3179613710
3180442024
3171868924
3166217510
3172076002
3168702452
3166631667
3172697238
3171868924
3177460044
3176631730
3176631730
3179613710
3175182180
3173318474
3166631667
3174560945
3173318474
3176838809
3177460044
3177874202
3171868924
3170773238
3168288295
3173732630
3175182180
3166217510
3176631730
3179303092
3179613710
3173318474
3166217510
3174560945
3176010494
3174975102
3178288358
3172697238
3172490159
3167459981
3170773238
3176631730
3169530766
3178288358
3178495438
3179116674
3178495438
3166217510
3170773238
3174353866
3172076002
3177460044
3173525552
3180027867
3178288358
3173318474
3167874138
3166217510
3178288358
3177252966
3178288358
3177667124
3166217510
3175182180
3175803416
3178288358
3178288358
3166217510
3170773238
3167874138
3176631730
3176424652
3166217510
3179406631
3180131406
3179613710
3178288358
3175182180
3180442024
3179406631
3167045824
3166631667
3171247688
3177874202
3178495438
3166217510
3177460044
3179116674
3179613710
3177045888
3166217510
3178081280
3175389259
3178288358
3175389259
3178081280
3178288358
3177667124
3166217510
3176631730
3177460044
3176631730
3175389259
3171868924
3174975102
3175389259
3172490159
3176631730
3178288358
3180027867
3176838809
3171454766
3175803416
3179116674
3177460044
3175389259
3166217510
3176217574
3175389259
3180442024
3176631730
3173525552
3179116674
3179116674
3167874138
3174560945
3178288358
3179820788
3175596338
3173525552
3180131406
3178288358
3169530766
3177874202
3178081280
3180027867
3176217574
3171868924
3180338485
3178288358
3167874138
3177874202
3179116674
3179510170
3175596338
3166217510
3178702516
3177252966
3178288358
3178081280
3176010494
3180027867
3179116674
3172490159
3177460044
3179820788
3180027867
3177252966
3166217510
3179116674
3179613710
3180234945
3178288358
3173525552
3179406631
3179820788
3180027867
3177667124
3167874138
3178288358
3179116674
3180442024
3177874202
3167874138
3177874202
3179613710
3180442024
3177460044
3166217510
3179116674
3178288358
3180442024
3178288358
3171868924
3180027867
3179303092
3173732630
3178081280
3180027867
3181166799
3178909594
3166217510
3179116674
3179116674
3180442024
3178702516
3175182180
3179820788
3179717249
3175182180
3178909594
3180027867
3183755281
3179116674
3171040610
3180442024
3179303092
3175803416
3179406631
3180856181
3181270338
3179820788
3171868924
3180027867
3180649102
3181684495
3179303092
3171868924
3180752642
3180959720
3180442024
3179613710
3175182180
3180338485
3180234945
3181684495
3180234945
3173525552
3180442024
3180856181
3180027867
3178909594
3180131406
3181891574
3179613710
3172697238
3180752642
3181063260
3181684495
3180442024
3171868924
3180442024
3181166799
3182098652
3180027867
3172697238
3181270338
3180752642
3182098652
3180027867
3172283081
3180545563
3180442024
3181891574
3180545563
3176838809
3181270338
3180649102
3182098652
3181270338
3175182180
3180856181
3180856181
3181063260
3180649102
3175182180
3181063260
3180545563
3182512810
3180442024
3172697238
3181270338
3180027867
3182098652
3180752642
3178288358
3180545563
3175182180
3181477417
3180959720
3183341124
3181063260
3175389259
3181477417
3180959720
3182409270
3181373877
3179613710
3181373877
3180545563
3182305731
3181788034
3181891574
3181684495
3178495438
3182098652
3182098652
3183341124
3181477417
3175182180
3181788034
3181477417
3183341124
3182202192
3176010494
3182305731
3181684495
3183755281
3182616349
3176838809
3182098652
3182512810
3184583919
3182512810
3176838809
3182512810
3183030506
3184998076
3183134045
3180545563
3182926967
3183030506
3184065899
3182926967
3182098652
3182926967
3181373877
3183755281
3183548202
3184583919
3183548202
3178495438
3183858820
3184065899
3185412233
3183651742
3178495438
3184065899
3184998076
3185412233
3184169438
3180545563
3184272977
3184376517
3184583919
3183858820
3184480379
3186033469
3183755281
3181373877
3184583919
3184894537
3186654704
3185826390
3184272977
3184998076
3183858820
3185722851
3185101615
3185826390
3185101615
3182202192
3186240547
3185412233
3184790997
3185412233
3184272977
3186654704
3186447626
3187068861
3186033469
3182409270
3186654704
3186861783
3188198265
3186447626
3182202192
3186861783
3187068861
3188094725
3186344086
3183858820
3186861783
3187483019
3187991186
3186240547
3186447626
3187483019
3187939416
3188198265
3187680568
3184272977
3187784108
3188042956
3188923040
3188301804
3184687458
3188819500
3188819500
3189233658
3188819500
3187835877
3189285427
3189078349
3187172401
3188871270
3189078349
3189854893
3188871270
3187172401
3189285427
3189233658
3189854893
3189492506
3188250034
3189751354
3189440736
3187172401
3189906663
3190113742
3190579668
3190061972
3189285427
3190579668
3190631438
3190061972
3190942056
3190838517
3191718600
3191511522
3189078349
3191511522
3192029218
3192339836
3191770370
3189699584
3192339836
3192702223
3193582307
3192753993
3190734977
3193271690
3193064611
3193996464
3193737616
3192391606
3194462391
3194980088
3195135397
3195135397
3194048234
3195653093
3195446014
3195756632
3196218758
3196348182
3197047153
3196865959
3194980088
3197228347
3197616619
3197927237
3197306001
3196814190
3198030776
3198134315
3198910860
3198496703
3197538965
3198833206
3199169708
3199790944
3199299132
3198574357
3199143823
3200153331
3201240494
3200774567
3200230986
3200619258
3202068889
3202250083
3202690125
3201680617
3203518439
3203596093
3203518439
3202793664
3203207821
3202250083
3202094774
3203311360
3203156051
3204708122
3204721064
3202508931
3202483046
3203544324
3204915201
3204772834
3203000742
3205174049
3204513986
3205821210
3204915201
3206520100
3207024854
3205652918
3206235367
3205614091
3205743556
3205122279
3204682237
3204979913
3204721064
3204915201
3205161107
3205329358
3205148164
3205342300
3205614091
3205368185
3205769440
3205821210
3205549379
3206054173
3205782383
3206209482
3205795325
3205536437
3205678803
3205135222
3205588206
3205407012
3205432897
3205225819
3204165559
3204992855
3205614091
3206364791
3205523494
3205161107
3205756498
3206170655
3206338906
3206196540
3206235367
3206170655
3205549379
3206002404
3205860037
3205691745
3205536437
3204876374
3205432897
3205536437
3205639976
3206507158
3205860037
3205769440
3205834152
3206209482
3206248310
3205963577
3206468330
3206494215
3206520100
3206157713
3205445840
3205704688
3205562321
3205678803
3205458782
3205381128
3205639976
3205186991
3206338906
3206067116
3205950634
3206054173
3205756498
3206571870
3206636582
3206520100
3206261252
3205549379
3205860037
3205924749
3205847095
3205665861
3204928143
3205510552
3205872980
3205950634
3205834152
3206067116
3206080058
3206093001
3206313022
3206481273
3206856603
3206675409
3206170655
3206338906
3205821210
3206002404
3205847095
3205795325
3205652918
3205238761
3205847095
3205795325
3206157713
3206015346
3205704688
3206080058
3206338906
3206131828
3206558927
3206442446
3206520100
3206481273
3206209482
3206377734
3206520100
3205976519
3205549379
3206015346
3206002404
3206157713
3205834152
3205652918
3205872980
3205860037
3206183597
3205924749
3205549379
3205911807
3205860037
3206028289
3205911807
3205950634
3205924749
3205549379
3205976519
3205860037
3206157713
3205963577
3205549379
3205989461
3205924749
3206131828
3205963577
3206002404
3205976519
3205342300
3205976519
3205885922
3206105943
3205950634
3205782383
3205847095
3205549379
3205950634
3205898864
3206054173
3205860037
3205445840
3205847095
3205872980
3206054173
3205963577
3206054173
3206105943
3205549379
3206131828
3205937692
3206157713
3206015346
3205898864
3205924749
3205652918
3205847095
3205743556
3205950634
3205872980
3205497609
3205924749
3205652918
3205795325
3205847095
3206261252
3206222425
3206054173
3206507158
3206377734
3206390676
3206196540
3206209482
3205976519
3205847095
3205717671
3205135222
3205691745
3205652918
3205743556
3205536437
3206157713
3205691745
3206028289
3206002404
3205795325
3206274194
3206170655
3206623639
3206571870
3206571870
3206520100
3206313022
3205911807
3205342300
3205756498
3205549379
3205821210
3205795325
3205950634
3205834152
3205394070
3205898864
3205549379
3206105943
3206468330
3206778948
3206753063
3206778948
3206507158
3205808268
3206067116
3206067116
3206080058
3205795325
3205898864
3205808268
3205135222
3205898864
3205911807
3206131828
3206080058
3206131828
3206054173
3206002404
3206610697
3206377734
3206675409
3206520100
3206468330
3206248310
3206261252
3206028289
3205549379
3205847095
3205652918
3205847095
3205821210
3206157713
3205872980
3205135222
3205924749
3206054173
3206468330
3206377734
3206727179
3206571870
3205963577
3206533043
3206054173
3206248310
3206041231
3205795325
3205691745
3205549379
3205730613
3205782383
3205924749
3205562321
3205290531
3205847095
3205963577
3206235367
3206325964
3206675409
3206571870
3205963577
3206338906
3206235367
3206131828
3205691745
3205639976
3205691745
3204824604
3205730613
3205368185
3205639976
3206105943
3205950634
3205885922
3205342300
3205963577
3205963577
3206545985
3206520100
3206571870
3206157713
3205743556
3205911807
3205135222
3205407012
3205277588
3205588206
3205225819
3204721064
3206209482
3205614091
3205639976
3205821210
3205717671
3206131828
3205549379
3206261252
3206041231
3206468330
3205937692
3205549379
3205808268
3205549379
3205536437
3205303473
3205355243
3205225819
3204721064
3205329358
3205769440
3205381128
3205407012
3205342300
3205639976
3205976519
3206105943
3206002404
3205704688
3206131828
3206157713
3206364791
3205795325
3205497609
3205872980
3205562321
3205678803
3205484667
3205484667
3205368185
3204928143
3205536437
3205394070
3205225819
3205329358
3205536437
3205717671
3205342300
3206054173
3206067116
3206364791
3205976519
3205950634
3205704688
3205135222
3205329358
3205277588
3205536437
3205225819
3205135222
3205290531
3205264646
3205329358
3205484667
3205691745
3205743556
3205652918
3206028289
3205756498
3206105943
3205627033
3205432897
3205484667
3205135222
3205161107
3205083452
3205329358
3205083452
3205277588
3205484667
3205083452
3205316416
3205031683
3205588206
3205743556
3205950634
3205691745
3205303473
3205782383
3204824604
3205251704
3205161107
3205458782
3204966971
3205277588
3204837546
3204721064
3204941086
3204915201
3205122279
3204656352
3204863431
3204876374
3204928143
3205691745
3205536437
3205691745
3205407012
3205161107
3205199934
3204721064
3204811661
3204772834
3204966971
3204850489
3203751402
3204617525
3204346753
3204876374
3205044625
3204850489
3205225819
3205135222
3205381128
3205264646
3205536437
3205057567
3204721064
3204746949
3204824604
3204863431
3204798719
3203570208
3204695180
3204565756
3205355243
3205096395
3205018740
3204811661
3204513986
3204928143
3205225819
3205122279
3205135222
3205070510
3205109337
3204269099
3204915201
3204811661
3205018740
3204346753
3203337245
3203958481
3204578698
3204578698
3204591640
3203337245
3204501044
3204682237
3204811661
3204966971
3203854941
3204941086
3204915201
3204889316
3204243214
3203854941
3204785777
3204243214
3204708122
3204708122
3203854941
3204087905
3204837546
3204837546
3204346753
3203621978
3204604583
3204721064
3204604583
3204501044
3204604583
3204837546
3204513986
3204695180
3204889316
3205122279
3204876374
3203337245
3204513986
3204501044
3204139674
3204682237
3204139674
3203854941
3203337245
3204501044
3204578698
3203880826
3203725517
3203829057
3204269099
3203337245
3204604583
3204669295
3204604583
3204578698
3203544324
3204320868
3204591640
3203932596
3203725517
3203906711
3203026627
3202923088
3202819549
3202948973
3203104282
3202690125
3201680617
3203596093
3203777287
3204475159
3204565756
3204513986
3204837546
3204488101
3204669295
3203414899
3203104282
3203544324
3202508931
3202767779
3202767779
3202586585
3202793664
3201887695
3202871318
3203414899
3203518439
3203207821
3203311360
3203440784
3203544324
3204191444
3204269099
3204552813
3203518439
3202353622
3202664240
3202094774
3202250083
3201991234
3202483046
3202146543
3201266379
3202897203
3202716009
3203285475
3203207821
3203725517
3203492554
3202508931
3203311360
3203078397
3203518439
3202379507
3201965350
3202224198
3200852221
3201473457
3201473457
3202068889
3201499342
3201680617
3201861810
3201059300
3202327737
3202690125
3203466669
3203052512
3202793664
3202897203
3201680617
3202457161
3202301852
3202275967
3201861810
3201654651
3201136954
3200826337
3201059300
3200023907
3201835925
3201473457
3202017119
3201810041
3201861810
3202172428
3201680617
3202483046
3202327737
3202690125
3202172428
3201266379
3201835925
3201266379
3201680617
3201421687
3201447572
3201033415
3200023907
3201111070
3200748682
3201033415
3201033415
3201551112
3201421687
3200852221
3201706501
3202172428
3202483046
3202146543
3200852221
3201732386
3201499342
3201447572
3200826337
3200412180
3200645143
3200230986
3200619258
3200619258
3200722797
3200619258
3199609750
3200774567
3201292263
3202224198
3201810041
3201784156
3201861810
3200023907
3200386295
3200075677
3199946253
3200360410
3199195593
3199946253
3199946253
3200412180
3200049792
3199195593
3200334525
3200412180
3201240494
3200852221
3200023907
3201188724
3200619258
3201240494
3200515719
3198884975
3200023907
3199273247
3200360410
3199946253
3199325017
3199790944
3199661520
3199998022
3199661520
3198988514
3199868598
3199894483
3200101562
3199842714
3199428556
3199713289
3199454441
3199946253
3199842714
3199842714
3199661520
3198367279
3199583865
3199066169
3199998022
3199506211
3199014399
3199402672
3199402672
3199687405
3199609750
3199376787
3199299132
3199247363
3199454441
3199221478
3198988514
3199092054
3198367279
3199092054
3198910860
3198755551
3198729666
3198781436
3199169708
3198548473
3198237855
3198496703
3198496703
3198548473
3198419048
3197823698
3198082546
3198134315
3198703781
3198289624
3197126855
3198263740
3198522588
3198755551
3198419048
3197538965
3198652012
3198004891
3198522588
3198367279
3198367279
3198496703
3198393164
3197306001
3198082546
3197771928
3198341394
3197642504
3197927237
3197616619
3197538965
3198030776
3198160200
3198341394
3198134315
3197126855
3198419048
3198237855
3198548473
3198056661
3196917729
3197720158
3197720158
3197720158
3197331886
3196296412
3197306001
3197409540
3197823698
3197383656
3196710650
3197564849
3197875467
3198341394
3197513080
3196710650
3197590734
3197047153
3197720158
3197228347
3196348182
3196943614
3196814190
3196814190
3196710650
3196658880
3196840074
3196710650
3197564849
3197564849
3197098923
3196374147
3194876548
3196788305
3196632996
3197098923
3197098923
3196891844
3196788305
3195704863
3196684765
3196400032
3196684765
3196374147
3197098923
3196607111
3194876548
3196684765
3196063449
3196451802
3196115218
3196063449
3196063449
3194876548
3196451802
3196555341
3196684765
3196141103
3194151773
3196166988
3195704863
3196244642
3195549554
3196270527
3195860171
3194048234
3195756632
3195756632
3196270527
3195238936
3194048234
3195549554
3195653093
3196115218
3195135397
3195187166
3195031857
3194048234
3194980088
3194410622
3195549554
3194617700
3192391606
3194773009
3194048234
3194824779
3193789386
3195653093
3194824779
3192391606
3194410622
3194255313
3195135397
3193478768
3191770370
3193841156
3194203543
3193996464
3193375229
3192702223
3194307082
3193841156
3193996464
3193685847
3192598684
3193375229
3193737616
3193996464
3193168150
3192805763
3193375229
3191977449
3193064611
3193219920
3193582307
3193064611
3190734977
3193064611
3192753993
3193168150
3192753993
3190734977
3192495145
3192132757
3192961072
3192339836
3190734977
3191925679
3191925679
3193168150
3192029218
3191718600
3192132757
3190734977
3192132757
3192080988
3192339836
3191925679
3191407983
3191407983
3189078349
3190942056
3190734977
3191925679
3191770370
3190269050
3191407983
3191563291
3192132757
3191718600
3191822140
3191770370
3189492506
3190683208
3190527899
3191925679
3191045595
3188457113
3189906663
3189647815
3190683208
3190424359
3189078349
3190424359
3190734977
3191097365
3190372590
3190786747
3190683208
3189492506
3189492506
3189026579
3190683208
3190113742
3187172401
3189699584
3188664191
3189854893
3189440736
3187172401
3189906663
3188250034
3189751354
3189647815
3190269050
3190165511
3189181888
3188974809
3188042956
3189026579
3189233658
3189233658
3188715961
3187172401
3188715961
3188405343
3189026579
3187991186
3185826390
3187379479
3183858820
3187991186
3187939416
3189026579
3188405343
3187172401
3188819500
3185929929
3186240547
3188198265
3189026579
3187275940
3183858820
3187835877
3187835877
3188560652
3187835877
3188612422
3187887647
3183858820
3187483019
3187172401
3187680568
3186654704
3187784108
3186033469
3187068861
3187784108
3181373877
3184480379
3182202192
3186965322
3187068861
3186654704
3185619312
3187068861
3185826390
3181063260
3184687458
3181373877
3184790997
3184169438
3186240547
3184169438
3182926967
3185205154
3180959720
3184583919
3185101615
3184998076
3184583919
3186240547
3183962360
3183134045
3183962360
3180545563
3183651742
3184998076
3185826390
3183134045
3182098652
3182823427
3176838809
3181995113
3182098652
3184583919
3183858820
3182926967
3185826390
3180545563
3182305731
3181788034
3183755281
3182616349
3183755281
3181580956
3180545563
3181270338
3175182180
3182098652
3183755281
3182098652
3182719888
3179406631
3179510170
3175182180
3181477417
3181580956
3184376517
3176838809
3166217510
3182098652
3172076002
3177460044
3172490159
3171247688
3177667124
3173525552
3183755281
3183237585
3180442024
3178081280
3182098652
3182512810
3166217510
3179820788
3162904253
3163318410
3172490159
3178288358
3179303092
3171868924
3179717249
3178081280
3176631730
3175803416
3178288358
3179613710
3167874138
3178288358
3178495438
3176631730
3175803416
3177045888
3161646661
1017724857
3168702452
3178495438
3174146788
3166631667
3174975102
3167874138
3166217510
3166217510
3152610430
3174768024
999434132
1012973318
3166217510
3169530766
3172904316
3174146788
3173318474
3166217510
1017724857
1012973318
3106960512
3175803416
3167874138
1027194030
3171454766
3176631730
3162474975
3171247688
3170359080
3172076002
3166217510
3174146788
3171661845
3169116609
3168702452
3166217510
3167459981
3157505090
3150953800
999434132
1013801630
3169944924
3166217510
3166631667
3166217510
3159161718
1006060648
3166217510
3166217510
1012973318
3164146724
1008831746
1018553171
3166217510
3166217510
1014629946
3166217510
3165803352
1016482385
1025537402
1012145002
993997400
1006060648
1020209799
3166217510
3155848461
1021038113
3169530766
1008831746
3150953800
990684144
1012145002
1013801630
990684144
3156676776
3142926576
3162474975
993997400
1021038113
1008831746
1027194030
1011316690
1016482385
1014629946
1010488374
1023108899
3147640544
1021038113
1002747388
1007175118
3155848461
3139613320
1016482385
1020623957
1031981673
1020623957
1010488374
1014629946
1022694741
1022694741
1018967327
1017724857
1015654071
1019381485
1014629946
1021452271
1031981673
1019795643
1008831746
1014629946
1024087852
1025330324
1023673694
1025537402
1021452271
1024294930
1024087852
1025123244
1031981673
1024916166
1023108899
1021452271
1026158636
1032809987
1026365716
1019381485
1025744480
1016482385
1031981673
1022694741
1029678972
1022280585
1025330324
1026158636
1020623957
1033638301
1025951558
1028022344
1023108899
1027608186
1031981673
1025951558
1028850658
1012145002
1021038113
1031543326
1026365716
1027194030
1030093130
1029471894
1032602909
1029264816
1032809987
1032188752
1033741841
1034777233
1024087852
1023466616
1024916166
1029264816
1026572794
1028643580
1033224144
1022280585
1031543326
1030922090
1028436500
1033638301
1032188752
1031336248
1031543326
1035502008
1038401108
1029471894
1029678972
1021452271
1026572794
1027401108
1025744480
1033638301
1032809987
1032913526
1031129170
1032085212
1033534762
1030093130
1037779872
1029886050
1034673694
1029057736
1029886050
1036537401
1031543326
1033638301
1026572794
1026779872
1029057736
1029471894
1036123244
1032913526
1026572794
1031543326
1033431223
1038608186
1032499369
1033741841
1029057736
1033534762
1032085212
1034155998
1032809987
1033534762
1032706448
1035087851
1034155998
1035294930
1032602909
1033327684
1033017066
1034052459
1036951558
1033741841
1032913526
1030715012
1029471894
1035294930
1035605548
1034984312
1030715012
1033638301
1035812626
1036330323
1040226104
1038504648
1038504648
1032499369
1030300854
1036123244
1035294930
1033845380
1033741841
1034570155
1031543326
1030922090
1038608186
1035709087
1036226783
1034777233
1039125884
1041054418
1035916166
1034880773
1036226783
1037365716
1038297568
1036951558
1040226104
1036433862
1035605548
1032085212
1036226783
1040226104
1034984312
1038194030
1039022344
1038815266
1035398469
1037986952
1040950879
1037262176
1038608186
1035709087
1035502008
1033741841
1034777233
1035812626
1034570155
1039022344
1036019705
1040226104
1036226783
1037779872
1035605548
1037986952
1039850658
1037883412
1041675653
1037055098
1039436500
1035709087
1038608186
1036640940
1037262176
1040226104
1038297568
1038194030
1038090490
1035398469
1037883412
1035191391
1037158637
1038504648
1040226104
1036330323
1037055098
1035398469
1038401108
1042296889
1040484952
1038608186
1033741841
1034155998
1035398469
1034363076
1037779872
1038297568
1039436500
1038297568
1039125884
1038297568
1039229422
1037469254
1036951558
1040226104
1036640940
1038297568
1038918804
1040950879
1041106187
1038504648
1039436500
1036640940
1035294930
1032913526
1034984312
1040847339
1037158637
1036848019
1034777233
1036640940
1038608186
1035812626
1038608186
1036537401
1037055098
1035398469
1037262176
1040847339
1040161276
1043125203
1040381413
1036951558
1033741841
1039540040
1040847339
1035294930
1036537401
1035398469
1039022344
1036744480
1036433862
1041468575
1039540040
1040640261
1039540040
1038918804
1038711726
1039954198
1040381413
1039332962
1042503968
1039332962
1037676334
1037676334
1036226783
1038711726
1035294930
1036951558
1039954198
1041157957
1036640940
1040950879
1043539360
1038711726
1038711726
1038711726
1040161276
1041054418
1040057736
1040743800
1037883412
1037883412
1040484952
1040226104
1040226104
1040277873
1039229422
1040226104
1039954198
1040226104
1037883412
1040277873
1040329643
1039954198
1039540040
1040484952
1040161276
1041313266
1041002648
1040226104
1040226104
1041830962
1040692030
1040640261
1043125203
1040277873
1040640261
1038297568
1039954198
1039125884
1039954198
1042711046
1039954198
1042089811
1038711726
1041830962
1041882732
1041520345
1040743800
1037986952
1039125884
1041882732
1038711726
1040847339
1040692030
1039954198
1039540040
1040692030
1042711046
1041002648
1041520345
1041209727
1040277873
1040899109
1040277873
1041882732
1040899109
1040277873
1040381413
1041209727
1042503968
1038504648
1040640261
1041106187
1041002648
1041106187
1041986271
1044988910
1043176973
1041882732
1037158637
1038297568
1041106187
1039954198
1039747118
1041934502
1043539360
1040381413
1037469254
1040057736
1038608186
1038711726
1039540040
1045195989
1042141580
1041106187
1042762816
1043073434
1041934502
1034570155
1038608186
1039747118
1040277873
1041157957
1041261496
1037262176
1041623884
1043539360
1042296889
1042452198
1041934502
1038918804
1043332282
1042245119
1041882732
1042038041
1041054418
1035398469
1035087851
1043280512
1043435821
1041882732
1033948919
1041830962
1042452198
1041365036
1046438622
1042762816
1039436500
1041313266
1039747118
1044005287
1040484952
1046852779
1040161276
1037676334
1041934502
1039643580
1044988910
1042918125
1037883412
1040484952
1042969894
1044005287
1040277873
1036951558
1041572114
1043332282
1037883412
1036744480
1045195989
1044160596
1037055098
1040277873
1042762816
1034984312
1032913526
1038608186
1032499369
1043125203
1032085212
1033431223
1044988910
1038918804
1040226104
1037055098
1035605548
1034570155
1040536721
1042296889
1035605548
1036951558
1037883412
1044212366
1043176973
1044315905
1042659277
1033224144
1044367675
1043591130
1041054418
1040329643
1041779193
1041416805
1041830962
1043539360
1042348659
1042193350
1041520345
1041779193
1041520345
1041209727
1042711046
1039540040
1038608186
1035398469
1034363076
1030715012
1031129170
1033638301
1026365716
1023108899
1018967327
1023108899
1028229422
1023466616
1023880774
1022280585
1024294930
1021452271
1025330324
1033638301
1025123244
1026779872
1024087852
1027401108
1026572794
1026572794
1033638301
1026779872
1025951558
1024916166
1025123244
1021452271
1024087852
1032809987
1016896543
1023880774
1021452271
1022694741
1018139013
1022280585
1031336248
1023466616
1022694741
1016482385
1023108899
1018967327
1021038113
1031981673
1020623957
1020623957
1020623957
1020623957
1014629946
1018139013
1030507934
1018967327
1017724857
1016482385
1016068229
1002747388
1016482385
1024709088
1014629946
1025537402
1017310699
1016068229
1008003432
1017310699
1011316690
1016482385
1026365716
1016068229
1028850658
1016482385
1013801630
999434132
1014629946
993997400
1009660062
1002747388
1011316690
1027194030
1012145002
1021038113
1006060648
1011316690
993997400
1008003432
1011316690
1009660062
1025537402
1012973318
1017724857
1011316690
1008831746
993997400
1011316690
999434132
1012973318
1028022344
1012973318
1010488374
993997400
1008003432
993997400
1008003432
1023673694
1011316690
1021038113
1001090760
1008831746
993997400
1009660062
1006060648
1009660062
1025537402
1008831746
1021038113
1008003432
1013801630
993997400
1012145002
1014629946
1009660062
1027194030
1014629946
1009660062
990684144
1013801630
3142926576
1001090760
1025537402
993997400
1008003432
3106960512
1008003432
1008003432
1008003432
1027194030
1016482385
1001090760
1004404020
1008831746
3142926576
1008003432
1019795643
1002747388
1021038113
999434132
1002747388
3135260736
999434132
1004404020
1002747388
1025537402
999434132
1001090760
3106960512
1008003432
3142926576
990684144
1011316690
999434132
1025537402
1006060648
1010488374
3142926576
1002747388
3154191833
1002747388
1014629946
999434132
1021038113
975051904
999434132
3155848461
997310656
1012145002
1006060648
1013801630
975051904
984886032
3155848461
975051904
1017724857
975051904
1019381485
990684144
3139613320
3159990032
3106960512
1016482385
3135260736
975051904
3155848461
3152610430
3155848461
3139613320
1021038113
3106960512
3106960512
3155848461
3142926576
3106960512
3142926576
1017724857
3142926576
3150953800
3159161718
3142926576
3135260736
3135260736
1021038113
3128317632
3149297172
3142926576
3150953800
3150953800
3149297172
1021038113
3145983916
3149297172
3159161718
3154191833
3154191833
3147640544
1021038113
3147640544
3142926576
3159161718
3147640544
1013801630
3135260736
1010488374
3147640544
3106960512
3161646661
3135260736
3142926576
3147640544
1021038113
3147640544
3149297172
3160818347
3106960512
3155848461
3147640544
1021038113
3150953800
3149297172
3162474975
3150953800
3162474975
3142926576
1018553171
3142926576
1021038113
3142926576
3150953800
3155848461
3147640544
3164146724
3142926576
1019381485
3147640544
990684144
3155020147
3142926576
3162474975
3139613320
1019381485
3150953800
3139613320
3159161718
3147640544
3150953800
3150953800
1021038113
3147640544
3142926576
3159161718
3145983916
1002747388
3147640544
1021038113
3139613320
3159161718
3163318410
3147640544
1021038113
3150953800
3142926576
3162474975
3139613320
993997400
3147640544
1007175118
3155848461
3155020147
3165803352
3150953800
1013801630
3147640544
1007175118
3159161718
3150953800
3155848461
3147640544
1021038113
3157505090
3159161718
3165803352
3159990032
1010488374
3155848461
3149297172
3159161718
3142926576
3135260736
3154191833
3147640544
3162474975
3154191833
993997400
3156676776
990684144
3162474975
3159161718
3165803352
3155020147
1021038113
3158333404
3160818347
3165803352
3159161718
1013801630
3155020147
3160818347
3165389195
3158333404
3162474975
3154191833
1017724857
3158333404
3150953800
3165803352
3155848461
3142926576
3157505090
990684144
3157505090
3147640544
3164146724
3152610430
3150953800
3155848461
1017724857
3155020147
3145983916
3160818347
3157505090
3164146724
3155848461
1017724857
3150953800
3145983916
3159161718
3155848461
3165803352
3159161718
1021038113
3159161718
3161646661
3162474975
3160818347
3164560881
3156676776
1021038113
3155848461
3158333404
3164146724
3160818347
3135260736
3155848461
990684144
3152610430
3155020147
3164146724
3154191833
1012145002
3159161718
3149297172
3155848461
3147640544
3155848461
3155848461
1017724857
3159161718
3128317632
3159161718
3162904253
3165803352
3157505090
3142926576
3149297172
1021038113
3162474975
3159990032
3164975038
3159161718
3159161718
3155848461
1021038113
3158333404
3157505090
3165389195
3159161718
3128317632
3160818347
1013801630
3155848461
3155020147
3165803352
3155848461
3135260736
3158333404
1013801630
3161646661
3162474975
3165803352
3159161718
3150953800
3157505090
1021038113
3159990032
3166217510
3165803352
3166217510
3161646661
3166217510
1017724857
3139613320
3159161718
3162474975
3157505090
3165803352
3160818347
3166217510
3161646661
1021038113
3156676776
3159161718
3165803352
3162904253
3166217510
3166217510
1021038113
3155848461
3155848461
3165803352
3160818347
3166217510
3160818347
3147640544
3160818347
3160818347
3165803352
3158333404
1013801630
3161646661
3166217510
3167459981
3166217510
3155848461
3156676776
1013801630
3159161718
3158333404
3169116609
3170773238
3166217510
3159161718
3152610430
3164146724
3142926576
1008003432
3155848461
3145983916
3167045824
3169116609
3165803352
3162474975
1021038113
3155848461
3155848461
3165803352
3162904253
3167459981
3167459981
3166217510
3157505090
3147640544
3165803352
3142926576
1021038113
3158333404
3159161718
3165803352
3161646661
1013801630
3167459981
3166631667
3171247688
3156676776
1021038113
3142926576
3155848461
3165803352
3158333404
1007175118
3161646661
3166217510
3167459981
3166217510
3169116609
3166217510
3166217510
3163318410
3154191833
3165803352
3157505090
1012973318
3159161718
3161646661
3165389195
3160818347
3164146724
3159161718
1021038113
3159161718
3157505090
3165803352
3166217510
3165803352
3159161718
1013801630
3160818347
3164975038
3165803352
3166217510
990684144
3166217510
3166217510
3167459981
3166217510
3166217510
3166217510
990684144
3167459981
3166217510
3164146724
3166217510
1013801630
3163732567
3162474975
3170773238
3160818347
3166217510
3166631667
3166217510
3170773238
3166631667
3166217510
3166631667
3167045824
3172490159
3168702452
3166217510
3169116609
3166217510
3171661845
3166217510
3166217510
3168702452
3159990032
3165803352
3159161718
3106960512
3160818347
3156676776
3168702452
3167459981
3172904316
3169944924
3166217510
3159990032
3155848461
3163318410
3162904253
3142926576
3155848461
3145983916
3167045824
3167459981
3172904316
3169530766
3166217510
3171040610
3159990032
3165803352
3106960512
1021038113
3158333404
3162474975
3165803352
3162474975
3166217510
3166631667
3166217510
3169116609
3169116609
3171661845
3167459981
3166217510
3171040610
3157505090
3165803352
3135260736
1016068229
3152610430
3157505090
3165803352
3162904253
3165803352
3166217510
1013801630
3166217510
3173732630
3172904316
3166631667
3171661845
3168702452
3166217510
3169116609
3166217510
3169116609
3162474975
3169116609
3159161718
1019381485
3159161718
3145983916
3165389195
3172697238
3170773238
3166217510
3166217510
3166217510
3166217510
3165803352
3166217510
3155848461
3169116609
3166217510
3167045824
3169116609
3171661845
3167874138
3166217510
3175182180
3177045888
3173318474
3169944924
3168288295
3166217510
1017724857
3159161718
3166217510
3173318474
3173318474
3166217510
3166217510
3158333404
3170773238
3172490159
3172490159
3166217510
3166217510
3171454766
3166217510
3170773238
3173732630
3173318474
3167874138
3166217510
3166217510
3166217510
3174975102
3166631667
1013801630
3166217510
3166217510
3171454766
3168288295
3166217510
3176217574
3178909594
3174975102
3166631667
3166217510
3166217510
3166217510
3165803352
3166631667
3169116609
3166217510
3166217510
3167874138
3169944924
3178288358
3172490159
3166217510
3169116609
3166217510
3170773238
3168702452
3167459981
3167459981
3166217510
3167459981
3167045824
3171661845
3167874138
3166217510
3167459981
3166217510
3166217510
3168702452
3171661845
3167874138
3169116609
3168288295
3166217510
3167045824
3166217510
3167459981
3166631667
3173318474
3168288295
3166217510
3167045824
3166217510
3171247688
3167045824
3171661845
3169116609
3166217510
3176010494
3169530766
3171454766
3168288295
3171661845
3166217510
3166217510
3166217510
3166217510
3174560945
3167459981
3167459981
3169116609
3166217510
3174975102
3176838809
3174975102
3166631667
3166217510
3166217510
3166217510
3174560945
3168702452
3169116609
3172904316
3166217510
3171040610
3166217510
3175182180
3170359080
3169116609
3173111395
3176631730
3169944924
3166217510
3172697238
3166217510
3174353866
3167459981
3168288295
3167874138
3166217510
3173111395
3166217510
3175596338
3175803416
3176631730
3168288295
1013801630
3169944924
3175182180
3178288358
3173318474
3178288358
3170773238
3135260736
3171661845
3166217510
3174560945
3167459981
3174975102
3172904316
3172076002
3175596338
3166217510
3161646661
3106960512
3162474975
3167459981
3172490159
3173732630
3166217510
3176631730
3174353866
3166631667
3172490159
3175596338
3174975102
3170773238
3166217510
3166217510
3171661845
3167459981
3173318474
3173525552
3178288358
3177252966
3166217510
3166217510
3166217510
3171247688
3166631667
3172904316
3172697238
3166217510
3176838809
3169944924
3171247688
3174146788
3171661845
3170773238
3166217510
3171661845
3168288295
3176424652
3175803416
3174560945
3170773238
3166217510
3176631730
3170773238
3167459981
3172283081
3166217510
3179303092
3171661845
3171661845
3174560945
3169530766
3169944924
3166217510
3175803416
3170773238
3169116609
3171661845
3166217510
3177460044
3171868924
3170359080
3175389259
3178081280
3171454766
3166217510
3172283081
3166217510
3174146788
3176217574
3166217510
3168702452
3174768024
3177252966
3170359080
3166217510
3171661845
3166217510
3175803416
3175389259
3180027867
3171454766
3166217510
3172490159
3167459981
3174975102
3172283081
3166217510
3176424652
3176838809
3172904316
3166217510
3166217510
3171454766
3166217510
3173732630
3175803416
3180027867
3171454766
3166217510
3167045824
3173525552
3174975102
3174975102
3178288358
3177874202
3166217510
3170359080
3166217510
3167459981
3171661845
3178288358
3175803416
3166217510
3174353866
3173939709
3177460044
3177874202
3176631730
3169116609
1013801630
3159161718
3172076002
3178288358
3177460044
3167874138
3175389259
3174146788
3178288358
3175389259
3171040610
3176838809
3169530766
3169116609
1016482385
3167459981
3174560945
3173525552
3179510170
3175803416
3177045888
3175803416
3166217510
3176217574
3177460044
3171661845
3160818347
1013801630
3171661845
3175596338
3180442024
3179116674
3166217510
3175803416
3179406631
3179613710
3171247688
3166217510
3167459981
3174768024
3179116674
3176010494
3174975102
3177667124
3166217510
3171040610
3166631667
3174975102
3173939709
3173732630
3177874202
3175182180
3179116674
3179924327
3180442024
3171661845
3166217510
3172283081
3166217510
3171661845
3173318474
3169530766
3176217574
3177460044
3180234945
3179924327
3171661845
3166217510
3166217510
3175803416
3178288358
3179406631
3175389259
3166217510
3178081280
3178909594
3174768024
3167459981
3166217510
3174768024
3166217510
3177045888
3178288358
3180234945
3179116674
3167874138
3171661845
3176010494
3176217574
3177252966
3179510170
3178288358
3166217510
3169530766
3174560945
3177460044
3173111395
3171661845
3176631730
3175182180
3179116674
3177460044
3179613710
3178081280
3169530766
3179116674
3178909594
3173318474
3167459981
3166217510
3176217574
3173111395
3180027867
3177045888
3166217510
3178081280
3176424652
3178288358
3176217574
3171247688
3175389259
3174353866
3178081280
3174975102
3169530766
3174560945
3175182180
3179406631
3175389259
3167874138
3175803416
3176424652
3179613710
3175389259
3166217510
3176631730
3176010494
3179116674
3175596338
3172490159
3177667124
3176010494
3178288358
3176631730
3179116674
3176217574
3166217510
3178288358
3177874202
3177460044
3176010494
3171868924
3178909594
3178288358
3176424652
3176838809
3177874202
3179613710
3177460044
3169530766
3177874202
3179303092
3180442024
3177252966
3166217510
3178495438
3176424652
3180234945
3177667124
3166217510
3179116674
3178288358
3179613710
3175803416
3166217510
3178702516
3179510170
3180442024
3177460044
3166217510
3178288358
3177667124
3179613710
3176631730
3167874138
3179613710
3178081280
3180442024
3178288358
3173318474
3179116674
3178495438
3180027867
3178495438
3180234945
3178081280
3166217510
3178909594
3179116674
3180442024
3177252966
3173939709
3178288358
3176424652
3179820788
3178081280
3180027867
3178702516
3166217510
3179613710
3180442024
3180442024
3178288358
3169530766
3179820788
3180234945
3180234945
3178081280
3175182180
3179406631
3178495438
3180442024
3179406631
3179613710
3179717249
3175182180
3180649102
3180442024
3179116674
3177667124
3175182180
3180856181
3180131406
3180442024
3179717249
3175182180
3180338485
3178495438
3180442024
3179613710
3171868924
3180442024
3180234945
3181684495
3179406631
3173939709
3180442024
3175182180
3180442024
3180338485
3182098652
3179116674
3173525552
3180338485
3180442024
3181270338
3180234945
3180442024
3180649102
3175182180
3180856181
3180234945
3182098652
3180442024
3171868924
3180442024
3180856181
3182512810
3180545563
3172283081
3180234945
3179717249
3180856181
3180442024
3181684495
3180442024
3171868924
3180338485
3180649102
3181580956
3180649102
3175182180
3180442024
3180234945
3181270338
3180442024
3181270338
3180649102
3175182180
3180027867
3180338485
3182098652
3181270338
3179820788
3180338485
3173525552
3180234945
3180442024
3181684495
3180442024
3181270338
3180442024
3173525552
3181063260
3180959720
3181684495
3181063260
3182098652
3181063260
3175596338
3181063260
3181684495
3182098652
3181477417
3181995113
3181684495
3175182180
3181684495
3181995113
3183341124
3181684495
3182512810
3181788034
3175182180
3181995113
3182409270
3183755281
3182098652
3181063260
3182305731
3181373877
3183548202
3182512810
3182926967
3182823427
3175182180
3182512810
3183444663
3184583919
3182719888
3181063260
3183237585
3178495438
3183548202
3183962360
3184376517
3183237585
3181788034
3182926967
3178495438
3183962360
3184376517
3185412233
3184065899
3180545563
3183962360
3184480379
3186033469
3183755281
3182098652
3184687458
3182616349
3184790997
3184169438
3185412233
3183755281
3180545563
3184998076
3184583919
3186240547
3185101615
3180545563
3185205154
3185101615
3186240547
3184687458
3185205154
3184272977
3181373877
3185412233
3185308694
3187068861
3185205154
3182202192
3185308694
3184687458
3186861783
3185412233
3187068861
3185826390
3181373877
3186551165
3186965322
3187483019
3187068861
3187784108
3187068861
3182202192
3186861783
3187379479
3187991186
3187835877
3187991186
3186861783
3183858820
3187379479
3187483019
3188405343
3187784108
3184583919
3187586558
3185515772
3188405343
3188198265
3188819500
3188146495
3187172401
3188715961
3188405343
3189388967
3188767731
3184687458
3188819500
3188871270
3189647815
3189130118
3187172401
3189026579
3189233658
3189854893
3189285427
3188301804
3189647815
3189078349
3190269050
3190165511
3189078349
3189958433
3190113742
3191097365
3190269050
3190424359
3190838517
3189906663
3191304443
3191615061
3191511522
3191459752
3189906663
3192029218
3191873909
3192961072
3192288066
3191925679
3192598684
3192391606
3193116381
3193634077
3193996464
3193944695
3192443375
3194410622
3194255313
3195446014
3194980088
3195031857
3195601323
3195290705
3196270527
3196322297
3196788305
3196684765
3195704863
3197098923
3196840074
3197306001
3197306001
3196400032
3197590734
3197875467
3198341394
3198289624
3198186085
3198367279
3198367279
3198962630
3199169708
3199583865
3198962630
3198367279
3200489834
3200049792
3201188724
3201318148
3201007530
3201758271
3201887695
3201758271
3200308640
3201861810
3197409540
3200230986
3199480326
3199195593
3201447572
3199687405
3202483046
3200412180
3201292263
3201913580
3204165559
3205277588
3203311360
3204346753
3202897203
3201965350
3201447572
3200230986
3201965350
3202068889
3202224198
3202586585
3202483046
3202379507
3202923088
3202741894
3203596093
3204139674
3203906711
3204346753
3203880826
3202508931
3202974858
3203389015
3203207821
3202224198
3202534816
3202534816
3201887695
3202897203
3202483046
3202275967
3202741894
3202094774
3203285475
3202716009
3203621978
3203725517
3204139674
3203880826
3202845433
3203181936
3202508931
3202897203
3202664240
3202586585
3202379507
3202483046
3202716009
3201680617
3202819549
3203337245
3203984366
3203725517
3203673748
3204217329
3204269099
3204708122
3204475159
3204708122
3204087905
3202508931
3203259591
3203000742
3203518439
3203104282
3201991234
3202483046
3202508931
3204113790
3203906711
3204346753
3204087905
3203544324
3204708122
3204785777
3204708122
3204604583
3204139674
3203570208
3202716009
3203673748
3203544324
3203518439
3203104282
3203311360
3203026627
3202198313
3203725517
3203906711
3204682237
3204578698
3205018740
3204643410
3203751402
3204113790
3203544324
3203880826
3203311360
3203673748
3203259591
3203311360
3203026627
3203026627
3203777287
3203337245
3204036135
3204139674
3204552813
3204320868
3204243214
3204036135
3202508931
3203440784
3203621978
3203414899
3203363130
3203725517
3203518439
3202923088
3203673748
3203337245
3203621978
3203725517
3204139674
3203621978
3203829057
3203854941
3202923088
3203906711
3203854941
3204139674
3203596093
3203052512
3203621978
3202923088
3203518439
3203570208
3203829057
3203570208
3203725517
3203699632
3202508931
3203725517
3203751402
3203725517
3203596093
3204087905
3203725517
3203621978
3203751402
3202716009
3203621978
3202716009
3203751402
3203621978
3204087905
3203725517
3203932596
3203725517
3202508931
3203647863
3203492554
3203725517
3203699632
3203906711
3203414899
3202508931
3203699632
3203751402
3203932596
3203751402
3204320868
3203751402
3203233706
3203803172
3202508931
3203518439
3203621978
3203725517
3203621978
3203932596
3203621978
3202974858
3203854941
3202612470
3204036135
3204087905
3204243214
3204320868
3204708122
3204591640
3204449274
3204398523
3202923088
3203984366
3203337245
3203621978
3203181936
3203596093
3203207821
3203621978
3203311360
3202948973
3203052512
3202301852
3203673748
3204346753
3204449274
3204513986
3204708122
3204604583
3203440784
3204320868
3204165559
3204010250
3203544324
3203621978
3203181936
3202094774
3203181936
3203337245
3203621978
3203570208
3204087905
3203544324
3203829057
3204294983
3203544324
3204604583
3204398523
3204604583
3204462216
3203932596
3203777287
3203337245
3203414899
3203104282
3203725517
3203207821
3202793664
3203570208
3202923088
3203725517
3203958481
3204501044
3204113790
3204243214
3204165559
3202923088
3204062020
3203984366
3203854941
3203492554
3203932596
3203337245
3202094774
3203337245
3203440784
3203829057
3203751402
3204243214
3203725517
3202923088
3204139674
3204501044
3204708122
3204682237
3203958481
3204578698
3204165559
3203725517
3203518439
3203621978
3202793664
3201680617
3203130166
3202974858
3203699632
3203285475
3203311360
3203259591
3202534816
3204346753
3204501044
3204708122
3204759892
3204966971
3204243214
3203596093
3204036135
3202923088
3203414899
3202974858
3203311360
3203000742
3202198313
3202534816
3201680617
3203414899
3203621978
3203829057
3203803172
3204501044
3204565756
3203337245
3204243214
3204165559
3204552813
3203233706
3202897203
3202845433
3201680617
3202871318
3203000742
3202897203
3202638355
3203337245
3203621978
3202301852
3203207821
3203259591
3203984366
3203803172
3202716009
3203725517
3203596093
3203414899
3203207821
3202586585
3202405392
3202094774
3202690125
3202690125
3202275967
3202508931
3202508931
3203104282
3202560700
3203725517
3203181936
3203337245
3203880826
3203337245
3203777287
3203699632
3203518439
3202974858
3201680617
3202457161
3202741894
3202275967
3202690125
3202845433
3202405392
3201991234
3202560700
3202508931
3203725517
3203570208
3203932596
3204036135
3203337245
3204165559
3203440784
3202974858
3202845433
3202716009
3202275967
3202094774
3202690125
3202327737
3202586585
3202483046
3201680617
3202716009
3203181936
3203621978
3203570208
3203621978
3203673748
3202923088
3203104282
3202586585
3203104282
3202793664
3202224198
3202250083
3201680617
3202586585
3202690125
3203052512
3203052512
3202897203
3203337245
3202094774
3203389015
3203104282
3203518439
3203207821
3203078397
3202716009
3201680617
3202664240
3201810041
3202431276
3202534816
3202043004
3202483046
3201680617
3201551112
3202638355
3202483046
3202638355
3203000742
3203518439
3202923088
3203156051
3202353622
3202431276
3202250083
3200852221
3201525227
3202172428
3201654651
3202146543
3201007530
3201447572
3201784156
3201965350
3202224198
3202948973
3202457161
3202094774
3203311360
3203104282
3202793664
3202793664
3200438064
3201240494
3201136954
3202379507
3201654651
3200438064
3201680617
3201266379
3202301852
3201499342
3202068889
3202146543
3200852221
3202275967
3202068889
3203181936
3202819549
3201551112
3201991234
3202094774
3201861810
3201421687
3201447572
3201033415
3200852221
3201447572
3201395803
3201861810
3201344033
3201162839
3202068889
3201732386
3201680617
3201628766
3201680617
3202198313
3201240494
3201861810
3201810041
3200438064
3201680617
3201887695
3201654651
3201551112
3200023907
3201861810
3201706501
3201395803
3201810041
3201680617
3201344033
3201887695
3202483046
3201499342
3201654651
3202172428
3200023907
3201473457
3201369918
3202172428
3200878106
3200205101
3200541604
3200023907
3200075677
3200722797
3200541604
3201447572
3201551112
3201136954
3200023907
3202094774
3201680617
3200929876
3201525227
3200826337
3200826337
3199195593
3200153331
3199998022
3201240494
3200049792
3199350902
3199842714
3200023907
3201499342
3201395803
3202275967
3201861810
3200852221
3201033415
3200671028
3200308640
3200929876
3199350902
3199842714
3199713289
3200826337
3199687405
3199739174
3199894483
3199609750
3199790944
3200230986
3201136954
3200567488
3200127447
3200981646
3200567488
3201499342
3200308640
3199998022
3199816829
3198962630
3199428556
3198367279
3199765059
3199635635
3199946253
3200049792
3199299132
3200153331
3200127447
3200515719
3200515719
3201033415
3201240494
3200438064
3200619258
3200049792
3200515719
3199790944
3198367279
3198910860
3198574357
3198755551
3199066169
3200515719
3199635635
3198781436
3199790944
3200386295
3200826337
3200308640
3200412180
3200075677
3197746043
3200023907
3199790944
3199480326
3199066169
3198548473
3198729666
3197538965
3198729666
3199092054
3199428556
3199169708
3199739174
3199402672
3199325017
3199842714
3199609750
3199946253
3199946253
3199998022
3199557981
3198574357
3199247363
3199066169
3198962630
3198755551
3198755551
3198522588
3197538965
3199014399
3198936745
3199376787
3199092054
3198367279
3199532096
3199583865
3199894483
3199506211
3199532096
3199117939
3197953122
3198677897
3198419048
3198703781
3198341394
3197538965
3198315509
3198134315
3198755551
3198548473
3197642504
3199066169
3199480326
3199998022
3199532096
3198677897
3199092054
3198419048
3198548473
3198108431
3198341394
3197927237
3196710650
3197979007
3197927237
3198444933
3198160200
3197538965
3198341394
3198781436
3199376787
3199014399
3198600242
3198833206
3197901352
3198134315
3198004891
3196865959
3197668389
3197720158
3197901352
3197564849
3196710650
3197564849
3197823698
3198134315
3197797813
3197616619
3198160200
3197746043
3198030776
3197927237
3197771928
3197642504
3197126855
3197694274
3197513080
3197720158
3197383656
3196296412
3197513080
3197513080
3197823698
3197409540
3196788305
3197306001
3197228347
3197668389
3197306001
3197461310
3197357771
3196015480
3197202462
3197202462
3197513080
3197073038
3196477687
3197073038
3197126855
3197202462
3196995383
3196788305
3196891844
3196296412
3196995383
3196762420
3196607111
3196814190
3196296412
3196684765
3196607111
3196684765
3196607111
3195704863
3196736535
3196814190
3196529456
3196529456
3196089334
3196840074
3196684765
3196218758
3196451802
3196451802
3196632996
3196348182
3194048234
3196244642
3196218758
3196529456
3196063449
3194151773
3196322297
3196503572
3197927237
3196581226
3195704863
3196581226
3196607111
3196788305
3196581226
3196658880
3196270527
3194048234
3196141103
3195756632
3196270527
3195653093
3192805763
3195549554
3195446014
3196374147
3195963711
3194462391
3196529456
3196736535
3197047153
3196581226
3194048234
3196063449
3195653093
3196063449
3195342475
3193219920
3195031857
3194824779
3195963711
3194928318
3192805763
3195342475
3195601323
3196270527
3196063449
3194048234
3196115218
3196166988
3196270527
3195342475
3194048234
3193892925
3194048234
3194721239
3193789386
3195238936
3194565930
3192391606
3194721239
3194358852
3195135397
3194307082
3194824779
3194514161
3192391606
3194721239
3195031857
3195238936
3193789386
3193168150
3193634077
3192805763
3193944695
3194100004
3193996464
3193685847
3191563291
3193685847
3193944695
3194617700
3193530538
3193375229
3193530538
3192391606
3193789386
3193478768
3193685847
3193271690
3190734977
3192961072
3192650454
3193892925
3192961072
3190734977
3192805763
3192650454
3193168150
3192443375
3190734977
3192236297
3192546915
3192753993
3191925679
3192753993
3192236297
3189906663
3192184527
3192029218
3192753993
3192080988
3190320820
3191873909
3192184527
3192339836
3191511522
3190734977
3191718600
3190734977
3191304443
3190890286
3190476129
3191097365
3190734977
3191822140
3190890286
3190113742
3191304443
3190942056
3191511522
3191149134
3190993825
3190890286
3189078349
3190993825
3191149134
3191718600
3190838517
3188664191
3190993825
3190942056
3191511522
3190993825
3189078349
3190993825
3190786747
3190993825
3190786747
3190061972
3190890286
3189078349
3191200904
3190372590
3191511522
3190579668
3189751354
3190527899
3188250034
3190476129
3190217281
3190683208
3189699584
3189233658
3189440736
3187172401
3189440736
3189647815
3190269050
3189751354
3188560652
3190061972
3190010202
3191200904
3190372590
3189596045
3189388967
3187172401
3189078349
3188664191
3189440736
3187991186
3185515772
3188405343
3188457113
3189699584
3188819500
3188871270
3189233658
3188250034
3190269050
3189854893
3189854893
3188612422
3185515772
3188612422
3188612422
3189544276
3188353574
3187680568
3187835877
3185515772
3187068861
3188198265
3189026579
3188094725
3188612422
3188405343
3185515772
3189078349
3189130118
3188405343
3186758244
3186447626
3188146495
3183858820
3188301804
3188094725
3188612422
3186965322
3183858820
3186240547
3185929929
3186033469
3185826390
3187068861
3186758244
3184687458
3187172401
3186551165
3186447626
3185722851
3187068861
3186033469
3181373877
3187483019
3186447626
3187068861
3186965322
3187784108
3186861783
3182202192
3186861783
3187068861
3187784108
3185826390
3184998076
3184998076
3181373877
3184480379
3183858820
3184998076
3185308694
3185826390
3185101615
3186240547
3183962360
3180545563
3184169438
3183858820
3183134045
3183030506
3184169438
3181891574
3180959720
3182823427
3176838809
3183030506
3181477417
3184583919
3182926967
3181891574
3183548202
3178495438
3184169438
3180545563
3184894537
3180856181
3183755281
3181063260
3180545563
3182409270
3182512810
3183341124
3182202192
3183755281
3181684495
3175182180
3183030506
3183548202
3183341124
3183134045
3181891574
3180649102
3172697238
3181270338
3181373877
3182098652
3182202192
3183755281
3182926967
3176217574
3181788034
3178495438
3178702516
3181270338
3179613710
3181684495
3173525552
3179116674
3177252966
3178702516
3176838809
3180442024
3179613710
3176010494
3179510170
3182202192
3182926967
3179116674
3173525552
3184065899
3180959720
3174146788
3174353866
3180442024
3179406631
3171868924
3173939709
3166217510
3169116609
3175803416
3182098652
3181373877
3169530766
3176631730
3183134045
3184169438
3177874202
3174975102
3135260736
1021038113
3171661845
3166217510
3180959720
3180234945
3180442024
3166631667
3174146788
3173732630
3166217510
3178288358
3178081280
3178288358
3171661845
3176631730
3160818347
1021038113
3173732630
3172697238
3165803352
3171661845
3166217510
3175389259
3167045824
3174975102
3174975102
3173318474
3166217510
3166217510
3172490159
3135260736
3175803416
3174560945
1004404020
1001090760
3166217510
3173318474
999434132
3166217510
3171454766
3166217510
3166217510
3173111395
3174146788
3159161718
3166217510
3172283081
3171247688
3173111395
3162474975
3145983916
3159161718
3166217510
3174146788
3155848461
3174975102
3166217510
3142926576
3173111395
3166217510
3157505090
3167045824
3174146788
3142926576
993997400
3171247688
3166217510
1007175118
1010488374
3160818347
3168702452
1012145002
3166631667
3166217510
3169116609
3166217510
3171661845
3142926576
1021038113
997310656
990684144
3162474975
3145983916
3142926576
1009660062
1021038113
3150953800
3166217510
3171661845
3106960512
3155848461
3106960512
1017724857
3149297172
1013801630
1001090760
993997400
3159161718
3145983916
3166217510
3166217510
1013801630
1015654071
1020209799
3142926576
1002747388
1019381485
3154191833
3145983916
3154191833
3149297172
993997400
3155020147
1007175118
3106960512
1009660062
1004404020
1008003432
1025537402
1008831746
1002747388
3150953800
1014629946
1027194030
1008831746
1016068229
1002747388
1016482385
1027194030
1016896543
1014629946
1012973318
1018553171
1023880774
1019795643
1021038113
1016482385
1020623957
1022280585
1019795643
1027194030
1018967327
1019795643
1021452271
1021038113
1030507934
1019795643
1018139013
1002747388
1011316690
1019381485
1011316690
1016068229
1008003432
1019381485
1024502008
1023673694
1028229422
1027401108
1024916166
1026365716
999434132
1008003432
1016482385
1021452271
1031336248
1021038113
1019795643
1008003432
1019795643
1030507934
1027401108
1024709088
1019795643
1023673694
1026158636
1027608186
1027608186
1023108899
1014629946
993997400
1022694741
1033638301
1016482385
1025123244
1021452271
1026572794
1031981673
1024916166
1023108899
1018553171
1024916166
1027401108
1027194030
1033638301
1029886050
1029471894
1008003432
1013801630
1025744480
1024502008
1021038113
1025744480
1030300854
1021452271
1028229422
1032913526
1029886050
1028850658
1027608186
1029264816
1027401108
1029057736
1033638301
1027608186
1028850658
1024916166
1030093130
1033638301
1030300854
1031981673
1028229422
1032085212
1029886050
1030715012
1031981673
1025330324
1027401108
1027608186
1029471894
1035294930
1030715012
1031878134
1025744480
1029264816
1032602909
1026986950
1027815266
1024916166
1027401108
1023108899
1031129170
1033638301
1034466616
1034052459
1026572794
1033431223
1023108899
1025951558
1036123244
1032499369
1031878134
1028229422
1027608186
1028022344
1028022344
1035294930
1030715012
1029471894
1030715012
1033845380
1037779872
1033948919
1036123244
1034570155
1033845380
1029886050
1027401108
1035294930
1031543326
1032809987
1027401108
1025744480
1026572794
1033017066
1036951558
1032809987
1033638301
1033741841
1033948919
1031543326
1033741841
1036951558
1034052459
1036951558
1034777233
1034363076
1032499369
1032913526
1032085212
1033327684
1036123244
1028850658
1033638301
1033741841
1035605548
1030715012
1031878134
1036433862
1032913526
1037779872
1033327684
1035398469
1032913526
1031750404
1032085212
1033120605
1036951558
1033741841
1033948919
1033327684
1033948919
1032499369
1032292291
1038608186
1034466616
1034052459
1032085212
1033534762
1039436500
1037055098
1037365716
1033327684
1029886050
1027401108
1031543326
1036123244
1029471894
1033638301
1034570155
1034984312
1034984312
1036226783
1039436500
1035916166
1034673694
1033845380
1033948919
1034570155
1036744480
1040226104
1035812626
1036123244
1030922090
1033017066
1037676334
1033638301
1033017066
1032292291
1034984312
1034570155
1033845380
1037779872
1033327684
1034570155
1032913526
1033017066
1038608186
1032706448
1036951558
1033017066
1036848019
1035398469
1036123244
1040226104
1036433862
1035294930
1034777233
1036123244
1035812626
1035812626
1039436500
1033017066
1035709087
1030715012
1034052459
1037055098
1034052459
1041054418
1036744480
1038608186
1035191391
1035502008
1033741841
1035709087
1038608186
1033638301
1034777233
1033741841
1032809987
1038194030
1033638301
1039850658
1034777233
1037469254
1035398469
1035812626
1039850658
1035398469
1039125884
1034155998
1038711726
1040226104
1037676334
1033845380
1032085212
1035605548
1037779872
1036951558
1034984312
1033741841
1037055098
1040226104
1036744480
1036951558
1035398469
1037365716
1037883412
1038711726
1040226104
1038504648
1035812626
1034984312
1035709087
1040847339
1039022344
1036330323
1038090490
1037883412
1037676334
1036744480
1041882732
1036537401
1036951558
1035398469
1039229422
1039125884
1037883412
1040226104
1036226783
1035709087
1033741841
1035502008
1040226104
1038297568
1039125884
1037469254
1038815266
1038297568
1038194030
1041468575
1038608186
1038918804
1036226783
1037883412
1038297568
1035605548
1038608186
1037572794
1037055098
1033741841
1036433862
1038194030
1035812626
1040226104
1037779872
1037986952
1038711726
1040899109
1041779193
1039747118
1040226104
1033845380
1035294930
1033741841
1038090490
1038090490
1035709087
1037055098
1034984312
1040226104
1036537401
1039125884
1039125884
1040226104
1039954198
1040226104
1041882732
1035812626
1034984312
1036226783
1035294930
1040381413
1040536721
1041468575
1038608186
1038090490
1039540040
1037469254
1037055098
1041468575
1042711046
1041002648
1041572114
1040692030
1041675653
1041468575
1037055098
1038297568
1032913526
1034777233
1033017066
1038711726
1042711046
1040381413
1040161276
1034155998
1034673694
1042555737
1037469254
1039850658
1036640940
1041623884
1033741841
1033741841
1036951558
1036433862
1036123244
1038918804
1033948919
1036433862
1033534762
1040226104
1037055098
1040899109
1040277873
1041416805
1041882732
1041727423
1038401108
1038711726
1041727423
1043073434
1038194030
1040536721
1034984312
1041934502
1037469254
1042038041
1043125203
1042348659
1041002648
1041934502
1040381413
1044367675
1041313266
1041468575
1039643580
1040692030
1040329643
1042348659
1038608186
1042038041
1033327684
1027815266
1041830962
1039540040
1029057736
1041054418
1041157957
1035709087
1034777233
1039540040
1036640940
1039954198
1036848019
1033224144
1036123244
1033224144
1026365716
1041520345
1040640261
1044781832
1042866355
1042711046
1019795643
1041157957
1039540040
1040057736
1040950879
1040536721
1041882732
1041106187
1040161276
1039540040
1040536721
1042711046
1040277873
1039954198
1038711726
1038608186
1040226104
1036226783
1036951558
1032706448
1031129170
1026572794
1026572794
1032395830
1022280585
1024709088
1016482385
1020623957
1015654071
1022280585
1027194030
1023673694
1032809987
1024087852
1024502008
1019795643
1023673694
1021452271
1023880774
1031981673
1023673694
1023880774
1018967327
1023673694
1018139013
1023673694
1030507934
1023880774
1025330324
1018553171
1021452271
1014629946
1021452271
1026986950
1022280585
1027194030
1021038113
1018967327
1015654071
1018967327
1016482385
1016896543
1028850658
1017310699
1021038113
1014629946
1015239913
1008003432
1014629946
1019795643
1016482385
1028850658
1015654071
1017724857
1008831746
1014629946
1001090760
1009660062
3135260736
1012973318
1024709088
1009660062
1021038113
1004404020
1008003432
3135260736
1006060648
1020209799
1009660062
1021038113
1011316690
1008831746
3142926576
1008003432
1023108899
1014629946
1021038113
1009660062
1013801630
993997400
1002747388
1025537402
1013801630
1013801630
1002747388
1014629946
1010488374
1011316690
1021038113
1008003432
1007175118
3150953800
1008831746
1021038113
1008003432
1009660062
3106960512
1008003432
1002747388
1007175118
1028022344
1008003432
1011316690
3106960512
1008003432
1016896543
1008831746
1017724857
1001090760
1002747388
3150953800
1004404020
1025537402
999434132
1006060648
3150953800
1006060648
1025537402
997310656
990684144
3142926576
984886032
1025537402
999434132
1002747388
3142926576
1008831746
1008003432
1006060648
1021038113
993997400
997310656
3135260736
999434132
1025537402
1006060648
999434132
3142926576
1006060648
1018967327
997310656
1010488374
999434132
1001090760
3150953800
1004404020
1023880774
999434132
1013801630
3135260736
1004404020
3142926576
999434132
1025537402
999434132
993997400
3150953800
999434132
1012973318
997310656
1010488374
3147640544
984886032
3106960512
3135260736
990684144
3142926576
3142926576
3135260736
3106960512
1017724857
3142926576
3128317632
3155848461
3128317632
1021038113
3139613320
3142926576
3155848461
3142926576
1021038113
3154191833
3145983916
3159161718
3135260736
1021038113
3139613320
3150953800
3155848461
3142926576
1021038113
3155848461
3139613320
3162474975
3142926576
1021038113
3142926576
3145983916
3159161718
3147640544
3155020147
3142926576
1021038113
3145983916
3150953800
3162474975
3142926576
1021038113
3145983916
3154191833
3155848461
3147640544
1013801630
3106960512
990684144
3155848461
3142926576
997310656
1008003432
1013801630
3155020147
3142926576
3165803352
3150953800
1021038113
3145983916
3139613320
3156676776
3155848461
3142926576
3150953800
1019381485
3154191833
3152610430
3164146724
3154191833
1009660062
3147640544
1017724857
3154191833
3147640544
3165803352
3155848461
1010488374
3147640544
1021038113
3154191833
3152610430
3162474975
3139613320
1017724857
3147640544
3150953800
3162474975
3135260736
3155848461
3142926576
1021038113
3149297172
3150953800
3162474975
3142926576
1021038113
3142926576
3154191833
3164146724
3147640544
1019381485
3142926576
990684144
3155848461
3142926576
3142926576
3142926576
3139613320
3147640544
3149297172
3106960512
3135260736
990684144
3160818347
3145983916
1008831746
3152610430
3128317632
3160818347
3152610430
1013801630
3154191833
3147640544
3159990032
3150953800
3142926576
3106960512
1010488374
3160818347
3147640544
3162474975
3156676776
1010488374
3155848461
3155848461
993997400
3154191833
3159990032
3160818347
3154191833
1017724857
3155848461
3159161718
3165803352
3157505090
990684144
3164146724
3155848461
3106960512
3156676776
990684144
3162474975
3155848461
3106960512
3152610430
3160818347
3165803352
3157505090
1016896543
3159161718
3157505090
3165389195
3157505090
1017724857
3154191833
3162474975
3165803352
3155848461
1008831746
3154191833
3156676776
3165803352
3157505090
3135260736
3147640544
990684144
3155848461
3149297172
3165803352
3156676776
1021038113
3155848461
3162474975
3164975038
3157505090
1011316690
3156676776
3156676776
3163732567
3154191833
3142926576
3139613320
1013801630
3160818347
3159161718
3162474975
3157505090
1019381485
3159161718
3159161718
3162474975
3162474975
1013801630
3160818347
3161646661
3159161718
3155848461
1013801630
3160818347
3155848461
3155848461
3147640544
1013801630
3163732567
3160818347
3165803352
3160818347
1021038113
3158333404
3159161718
3165803352
3155848461
1021038113
3158333404
3159990032
3165803352
3160818347
999434132
3155020147
990684144
3158333404
3159990032
3165803352
3155848461
1021038113
3155020147
3161646661
3169116609
3159990032
1013801630
3155020147
3160818347
3165803352
3159161718
1007175118
3161646661
3158333404
3163318410
3157505090
3163732567
3155848461
1017724857
3155848461
3159161718
3167459981
3159990032
1004404020
3157505090
990684144
3163732567
3160818347
3169116609
3157505090
1019381485
3158333404
3156676776
3165389195
3163318410
3165803352
3163318410
1017724857
3157505090
3145983916
3165803352
3159990032
3169116609
3161646661
1021038113
3157505090
3166217510
3169116609
3160818347
3139613320
3155020147
990684144
3162474975
3162474975
3162474975
3160818347
3166217510
3163318410
3149297172
3164146724
3156676776
1017724857
3166217510
3166217510
3170773238
3167459981
1021038113
3157505090
3161646661
3165803352
3163318410
1017724857
3161646661
3159161718
3169116609
3166217510
3166217510
3166631667
3155848461
3165803352
3159990032
1021038113
3150953800
3166217510
3165803352
3162904253
3166217510
3171040610
3166217510
3164975038
3155848461
1017724857
993997400
3150953800
3162474975
3159161718
1017724857
3166217510
3167459981
3169116609
3166217510
3166217510
3163732567
3155848461
3150953800
1002747388
3160818347
3169116609
3167045824
1019381485
3158333404
3159161718
3164975038
3159161718
1019381485
3159990032
3166217510
3169116609
3167459981
3166217510
3168288295
3155020147
3164146724
3155848461
1021038113
3162474975
3159161718
3163318410
3159161718
1017724857
3163732567
3164560881
3164146724
3160818347
1013801630
3166217510
3167045824
3170773238
3166217510
1013801630
3166217510
3166217510
3169116609
3161646661
1013801630
3165803352
3166217510
3167459981
3166217510
3166217510
3166631667
3166217510
3145983916
3162904253
3166217510
3165803352
3162474975
1013801630
3160818347
3166217510
3165803352
3162474975
3166217510
3167459981
3166217510
3152610430
3166217510
3166217510
3171661845
3166217510
3166217510
3168702452
3155848461
3142926576
3159161718
3166631667
3171661845
3167874138
3166217510
3166631667
3156676776
3164146724
3155848461
1017724857
3162904253
3166217510
3171661845
3168702452
3166217510
3172697238
3162474975
3165803352
3160818347
1007175118
3162474975
3160818347
3155848461
3167045824
3166217510
