3181141563
3183112248
3184045730
3184772095
3184149450
3183942009
3184045730
3180726682
3184875816
3184564331
3186016738
3183838289
3185601857
3183942009
3180726682
3183734569
3182386206
3184149450
3182904807
3184356890
3182697367
3181660164
3182386206
3178851884
3182801087
3182489926
3183942009
3182075045
3181452724
3182178765
3175532836
3182697367
3182489926
3183942009
3181867604
3181452724
3181556444
3175532836
3181971325
3180934122
3182904807
3181867604
3182697367
3181037843
3175532836
3181452724
3175532836
3181452724
3181037843
3182178765
3181037843
3181867604
3180934122
3177814682
3180830402
3175532836
3181245283
3180830402
3181971325
3180622962
3182282485
3180830402
3181452724
3180208081
3176984920
3180104360
3172213789
3180208081
3178851884
3180415521
3180000640
3181971325
3180104360
3180622962
3180311801
3174288194
3180311801
3178851884
3180104360
3180519241
3181037843
3180000640
3181245283
3180000640
3178229562
3179585759
3173043551
3181037843
3180622962
3182178765
3180415521
3177814682
3180000640
3172213789
3180208081
3179585759
3181245283
3179266766
3180622962
3180000640
3170214707
3179378319
3175532836
3180415521
3180208081
3181452724
3179896920
3180622962
3179793200
3172213789
3179689480
3179896920
3181037843
3179266766
3180622962
3179585759
3170214707
3179378319
3180000640
3180415521
3179059324
3178644444
3179793200
3168555183
3179266766
3179585759
3180415521
3179689480
3178229562
3178437004
3170214707
3179266766
3178644444
3179793200
3179059324
3179378319
3179266766
3170214707
3179059324
3178644444
3180208081
3178437004
3180208081
3178229562
3172421230
3178644444
3175532836
3177814682
3178022122
3180208081
3177192360
3179793200
3179378319
3170214707
3176984920
3175532836
3178644444
3177814682
3180208081
3179266766
3168555183
3177399800
3173873313
3178644444
3176984920
3179793200
3177814682
3166895659
3177399800
3177192360
3179689480
3177607242
3178644444
3176362598
3166895659
3176570039
3175532836
3177814682
3176362598
3176984920
3176984920
3166895659
3176984920
3176570039
3179585759
3176984920
3166895659
3176984920
3175532836
3177399800
3176155158
3176984920
3175325396
3166895659
3176362598
3176777480
3178229562
3175325396
3175325396
3175325396
3166895659
3175532836
3166895659
3176570039
3175325396
3178644444
3175532836
3171591468
3175325396
3168555183
3176984920
3176984920
3179378319
3175325396
3173250992
3176570039
3173873313
3176984920
3176570039
3180622962
3176155158
3172836111
3176362598
3166895659
3176570039
3175740277
3178644444
3176155158
3177814682
3176155158
3166895659
3176984920
3175532836
3176155158
3174288194
3178644444
3175325396
3175325396
3175947718
3166895659
3175325396
3170214707
3176570039
3174080754
3178644444
3175117956
3176984920
3175325396
3166895659
3174703075
3173043551
3175947718
3173665872
3177814682
3174495634
3169384945
3174495634
3166895659
3174288194
3175325396
3178644444
3174495634
3169799826
3174495634
3166895659
3175117956
3174288194
3178437004
3174495634
3170969146
3173250992
3166895659
3175325396
3173250992
3176984920
3173665872
3166895659
3173458432
3169799826
3173665872
3173873313
3172836111
3174288194
3166895659
3175117956
3174495634
3177399800
3173665872
3166895659
3173665872
3166895659
3174495634
3173250992
3175325396
3173458432
3166895659
3172836111
3166895659
3172006349
3171798908
3166895659
3173665872
3174703075
3176155158
3174703075
3166895659
3173665872
3173250992
3175325396
3172421230
3166895659
3173250992
3172628670
3174080754
3172006349
3168970064
3172006349
3170214707
3173665872
3172628670
3175325396
3173665872
3166895659
3173458432
3172006349
3176984920
3172006349
3166895659
3171591468
3166895659
3171176587
3171176587
3173665872
3173665872
3166895659
3176155158
3174703075
3176984920
3173458432
3168970064
3172421230
3166895659
3172836111
3166895659
3168140302
3170629588
3175325396
3172006349
3166895659
3174080754
3172213789
3175325396
3173458432
3173250992
3173250992
3166895659
3173250992
3167310540
3173665872
3172628670
3166895659
3173043551
3166895659
3172421230
3169799826
3175325396
3171798908
3168140302
3173250992
3170214707
3174910516
3173665872
3171176587
3166895659
3166895659
3171591468
3167725421
3174495634
3174080754
3166895659
3173043551
3166895659
3173665872
3171798908
3174495634
3172006349
3166895659
3171591468
3166895659
3173250992
3169799826
3174288194
3168140302
3168140302
3173665872
3166895659
3172836111
3168140302
3174910516
3169799826
3166895659
3172006349
3166895659
3173458432
3169799826
3174495634
3168140302
3167310540
3169384945
3166895659
3173873313
3170629588
3173250992
3167310540
3171591468
3167310540
3166895659
3173043551
3166895659
3172421230
3172628670
3171798908
3166895659
3166895659
3173458432
3166895659
3168970064
3166895659
3172836111
3166895659
3173665872
3172836111
3166895659
3171591468
3166895659
3173043551
3167310540
3171384027
3166895659
3172006349
3172006349
3166895659
3171384027
3166895659
3167310540
3166895659
3172006349
3169384945
3166895659
3172006349
3166895659
3171176587
3166895659
3171176587
3171798908
3166895659
3171384027
3166895659
3169799826
3167310540
3171176587
3170629588
3166895659
3172421230
3166895659
3173665872
3167725421
980598368
3171384027
3166895659
3172006349
3169799826
3172006349
3169799826
3166895659
3167310540
3161328960
3171176587
3166895659
3172006349
3172006349
3166895659
3167310540
3166895659
3172006349
3166895659
3160499199
3162158722
3166895659
3172836111
3169384945
3174495634
3168140302
3166895659
3166895659
3162746850
3172006349
3167310540
3166895659
3166895659
3169799826
3174495634
3174080754
3166895659
3172006349
3168970064
3172006349
3166895659
3166895659
3166895659
3166895659
3169799826
3162158722
1009195770
3164406374
3169799826
3172836111
3168140302
3166895659
3168140302
3166895659
3172213789
3171176587
3173458432
3167725421
3166895659
3168140302
3167725421
3167310540
3168140302
3168140302
3166895659
3166895659
3166895659
3166895659
3172006349
3166895659
3166895659
3167725421
3166895659
3171591468
3166895659
3166895659
3166895659
3168140302
3173665872
3166895659
3166895659
3166895659
3166895659
3169799826
3166895659
3166895659
3166895659
3166895659
3169799826
3166895659
3169799826
3169384945
3166895659
3168140302
3166895659
3155520627
3164406374
3148627028
3165651017
3162158722
958441728
3160499199
3158009913
3174910516
3174495634
3169799826
3168140302
3166895659
3167310540
3166895659
3166480779
3160499199
1017087241
3158839675
3141568912
3172006349
3167310540
3166895659
3166895659
3166895659
3166895659
3162746850
3166480779
3162746850
1018746765
3173250992
3175947718
3174495634
3170629588
3166895659
3166895659
3167310540
3166480779
3163161731
1012514818
3159669437
3158009913
3169799826
3166895659
3164821255
3166895659
1017087241
3163161731
3171591468
3175325396
3164406374
3166895659
3166895659
3166895659
3168970064
3167725421
3172006349
3162746850
1005120488
3166895659
3166895659
3167725421
3166895659
3169799826
3166895659
3166895659
3166895659
3166895659
3166895659
3166895659
3171176587
3168140302
3171176587
3168970064
3166895659
3168555183
3166895659
3166895659
3166895659
3169799826
3166895659
1012514818
3166895659
3166895659
3169799826
3166895659
3171176587
3166895659
3166895659
3166895659
3166895659
3169799826
3166895659
3166895659
3159669437
3166895659
3166895659
3166895659
3171591468
3166895659
3166895659
3166895659
3166895659
3167725421
3166895659
3166480779
3163991493
1012514818
3166895659
3166895659
3170629588
3166895659
3171176587
3162158722
980598368
3162746850
3166895659
3168970064
3168140302
3173250992
3166895659
1017087241
3158839675
3162746850
3169799826
3161328960
1012514818
3166895659
3168140302
3173250992
3166895659
3166895659
3158839675
3150286552
3166480779
3158839675
980598368
3162746850
3166895659
3167725421
3166895659
3166895659
3162746850
3166895659
3164821255
3166895659
3165651017
3155520627
1020406289
3160499199
3162158722
3166480779
3161328960
992082336
3158009913
3158009913
3163576612
3166895659
3166480779
3160499199
1016257479
3161328960
3158009913
3166895659
3163161731
3166480779
3162158722
3150286552
3162158722
3148627028
3163991493
3166895659
3169799826
3160499199
1007536246
3162158722
980598368
3166895659
3162158722
3166480779
3162158722
3166895659
3166895659
3159669437
3167725421
3163161731
3169799826
3166895659
3166895659
3166895659
3141568912
3164821255
3155520627
992082336
3162158722
3166895659
3166065898
3166895659
3172006349
3166895659
1012514818
3153605600
3153605600
3166480779
3160499199
3160499199
3166895659
3166895659
3169384945
3166065898
3169384945
3163161731
3166895659
3160499199
1018746765
3159669437
3166895659
3169799826
3166895659
3172006349
3166895659
1012514818
3158009913
3166895659
3167310540
3150286552
3171176587
3166895659
1017087241
3166895659
3163161731
3165236136
3167310540
3168140302
3161328960
1017087241
3157180151
980598368
3166480779
3166895659
3171176587
3158839675
998482392
3146967504
1017087241
3148627028
3158839675
3168970064
3166895659
3164821255
3166895659
1018746765
3166895659
980598368
3168140302
3166895659
3166480779
3163161731
3168140302
980598368
1024397518
987670832
1012514818
3159669437
3163161731
3169799826
3166895659
3168140302
3157180151
1017087241
3166895659
3161328960
3164406374
3166895659
3163161731
3154690865
1020406289
3157180151
3158839675
3169799826
3166895659
3160499199
3160499199
1020406289
958441728
3162746850
3165236136
3166895659
3157180151
3153605600
1020406289
3166895659
3166895659
3166480779
3166895659
1013344582
3156350389
1012514818
3160499199
3163991493
3166480779
3158839675
1015427717
3155520627
3166895659
3166895659
3162158722
3166065898
3146967504
1012514818
3158839675
3166895659
3164821255
3166895659
3163161731
3157180151
980598368
3166895659
3158009913
3158839675
3162158722
3162158722
3158839675
1012514818
3157180151
3155520627
3166480779
3163161731
1012514818
3156350389
3166895659
3166480779
3144887960
1020406289
3144887960
3162158722
3169799826
3166895659
992082336
958441728
1012514818
3160499199
3153605600
3164821255
3160499199
1012514818
3163991493
3166895659
3166480779
3156350389
1017087241
987670832
3122817504
3132522240
3163161731
3168140302
3158839675
1017087241
3153605600
3146967504
3157180151
3155520627
3155520627
3166895659
1017087241
3160499199
3166895659
3169799826
3166895659
958441728
3154690865
3138249864
3153605600
1000141916
987670832
3132522240
3138249864
3164406374
3166895659
3167310540
3166895659
3166895659
3158839675
3157180151
3163991493
987670832
1025227280
1000141916
3157180151
3160499199
3161328960
3166895659
3161328960
3167310540
3172006349
3162746850
1020406289
3150286552
980598368
3156350389
1003460964
1025227280
958441728
3160499199
3171176587
3160499199
3166895659
3157180151
3150286552
3153605600
1008366010
1006706486
958441728
1017087241
3156350389
3166895659
3166480779
3154690865
1020406289
980598368
995401384
3132522240
3155520627
3146967504
980598368
1017087241
3146967504
3138249864
3163161731
3163161731
1015427717
3153605600
3155520627
3146967504
3141568912
1025227280
3156350389
3156350389
3141568912
3156350389
3157180151
3144887960
1020406289
995401384
992082336
3164821255
3146967504
1012514818
3154690865
3151946076
3162158722
3155520627
3146967504
3141568912
1023567756
3151946076
980598368
3157180151
3141568912
3157180151
3144887960
1012514818
3160499199
980598368
3165651017
3132522240
3163161731
3138249864
1026886804
1008366010
1006706486
987670832
992082336
1000141916
3155520627
3166895659
3168140302
3161328960
3153605600
3138249864
1020406289
987670832
987670832
3132522240
1010855294
1025227280
1001801440
3132522240
3166480779
3157180151
1017087241
3159669437
3153605600
3163161731
3141568912
1018746765
3153605600
3144887960
3163161731
3151946076
1014174342
3150286552
980598368
3150286552
987670832
987670832
1007536246
1020406289
3153605600
3144887960
3155520627
3132522240
1020406289
3141568912
3146967504
3162158722
3151946076
1017087241
3150286552
3146967504
3162158722
3153605600
1017087241
3153605600
3153605600
3166480779
3151946076
1020406289
3157180151
3153605600
3138249864
3153605600
3151946076
3157180151
3148627028
1016257479
3153605600
3138249864
3160499199
3144887960
1019576527
3144887960
3138249864
3156350389
958441728
1018746765
3132522240
3132522240
3162158722
3132522240
1024812398
3132522240
3138249864
3157180151
1006706486
1025227280
1000141916
987670832
3153605600
1005120488
1017917003
1003460964
1009195770
987670832
1007536246
995401384
1008366010
1025227280
1009195770
1007536246
3132522240
1013344582
1020406289
1010025534
1012514818
992082336
1008366010
1008366010
1010025534
1020406289
992082336
1011685058
1006706486
1010025534
1025227280
1003460964
1003460964
987670832
1010025534
1026886804
1007536246
1009195770
3146967504
1001801440
1028546326
1006706486
1000141916
987670832
1010025534
1025227280
1008366010
1008366010
3146967504
1013344582
1025227280
995401384
1007536246
987670832
1009195770
1025227280
1001801440
987670832
3146967504
1003460964
1010025534
998482392
1018746765
3132522240
995401384
3146967504
1000141916
1025227280
1006706486
1008366010
3146967504
1001801440
1010025534
1005120488
1018746765
998482392
998482392
987670832
1000141916
1020406289
992082336
1015842599
3132522240
1010025534
1026886804
1005120488
1015842599
987670832
1015004106
995401384
1013344582
1020406289
1008366010
1013344582
987670832
1008366010
1026057042
1017502121
1020406289
1000141916
958441728
987670832
1008366010
1027716564
1010855294
1015842599
1000141916
1016257479
1006706486
1017502121
1026057042
1015427717
1025227280
1015842599
1018331883
1008366010
1013344582
1018331883
1016672361
1030206498
1017502121
1010855294
1015842599
1025227280
1006706486
1020406289
1026886804
1017502121
1024397518
1015842599
1019161645
1013344582
1019161645
1026471922
1019991407
1025227280
1017917003
1018331883
1013344582
1017502121
1028546326
1017917003
1028546326
1019161645
1022065813
1014174342
1024604958
1030206498
1023775196
1023310455
1020821169
1020821169
1023775196
1023310455
1032662165
1024604958
1024604958
1018331883
1025642160
1024190078
1025434720
1033491927
1025019840
1024812398
1020821169
1024604958
1023775196
1025434720
1033491927
1025227280
1024604958
1020821169
1026057042
1032247284
1026057042
1026057042
1023775196
1026057042
1027509124
1026264482
1024812398
1024190078
1025849600
1028338886
1025434720
1028546326
1024604958
1025849600
1023775196
1026471922
1033491927
1026264482
1026057042
1024604958
1026679362
1031036260
1027716564
1031036260
1027509124
1029583530
1028753768
1029583530
1035151451
1030828820
1030206498
1027094244
1029790970
1032558445
1030828820
1033491927
1029999058
1031832403
1027924006
1031936123
1033491927
1031658582
1033491927
1031243702
1031243702
1029999058
1031451142
1036810975
1032143564
1032662165
1030828820
1032973326
1035151451
1033491927
1033491927
1032765885
1034217969
1033699367
1034425409
1036810975
1034010528
1034010528
1034010528
1034840290
1038470499
1035255171
1035255171
1033595647
1035566332
1040130023
1035462611
1035670052
1034529129
1036084933
1040130023
1035981213
1036396094
1036084933
1037122135
1040130023
1037018415
1037537017
1036084933
1037640737
1041403350
1037537017
1038263057
1036914695
1038574219
1041818231
1039403981
1039715141
1038574219
1040262428
1040418008
1040521728
1042647993
1040936609
1041144050
1040625449
1041507071
1043477755
1042284972
1042959154
1042284972
1042907294
1043114734
1043737056
1045137279
1044048216
1044100076
1043944496
1044877978
1046796965
1045137279
1045967041
1044774258
1046018901
1048456489
1046537664
1047211845
1046900685
1047834167
1046848825
1048041607
1049346006
1048594034
1048957055
1048957055
1049657166
1050512858
1050072047
1050798089
1050668439
1051135180
1050331348
1050824019
1052561333
1051601921
1052665053
1051990872
1048749614
1052276102
1049683096
1051212970
1051394480
1052665053
1051498200
1052224242
1054169077
1051601921
1055595231
1051990872
1054739539
1052016802
1050798089
1051861221
1050668439
1050409138
1050409138
1051394480
1050486928
1050590648
1050201697
1051498200
1051135180
1052794784
1052665053
1052068662
1052665053
1051653781
1052068662
1051342620
1050668439
1050305418
1051109250
1051783431
1050875879
1051264830
1050720299
1050305418
1050616578
1051238900
1052665053
1052094592
1052120522
1051757501
1052457613
1051653781
1051861221
1052665053
1052224242
1051835291
1050486928
1050097977
1050772159
1051161110
1051368550
1050901809
1051420410
1049916467
1050772159
1050616578
1051264830
1052665053
1051031459
1051057389
1050409138
1050564718
1050668439
1051238900
1051835291
1049501586
1049786817
1050201697
1050486928
1051627851
1050149837
1049734956
1049164495
1050305418
1050798089
1050772159
1050901809
1050305418
1050979599
1049683096
1050097977
1051005529
1050746229
1050590648
1049138565
1049190425
1049786817
1049501586
1051005529
1049579376
1049709026
1048853334
1049164495
1050201697
1050435068
1051420410
1049994257
1049527516
1049683096
1050149837
1050305418
1049605306
1050072047
1049034845
1050486928
1049164495
1049527516
1049838677
1049890537
1049371936
1049371936
1050746229
1049164495
1049449726
1049008915
1049449726
1048957055
1049449726
1049864607
1049346006
1049968327
1049475656
1049734956
1049060775
1049553446
1049683096
1049190425
1050590648
1049346006
1049190425
1048957055
1049268215
1048853334
1049112635
1049968327
1048827404
1047937887
1048093467
1049112635
1048905195
1048801474
1050175767
1048957055
1048957055
1048508349
1049034845
1049008915
1048671824
1049968327
1048723684
1048300907
1048300907
1048801474
1047678587
1048145327
1048982985
1048801474
1049346006
1047730447
1048723684
1047886027
1047730447
1047263705
1048560209
1048093467
1047730447
1049346006
1048352769
1047834167
1047108125
1048041607
1047263705
1047108125
1048853334
1048197187
1047626727
1046693244
1047834167
1046848825
1046848825
1046952545
1047523007
1048300907
1047263705
1048456489
1046745104
1046848825
1046018901
1045915181
1045189139
1045967041
1046070761
1045344719
1047626727
1045604020
1046382084
1045189139
1046796965
1045085419
1046018901
1045189139
1046537664
1046641384
1045915181
1048456489
1046330224
1046796965
1044722398
1044774258
1044048216
1044981698
1045189139
1044981698
1044670538
1046070761
1046796965
1045240999
1046174643
1046848825
1046745104
1043529615
1043892636
1045863320
1044877978
1045967041
1044670538
1044877978
1043944496
1043737056
1043529615
1043633335
1045967041
1043685195
1044722398
1043737056
1044618678
1045189139
1044203797
1045137279
1042596133
1043374035
1042596133
1043788916
1043737056
1044359377
1046382084
1044203797
1043892636
1043114734
1043062874
1042284972
1042803573
1044463097
1043581475
1045137279
1043633335
1042440553
1041455210
1043011014
1044359377
1042855434
1045137279
1043581475
1043011014
1041558931
1042544273
1043062874
1041610791
1042647993
1041455210
1041973812
1041040329
1042077532
1045137279
1042699853
1042077532
1041144050
1041870091
1044722398
1042077532
1042233112
1041921951
1041662651
1040210568
1040210568
1043374035
1040832889
1041921951
1041144050
1042077532
1041455210
1041351490
1043477755
1043529615
1042959154
1038989099
1037329575
1037329575
1040729169
1043477755
1041403350
1040988469
1039818861
1040988469
1040210568
1041507071
1042284972
1041247770
1042647993
1040026301
1040026301
1038574219
1040521728
1041351490
1040573588
1040130023
1040262428
1040884749
1040210568
1040130023
1041610791
1038885379
1040729169
1038989099
1040832889
1041558931
1040314288
1041818231
1038055617
1038677939
1036914695
1038781659
1040130023
1038781659
1040130023
1037018415
1036603534
1040418008
1039092819
1038055617
1034840290
1037848177
1038574219
1037848177
1041818231
1039300261
1038989099
1034840290
1035566332
1039300261
1036499814
1035670052
1036914695
1037744457
1034010528
1034217969
1038470499
1036292373
1036810975
1035358891
1034425409
1031936123
1034736570
1040130023
1035047731
1032039844
1029583530
1032558445
1031936123
1034529129
1040130023
1034529129
1027094244
1031243702
1034840290
1034736570
1029168648
1035047731
1034840290
1028338886
1028753768
1033699367
1032351004
1026264482
1033491927
1032143564
1033388207
1026679362
1031036260
1033491927
1026264482
1031832403
1029583530
1028753768
1023775196
1030828820
1034114248
1026886804
1031832403
1027094244
1024812398
1021650931
1024397518
1022480693
1024190078
1031832403
1026679362
1028546326
1029583530
1026264482
1028753768
1029168648
1027716564
1031658582
1033491927
1009195770
1022895575
1022480693
1016257479
1031036260
1025434720
1027716564
1009195770
1019576527
1020821169
1023567756
1033491927
987670832
3151946076
1023775196
1029999058
1019161645
1015004106
1031036260
1006706486
1015842599
987670832
1029168648
1028546326
1010025534
3150286552
1020821169
3151946076
1020406289
1022480693
1020406289
1010025534
3146967504
987670832
3122817504
1028546326
3167725421
3155520627
987670832
1003460964
1012514818
1010025534
1017087241
3146967504
3146967504
1015842599
1016672361
1012514818
3167310540
3166895659
3169799826
3162158722
3166895659
3164821255
1021650931
3155520627
3158009913
3166895659
1001801440
3157180151
3146967504
3162746850
1005120488
3162158722
3166895659
3169799826
3163991493
3166895659
3171384027
3166895659
3174495634
987670832
3166895659
3166895659
3122817504
3166480779
3167725421
3166895659
3169384945
3172628670
3177814682
3172836111
3171176587
3172421230
3166895659
3169384945
3172006349
3173665872
3168140302
1009195770
3169799826
980598368
3171798908
3173250992
3177814682
3171176587
3167310540
3167725421
3170969146
3172628670
3172006349
3179793200
3173665872
3166895659
3172006349
3168970064
3175325396
3167310540
3169799826
3160499199
980598368
3178644444
3174910516
3176984920
3174703075
3177192360
3175325396
3176362598
3178644444
3178644444
3174080754
3175325396
3171384027
3176155158
3178437004
3177814682
3176155158
3166895659
3181245283
3179378319
3179378319
3176984920
3171384027
3177607242
3174495634
3176777480
3176984920
3176984920
3178644444
3172213789
3178437004
3179585759
3180208081
3183423408
3183527128
3182904807
3175947718
3181141563
3180104360
3180622962
3181245283
3181452724
3181037843
3175532836
3182178765
3184149450
3184564331
3184149450
3180726682
3182697367
3178851884
3179793200
3182489926
3185601857
3183112248
3179896920
3182593646
3181971325
3186016738
3183838289
3184772095
3183527128
3180726682
3182697367
3180726682
3185186976
3183734569
3185601857
3183734569
3180415521
3183319688
3180726682
3184564331
3185083256
3186846500
3186016738
3187881091
3185809298
3181556444
3184668375
3180726682
3183734569
3183527128
3186120458
3185601857
3183112248
3186846500
3184045730
3186224179
3185394417
3187261381
3186016738
3183527128
3186846500
3186742780
3188295972
3187984811
3188503413
3186950220
3182386206
3185913018
3187053941
3187261381
3186016738
3187261381
3187365101
3184875816
3187157661
3187572542
3188710853
3188399692
3184045730
3188399692
3188503413
3189333174
3189125734
3187673651
3188399692
3188140392
3188503413
3187984811
3188295972
3188503413
3184045730
3187777371
3188399692
3189125734
3188970154
3187673651
3188814573
3188555273
3189436894
3189022014
3187932951
3189696195
3189592475
3190162936
3189644335
3187365101
3189177594
3189073874
3189125734
3188762713
3187365101
3188658993
3188970154
3190370377
3189540615
3187365101
3189229454
3189177594
3189955496
3189903636
3188347832
3189748055
3189488755
3190785258
3189333174
3187932951
3189540615
3189592475
3190577817
3190111076
3189748055
3190162936
3189177594
3190370377
3190266656
3190785258
3190318516
3188347832
3190474097
3190525957
3191096418
3190474097
3188866433
3190111076
3190007356
3191303859
3190681537
3191200138
3190992698
3190422237
3191200138
3190940838
3191407579
3190525957
3190007356
3191148278
3191148278
3190474097
3191044558
3190422237
3191200138
3191355719
3190162936
3191096418
3190837118
3191615019
3190888978
3191615019
3191148278
3191459439
3191822460
3191978040
3190007356
3192133621
3191874320
3193015243
3191718740
3189385034
3191978040
3192029900
3193067103
3191874320
3190837118
3192392921
3192185481
3192444781
3192341061
3190007356
3192911522
3192548501
3193585704
3192652222
3190837118
3192652222
3192600362
3193481984
3193015243
3191666879
3193585704
3193326403
3193689424
3193326403
3191666879
3193222683
3193222683
3193793144
3193015243
3191148278
3192755942
3192548501
3193277615
3192963382
3192341061
3193277615
3192911522
3193896865
3193793144
3194726626
3194156165
3191666879
3194363606
3194156165
3194934067
3193585704
3191666879
3192963382
3192859662
3193689424
3193067103
3191666879
3193326403
3192496641
3194000585
3194208025
3194934067
3194156165
3192496641
3194571046
3194259885
3194934067
3194467326
3195141507
3194467326
3193326403
3194156165
3193326403
3194000585
3193896865
3194415466
3193845004
3192081760
3194000585
3194467326
3194934067
3194467326
3194934067
3194830347
3192911522
3194934067
3194830347
3195763829
3194882207
3194208025
3194934067
3194156165
3195348948
3194830347
3195556388
3194778487
3192496641
3194830347
3195037787
3195763829
3194778487
3192704082
3194934067
3194985927
3195608248
3195037787
3195141507
3195141507
3192496641
3195452668
3195348948
3195556388
3195400808
3195556388
3195400808
3194156165
3195608248
3195504528
3196119179
3195504528
3192911522
3195660109
3195556388
3196119179
3195348948
3194156165
3195660109
3195867549
3196119179
3195452668
3194571046
3195971269
3195763829
3196222899
3195971269
3194156165
3196171039
3196171039
3196508211
3196222899
3194156165
3196300690
3196430421
3196949022
3196482281
3194985927
3196534141
3196534141
3197000882
3196534141
3195193367
3196534141
3196534141
3196637861
3196456351
3196741582
3196456351
3194156165
3196586001
3196456351
3196741582
3196534141
3196534141
3196689721
3194985927
3196949022
3197000882
3197363903
3196974952
3196352550
3196767512
3196023129
3196482281
3196196969
3196326620
3195763829
3194156165
3195711969
3196119179
3196741582
3196741582
3196404410
3197052742
3196767512
3197441693
3197571344
3198193665
3197104603
3194571046
3196767512
3196508211
3196741582
3195971269
3194156165
3195815689
3195867549
3196534141
3196534141
3196196969
3196949022
3196974952
3197467623
3197363903
3197778784
3197467623
3196352550
3197389833
3196845302
3196741582
3196352550
3196689721
3195971269
3194156165
3195763829
3196145109
3196949022
3196845302
3197052742
3197000882
3196145109
3197234253
3197363903
3197778784
3197363903
3196949022
3197337973
3196352550
3196949022
3196586001
3196845302
3196145109
3195245228
3196378480
3195815689
3197078673
3197104603
3197571344
3197441693
3197052742
3197519484
3197286113
3197700994
3197467623
3197778784
3197467623
3197260183
3197286113
3196145109
3197519484
3197675064
3197234253
3197571344
3197882504
3196923092
3196845302
3197675064
3196352550
3197052742
3197286113
3197830644
3197415763
3197778784
3197493553
3196949022
3197078673
3196145109
3197052742
3197441693
3197234253
3197156463
3197571344
3196949022
3197052742
3197312043
3196767512
3197934364
3197961319
3197804714
3197260183
3198089945
3197208323
3196508211
3197312043
3196974952
3197623204
3197104603
3197986225
3197882504
3197000882
3197675064
3197286113
3198038085
3197675064
3198089945
3197986225
3197778784
3197545414
3196974952
3197337973
3196871232
3197778784
3197026812
3197363903
3197467623
3197156463
3197363903
3196767512
3197078673
3197986225
3197778784
3198064015
3197726924
3198452966
3196974952
3198582616
3198478896
3198297385
3197830644
3195400808
3197130533
3196637861
3197156463
3196378480
3196637861
3197441693
3196974952
3197908434
3198167735
3198608546
3198634476
3198115875
3197986225
3197597274
3198504826
3197934364
3197571344
3197467623
3195193367
3196093249
3196767512
3197156463
3197130533
3197778784
3197545414
3197389833
3197726924
3198012155
3198556686
3198427036
3198608546
3198297385
3197623204
3197778784
3195815689
3197312043
3196897162
3197052742
3196819372
3196171039
3197104603
3196974952
3197778784
3197830644
3197986225
3198245525
3196767512
3198012155
3197700994
3198089945
3198193665
3197286113
3197778784
3197597274
3197260183
3197441693
3197571344
3197415763
3196767512
3197700994
3197337973
3198297385
3197960295
3196767512
3198323315
3197675064
3197986225
3198038085
3197519484
3198038085
3197623204
3198608546
3198245525
3197675064
3198038085
3196767512
3198089945
3197726924
3198349245
3197545414
3197700994
3198012155
3196974952
3198167735
3198452966
3198660406
3198271455
3197623204
3198634476
3197804714
3198401106
3198193665
3197986225
3197571344
3196560071
3197260183
3197441693
3197571344
3197545414
3197882504
3197337973
3196352550
3198038085
3198245525
3198530756
3198427036
3198504826
3198660406
3197597274
3197882504
3197962343
3198141805
3197700994
3197675064
3197441693
3196352550
3197700994
3197026812
3197363903
3197260183
3197260183
3197726924
3196974952
3198089945
3198427036
3198815986
3198815986
3198815986
3197545414
3197597274
3197962343
3196974952
3197651182
3197363903
3197778784
3197389833
3195815689
3197545414
3197493553
3197778784
3197623204
3197571344
3197778784
3197182393
3198141805
3197830644
3198193665
3197882504
3196482281
3197649134
3197700994
3197856574
3197545414
3197156463
3197363903
3197182393
3197571344
3197312043
3197415763
3197441693
3196767512
3197467623
3197363903
3197571344
3197260183
3196145109
3197260183
3197337973
3197726924
3197260183
3197260183
3197156463
3196352550
3197208323
3197078673
3197571344
3197156463
3196352550
3197519484
3197467623
3198089945
3197882504
3197234253
3197965415
3198193665
3198401106
3197986225
3197182393
3197934364
3197934364
3197986225
3197078673
3195815689
3196767512
3196767512
3197078673
3196949022
3196949022
3197363903
3197182393
3198141805
3197830644
3197882504
3198193665
3197804714
3198349245
3198452966
3198193665
3197651182
3196767512
3197519484
3197337973
3197363903
3196949022
3195815689
3197130533
3197208323
3197778784
3197519484
3197571344
3197804714
3196767512
3198297385
3198141805
3198375175
3197882504
3197026812
3197778784
3197389833
3197651182
3197130533
3197778784
3197260183
3196145109
3197389833
3197389833
3197778784
3197363903
3196352550
3197234253
3197182393
3197571344
3197104603
3197337973
3197337973
3196767512
3197467623
3197467623
3197571344
3197363903
3196767512
3197571344
3197337973
3197778784
3197363903
3196352550
3197571344
3197156463
3197986225
3197467623
3196767512
3197260183
3197182393
3197467623
3196949022
3197052742
3196715651
3194985927
3196586001
3197363903
3197363903
3197519484
3197778784
3197882504
3197389833
3198064015
3197571344
3197986225
3197726924
3196767512
3197649134
3197363903
3196949022
3196145109
3194985927
3196352550
3196248829
3196949022
3197363903
3197571344
3197312043
3196767512
3197415763
3197182393
3197571344
3197415763
3197363903
3197441693
3195815689
3196949022
3196871232
3197156463
3196222899
3196222899
3196171039
3194571046
3197052742
3197597274
3197571344
3197415763
3198297385
3197545414
3196897162
3197415763
3196145109
3197415763
3197156463
3197467623
3197026812
3197467623
3196897162
3196611931
3196534141
3196145109
3196378480
3197337973
3197571344
3197389833
3197519484
3197726924
3196767512
3197856574
3197804714
3197986225
3197675064
3198193665
3197130533
3196145109
3196819372
3196560071
3196352550
3195971269
3196222899
3196560071
3194985927
3196689721
3196974952
3197571344
3197882504
3198245525
3197856574
3196767512
3197856574
3197389833
3197156463
3197415763
3197519484
3197026812
3196534141
3196145109
3195815689
3196222899
3196222899
3196326620
3195815689
3194571046
3196300690
3196145109
3196845302
3196689721
3197363903
3196715651
3196352550
3197493553
3197052742
3197052742
3196534141
3196222899
3196456351
3196145109
3196845302
3196534141
3197052742
3196508211
3196093249
3197026812
3196767512
3197467623
3196793442
3197778784
3196845302
3195400808
3196767512
3196819372
3196897162
3196300690
3196741582
3195867549
3194156165
3194726626
3195815689
3196430421
3196845302
3197363903
3196404410
3195037787
3197052742
3196248829
3196845302
3196637861
3197363903
3197337973
3194156165
3195245228
3194778487
3196222899
3194622906
3194208025
3194052445
3194571046
3196534141
3196171039
3196067319
3196637861
3196248829
3196611931
3196119179
3196637861
3196093249
3192911522
3195452668
3195400808
3195556388
3195504528
3192704082
3195452668
3195660109
3196430421
3195556388
3194985927
3196586001
3195608248
3196508211
3195348948
3194156165
3196023129
3196067319
3196534141
3195452668
3195763829
3194934067
3194156165
3194830347
3195348948
3196222899
3195037787
3194571046
3195193367
3195089647
3196534141
3195089647
3196534141
3195348948
3194156165
3195660109
3194830347
3195763829
3195037787
3193326403
3194363606
3194830347
3194726626
3195556388
3194104305
3195660109
3194156165
3196534141
3195763829
3197052742
3196534141
3196222899
3195763829
3194156165
3194622906
3195141507
3194104305
3193585704
3191874320
3194622906
3195037787
3195971269
3195867549
3196222899
3194934067
3194156165
3195971269
3195711969
3196023129
3196404410
3196300690
3193689424
3194519186
3193378263
3190837118
3194726626
3194622906
3195556388
3193277615
3195348948
3195245228
3192496641
3195608248
3195297088
3196248829
3196119179
3196741582
3194934067
3194156165
3196378480
3192807802
3195348948
3192029900
3195556388
3193067103
3192081760
3194415466
3193741284
3193689424
3193689424
3194519186
3193793144
3191666879
3194000585
3193637564
3196689721
3196171039
3194934067
3194000585
3190837118
3193793144
3192237341
3196482281
3194934067
3196274759
3193430123
3194571046
3195763829
3193896865
3194104305
3196023129
3194830347
3194415466
3194156165
3194934067
3194674766
3193276591
3194156165
3189592475
3195763829
3193326403
3196222899
3194104305
3191718740
3195452668
3191666879
3193276591
3194259885
3194726626
3195141507
3190837118
3194934067
3193741284
3195348948
3192600362
3194934067
3192444781
3193326403
3192548501
3192859662
3193276591
3192807802
3191874320
3193067103
3191251999
3193277615
3193948725
3194000585
3193948725
3194156165
3194363606
3192911522
3194311745
3194259885
3194311745
3194104305
3194311745
3193277615
3191718740
3194311745
3194156165
3195867549
3196119179
3196326620
3192133621
3194104305
3195504528
3194156165
3189125734
3188814573
3189022014
3196793442
3191666879
3193948725
3191666879
3191511299
3189385034
3197467623
3192755942
3190837118
3192444781
3192029900
3192444781
3191251999
3189177594
3191615019
3191355719
3191563159
3190474097
3189955496
3189540615
3184045730
3187725511
3186846500
3186846500
3183319688
3181245283
3182489926
3177192360
3182593646
3182282485
3182904807
3182282485
3182904807
3182075045
3176362598
3182489926
3182489926
3183942009
3182593646
3183942009
3182697367
3176984920
3183215968
3182904807
3183942009
3182904807
3182282485
3182282485
3175532836
3182386206
3182801087
3183527128
3182075045
3183527128
3181660164
3178851884
3181245283
3180726682
3182489926
3181763884
3183112248
3181867604
3177607242
3181245283
3173873313
3181141563
3181245283
3182697367
3180622962
3180622962
3180934122
3176362598
3180830402
3175532836
3181349003
3180311801
3181037843
3180208081
3181452724
3180726682
3178644444
3179896920
3173043551
3180622962
3180622962
3182075045
3180000640
3179378319
3180000640
3173873313
3180415521
3180415521
3181452724
3180208081
3175532836
3180622962
3176362598
3180208081
3180519241
3181452724
3178437004
3175947718
3180000640
3175532836
3180311801
3179585759
3180622962
3179378319
3172213789
3179689480
3180208081
3181452724
3179689480
3179793200
3179793200
3168555183
3179896920
3180415521
3181245283
3179896920
3176362598
3179585759
3172213789
3180311801
3180311801
3181141563
3179689480
3176984920
3179585759
3172213789
3180104360
3179793200
3180622962
3179793200
3170214707
3179585759
3179378319
3180622962
3179482039
3172213789
3179378319
3179378319
3180622962
3179585759
3179793200
3178437004
3172213789
3179585759
3179378319
3181349003
3178644444
3170214707
3179378319
3177192360
3180208081
3179378319
3178644444
3177192360
3166895659
3178229562
3179059324
3180622962
3178022122
3174495634
3178644444
3170214707
3179059324
3179378319
3179793200
3178229562
3178644444
3177399800
3166895659
3178437004
3177814682
3179896920
3177607242
3175117956
3176362598
3175532836
3178229562
3176155158
3179378319
3176155158
3166895659
3177814682
3176984920
3179793200
3176570039
3166895659
3177192360
3176362598
3179378319
3176777480
3166895659
3175740277
3176984920
3179378319
3176984920
3166895659
3176777480
3176155158
3179482039
3176570039
3166895659
3176984920
3176155158
3178644444
3175740277
3166895659
3176984920
3175740277
3179378319
3175947718
3166895659
3175740277
3176155158
3177814682
3175740277
3173665872
3175325396
3172213789
3175325396
3174495634
3178644444
3176362598
3166895659
3176155158
3176362598
3178644444
3175325396
3166895659
3176155158
3174080754
3178644444
3176155158
3166895659
3175740277
3176362598
3177814682
3175740277
3171798908
3175325396
3168555183
3176984920
3176155158
3178644444
3176777480
3166895659
3176155158
3176155158
3179378319
3175532836
3172213789
3174910516
3173873313
3177814682
3176155158
3178644444
3175947718
3166895659
3175325396
3174495634
3178022122
3174080754
3175325396
3175532836
3166895659
3175947718
3175117956
3176570039
3174495634
3172421230
3174495634
3172213789
3176984920
3174495634
3176155158
3174495634
3166895659
3175740277
3173873313
3178644444
3174080754
3166895659
3174910516
3173250992
3177814682
3174495634
3166895659
3174080754
3173665872
3176984920
3173873313
3168555183
3174910516
3172213789
3176777480
3174495634
3166895659
3174495634
3173873313
3175325396
3174495634
3174080754
3174080754
3170214707
3175325396
3173665872
3174495634
3174495634
3166895659
3174495634
3173250992
3175325396
3173043551
3166895659
3173043551
3167725421
3172006349
3172628670
3166895659
3173873313
3174080754
3178229562
3173665872
3166895659
3173665872
3172421230
3174495634
3172006349
3172213789
3175325396
3172006349
3166895659
3172836111
3171798908
3175325396
3172006349
3168140302
3172836111
3172213789
3175325396
3172836111
3166895659
3172836111
3172006349
3175325396
3172213789
3166895659
3172836111
3172213789
3175325396
3173458432
3171798908
3172006349
3170214707
3174495634
3172836111
3174080754
3173250992
3166895659
3171384027
3171591468
3175325396
3171176587
3167310540
3172836111
3166895659
3173665872
3173250992
3175325396
3172006349
3166895659
3172006349
3172628670
3174910516
3172836111
3169799826
3172836111
3170214707
3175325396
3173665872
3174495634
3173043551
3166895659
3173873313
3166895659
3174495634
3172006349
3166895659
3172836111
3168970064
3171176587
3172006349
3166895659
3174495634
3173458432
3172836111
3171591468
3166895659
3172421230
3166895659
3167310540
3172421230
3166895659
3174495634
3174080754
3174910516
3167310540
1025227280
3173665872
3174080754
3175325396
3172421230
3166895659
3171798908
3168555183
3174080754
3172006349
3172006349
3172006349
3166895659
3170214707
3163161731
3173665872
3172836111
3166895659
3172006349
3168140302
3175325396
3173665872
3166895659
3167310540
3163161731
3173665872
3168140302
3166895659
3174080754
3172213789
3173250992
3167310540
3169799826
3172421230
3166895659
3170629588
3168140302
3174495634
3166895659
3166895659
3166895659
3170214707
3175325396
3173665872
3175325396
3171176587
3166895659
3169799826
3166895659
3171176587
3166895659
3173665872
3166895659
3166895659
3171591468
3167310540
3173665872
3172628670
3170629588
3166895659
3166895659
3172628670
3166895659
3169799826
3171798908
3166895659
3173250992
3173250992
3172006349
3166895659
3166895659
3171176587
3163161731
3171591468
3171176587
3166895659
3172006349
3166895659
3172006349
3166895659
3166895659
3171591468
3171384027
3175325396
3170629588
3166895659
3166895659
3163161731
3171176587
3166895659
3166895659
3171591468
3166895659
3172836111
3170629588
3166895659
3167725421
3163991493
3169799826
3166895659
3166895659
3171176587
3168555183
3174288194
3168140302
3166895659
3167725421
3166895659
3169799826
3170629588
3166895659
3172006349
3167310540
3171176587
3166895659
3166895659
3169799826
3162746850
3173665872
3168970064
3166895659
3168970064
3167310540
3173665872
3168140302
3166895659
3167310540
3166895659
3166480779
3166895659
3166895659
3171176587
3166895659
3171591468
3166895659
3166895659
3167310540
3166895659
3173665872
3168970064
3166895659
3167310540
3166895659
3172006349
3166895659
3166895659
3166895659
3166895659
3169799826
3166895659
3166895659
3166895659
3166895659
3168970064
3166895659
3167310540
3166895659
3166895659
3169799826
3168140302
3166895659
3168140302
3166895659
3172006349
3166895659
3166895659
3166895659
3167310540
3172006349
3166895659
3166895659
3167310540
3166895659
3171176587
3166895659
3166895659
3166895659
3166895659
3162158722
3162158722
3166895659
3169799826
3162158722
1012514818
3163991493
3162158722
3167310540
3171591468
3167725421
3171798908
3166895659
1012514818
3162746850
3167725421
3175325396
3173043551
3166895659
3169384945
3166895659
3169799826
3166895659
1018746765
3163161731
3158839675
3169799826
3167725421
3166895659
3166895659
3162746850
3166895659
3166895659
3161328960
3166480779
3166895659
3166895659
3172421230
3170214707
3169799826
3166895659
980598368
3163161731
3166895659
3169799826
3166895659
1017087241
3164821255
3163161731
3171176587
3171176587
3166895659
3169799826
3166895659
3166895659
3166895659
3166895659
3166895659
3163161731
3166480779
3166895659
3158009913
3165651017
3166895659
3164821255
3163161731
1012514818
3166895659
3169799826
3173665872
3168140302
3166895659
3167310540
3167725421
3169799826
3167725421
3169799826
3168140302
3166895659
3169799826
3162746850
3171176587
3166895659
1017087241
3163991493
3166895659
3168970064
3166895659
1012514818
3166895659
3166895659
3172006349
3166895659
1007536246
3166895659
3166895659
3169799826
3166895659
3166895659
3166895659
3166895659
3172006349
3166895659
1012514818
3157180151
3166895659
3166480779
3163161731
3166895659
3166895659
3160499199
3169799826
3162158722
3166895659
3166895659
3166895659
3169384945
3166895659
3166895659
3159669437
1005120488
3163991493
3166895659
3166480779
3166895659
3166895659
3168970064
3163576612
3162158722
3157180151
3138249864
3166065898
3166895659
3144887960
3166895659
3166895659
3171176587
3166895659
1012514818
3168555183
3166895659
3171176587
3163161731
1017087241
3160499199
3167310540
3169799826
3166895659
1005120488
3160499199
3166895659
3166480779
3163161731
1010855294
3162746850
3163991493
3166480779
3154690865
1005120488
3162158722
3163161731
3166480779
3166895659
958441728
3162746850
3158009913
3164821255
3166895659
3163161731
3161328960
3166895659
3162158722
3160499199
3165651017
3161328960
958441728
3158839675
1012514818
3164406374
3162746850
3166480779
3166895659
1017087241
3161328960
3163161731
3169799826
3166895659
1005120488
3160499199
3166895659
3166480779
3162746850
3159669437
3159669437
3166895659
3163161731
3166895659
3163161731
3154690865
1017087241
3160499199
3166895659
3168140302
3163576612
3148627028
3168140302
3162746850
3167310540
3166895659
3166895659
3164406374
3159669437
3162158722
3162746850
3166895659
3168140302
3160499199
3157180151
3156350389
1018746765
3166895659
3166895659
3169799826
3160499199
1012514818
3167725421
3166895659
3167310540
3132522240
3162158722
3160499199
3166895659
3163161731
3155520627
3166480779
3161328960
3166895659
3167725421
3166895659
3168970064
3162746850
1017087241
3164406374
3169799826
3166480779
3169384945
980598368
3155520627
3166895659
3150286552
992082336
3164821255
3163161731
3166895659
3166895659
3161328960
3171176587
3161328960
3132522240
3158839675
3166895659
3168970064
3158009913
3163161731
3153605600
1012514818
3166895659
3166895659
3166065898
3162746850
3166480779
3150286552
1023567756
3153605600
3163991493
3169799826
3158839675
3167310540
3166895659
1012514818
3163576612
3166895659
3169799826
3150286552
1017087241
3166895659
3164821255
3166480779
3163161731
1020406289
3151946076
3157180151
3166480779
3162158722
995401384
3157180151
3158009913
3169384945
3162158722
3163161731
3162158722
980598368
3162158722
3146967504
3146967504
3158009913
3162158722
3164821255
3154690865
3153605600
3162158722
3148627028
3166480779
3166895659
3156350389
3151946076
1017087241
3160499199
3162158722
3169799826
3158839675
1020406289
3158009913
3157180151
3166480779
3161328960
1012514818
3161328960
3162746850
3166480779
3166895659
1020406289
987670832
3160499199
3166480779
3162158722
1020406289
3159669437
3163161731
3157180151
3146967504
1020406289
3153605600
3154690865
3163161731
3157180151
980598368
3162158722
3161328960
3163161731
3158839675
1020406289
3153605600
3160499199
3166480779
3146967504
980598368
3167310540
3163161731
3157180151
3162158722
1020406289
3162746850
3166895659
3166065898
3155520627
1020406289
958441728
3153605600
3157180151
3160499199
1012514818
3158839675
3166895659
3166480779
3158839675
3166895659
958441728
1009195770
987670832
1000141916
1016672361
3153605600
3159669437
3167310540
3166895659
3162158722
3166895659
3156350389
3160499199
995401384
1020406289
1000141916
3138249864
3164821255
3166895659
1017087241
3162158722
3166895659
3169799826
3154690865
1020406289
987670832
1007536246
1010025534
3132522240
3146967504
3169799826
3163161731
1017087241
3163161731
3168970064
3164821255
3166895659
3138249864
3162158722
995401384
1026886804
1010855294
3146967504
3160499199
3158009913
1012514818
3163991493
3168140302
3157180151
3162746850
1017087241
3132522240
1007536246
1013344582
1003460964
1020406289
3157180151
3159669437
3163161731
3138249864
3154690865
3146967504
3150286552
1017087241
3155520627
3166895659
3165236136
3150286552
1025227280
1006706486
1003460964
1006706486
3151946076
1012514818
3151946076
3157180151
987670832
3151946076
1017087241
3157180151
3166895659
3132522240
3150286552
1020406289
1000141916
1010855294
1012514818
1000141916
1010855294
3162158722
3153605600
1008366010
3132522240
1017087241
3154690865
1003460964
3158839675
3162158722
1020406289
3160499199
3150286552
3146967504
980598368
1026886804
3153605600
3141568912
3156350389
3146967504
1025227280
3158839675
3166895659
3171591468
3159669437
1020406289
3146967504
1003460964
995401384
1013344582
1020406289
3138249864
1001801440
992082336
3161328960
3161328960
3166065898
3148627028
1020406289
995401384
987670832
987670832
1010025534
1025227280
1001801440
1013344582
3146967504
1005120488
3132522240
3150286552
3155520627
1025227280
3153605600
3156350389
3146967504
3132522240
1012514818
3141568912
3141568912
1010025534
3141568912
3132522240
3157180151
992082336
1017502121
998482392
3146967504
3132522240
998482392
1024397518
958441728
987670832
3163161731
3132522240
1005120488
3157180151
3150286552
1020406289
987670832
3144887960
3162158722
3132522240
1012514818
3157180151
3146967504
1020406289
3146967504
3138249864
3160499199
987670832
1017087241
3157180151
3132522240
1020406289
3148627028
3132522240
3153605600
998482392
1020406289
3138249864
980598368
3132522240
3122817504
1005120488
3153605600
3132522240
1018331883
1003460964
3132522240
3146967504
1007536246
1025227280
995401384
992082336
3132522240
1008366010
1020406289
1003460964
1007536246
1000141916
1015004106
1026886804
1006706486
1009195770
987670832
1015004106
1026886804
1015004106
1006706486
987670832
1015427717
1028546326
1009195770
1013344582
995401384
1014174342
1025227280
1006706486
1012514818
1024397518
1017087241
1007536246
987670832
1013344582
1028546326
1010855294
1013344582
987670832
1013344582
1020406289
1010025534
1011685058
1023567756
1015427717
1009195770
3157180151
1015842599
1027716564
1003460964
1015004106
1021650931
1013344582
1006706486
987670832
1012514818
1026886804
1008366010
1011685058
987670832
1013344582
1025227280
1005120488
1003460964
987670832
1010025534
1020406289
1001801440
1006706486
3132522240
1008366010
1020406289
998482392
1003460964
1006706486
1009195770
1005120488
987670832
1006706486
1023982636
1010025534
1013344582
3132522240
1007536246
1025227280
1006706486
1010855294
3144887960
1006706486
1025227280
1000141916
1013344582
987670832
1003460964
1025227280
1010025534
1012514818
987670832
1011685058
1020406289
1006706486
1017502121
987670832
1015004106
1026886804
1011685058
1010025534
1013344582
1008366010
1025227280
1006706486
1015004106
987670832
1011685058
1026886804
1013344582
1015427717
1006706486
1013344582
1022895575
1015842599
1028546326
1014174342
1018331883
987670832
1018331883
1025227280
1015842599
1018746765
1013344582
1017502121
1023775196
1019576527
1020406289
1016672361
1015842599
1017502121
1016672361
1026886804
1015842599
1013344582
1013344582
1018331883
1028546326
1019991407
1016672361
1013344582
1016672361
1028546326
1018746765
1023775196
1013344582
1020821169
1028546326
1020821169
1022480693
1016672361
1022480693
1031832403
1024190078
1025434720
1017502121
1024190078
1029790970
1024190078
1022065813
1021236051
1022480693
1025849600
1023775196
1028546326
1023310455
1025434720
1021236051
1025434720
1033491927
1025849600
1025434720
1022480693
1026264482
1033491927
1025434720
1025019840
1022480693
1025434720
1032662165
1025849600
1026471922
1026264482
1027716564
1026471922
1023775196
1027094244
1031832403
1027094244
1027301684
1025434720
1025434720
1029376088
1027509124
1031832403
1026886804
1027716564
1026471922
1028961208
1031832403
1027094244
1029168648
1030828820
1030413940
1033077046
1029583530
1031451142
1029168648
1031243702
1035151451
1030621380
1031658582
1028753768
1031658582
1036396094
1031936123
1030828820
1029583530
1031832403
1034736570
1032143564
1032143564
1030413940
1032765885
1033388207
1032765885
1032039844
1031936123
1033077046
1036810975
1033284487
1034217969
1032143564
1034321689
1038055617
1034010528
1034425409
1033595647
1034632850
1036810975
1034632850
1034944010
1039196539
1035462611
1035047731
1034010528
1035773772
1039300261
1035358891
1036188653
1034425409
1035877492
1038470499
1036084933
1036603534
1040781029
1037225855
1037018415
1036914695
1037744457
1040130023
1037951897
1038677939
1040130023
1038781659
1039611421
1037951897
1039300261
1042647993
1039922581
1040026301
1039403981
1040729169
1043062874
1040832889
1041040329
1040314288
1041455210
1043477755
1041558931
1042077532
1041455210
1042181252
1044307517
1042751713
1043011014
1043114734
1043840776
1045967041
1044048216
1044463097
1045396579
1044877978
1045552160
1044774258
1045811460
1048456489
1046278363
1046226503
1046018901
1047419285
1048931125
1047626727
1048093467
1047367425
1048645894
1049968327
1048982985
1049008915
1048957055
1049631236
1050798089
1050435068
1050097977
1050201697
1050694369
1051835291
1051757501
1051342620
1052068662
1051964941
1053831987
1052665053
1052976295
1052846644
1053728266
1053417106
1053728266
1054324658
1053313386
1054298728
1053987567
1054972909
1057667218
1056399062
1053494896
1052691064
1052742924
1054869189
1053883847
1055776741
1054506168
1056528712
1055698951
1055491510
1057304157
1055906391
1054843259
1054091287
1054143147
1054454308
1054324658
1054739539
1054376518
1053365246
1052898505
1054791399
1055569301
1055206280
1055698951
1054972909
1054817329
1055569301
1054558028
1055880461
1054972909
1054246868
1054039427
1054324658
1055154420
1053365246
1054091287
1053520826
1054039427
1055569301
1054402448
1055076630
1054143147
1054895119
1055984182
1055284070
1054220938
1054091287
1054376518
1054765469
1054558028
1054117217
1052665053
1053650476
1053728266
1053624546
1054324658
1053209665
1052872575
1053417106
1053339316
1054946979
1054350588
1054169077
1053935707
1053780127
1054324658
1053468966
1053883847
1053624546
1053443036
1054117217
1053365246
1053520826
1053209665
1053313386
1053002225
1052146452
1053909777
1053105945
1053780127
1053520826
1053935707
1054739539
1053002225
1053105945
1053624546
1054013497
1053909777
1052302032
1052768854
1053002225
1052820714
1054324658
1052794784
1052172382
1051446340
1052068662
1053365246
1053468966
1052976295
1052898505
1052742924
1052483543
1053105945
1054220938
1052639123
1052198312
1051757501
1052509473
1052379822
1052587263
1053494896
1052509473
1052405752
1051861221
1051757501
1052665053
1051601921
1051835291
1052068662
1052094592
1052120522
1053002225
1052665053
1051601921
1051861221
1051861221
1051161110
1051835291
1052224242
1051939011
1050824019
1052198312
1052665053
1051887151
1052353892
1051757501
1052068662
1052665053
1052094592
1052250172
1051653781
1051679711
1051757501
1051861221
1052457613
1051498200
1051653781
1051031459
1051653781
1052665053
1051420410
1051083319
1051135180
1051601921
1051135180
1051316690
1052665053
1051135180
1051161110
1050824019
1051238900
1051446340
1051109250
1051835291
1051005529
1050875879
1050616578
1051083319
1051627851
1050849949
1050953669
1050435068
1050564718
1050512858
1050512858
1051835291
1050149837
1050435068
1050460998
1050694369
1050564718
1050409138
1051005529
1050357278
1050279488
1050201697
1050123907
1050616578
1049527516
1050175767
1050201697
1050305418
1049579376
1049838677
1050175767
1049657166
1050590648
1050097977
1049475656
1049371936
1049786817
1049371936
1049579376
1051005529
1049709026
1049346006
1048853334
1049734956
1049371936
1050046117
1049216355
1049449726
1050097977
1049501586
1049968327
1049164495
1049683096
1049786817
1049268215
1048093467
1048197187
1050175767
1049346006
1049346006
1048853334
1048801474
1047056265
1047678587
1049942397
1049268215
1050175767
1049527516
1048801474
1048508349
1048853334
1049475656
1049709026
1049138565
1047626727
1047678587
1046641384
1048249047
1048594034
1048671824
1049968327
1048456489
1047834167
1046848825
1046900685
1046952545
1048093467
1048619964
1047367425
1048931125
1048957055
1048749614
1045811460
1045811460
1046433944
1046745104
1048456489
1047937887
1048249047
1047056265
1047211845
1045396579
1045811460
1049138565
1048560209
1047419285
1045604020
1046641384
1046018901
1046952545
1048723684
1045448439
1045655880
1044411237
1046070761
1046433944
1046537664
1046796965
1045604020
1044670538
1043529615
1044981698
1047574867
1046330224
1045967041
1045189139
1045240999
1044774258
1045655880
1048723684
1046848825
1043166594
1041766371
1045604020
1045396579
1042751713
1046796965
1043322175
1043685195
1042907294
1043425895
1044774258
1044048216
1046796965
1045292859
1045137279
1043840776
1044307517
1042907294
1043633335
1043996356
1041766371
1044722398
1044411237
1044359377
1041247770
1042284972
1045552160
1041870091
1043477755
1043996356
1043633335
1043944496
1041662651
1045137279
1041610791
1042284972
1041662651
1043166594
1043477755
1042077532
1043011014
1042077532
1042492413
1042388693
1041714511
1042647993
1042077532
1041040329
1042699853
1042492413
1043477755
1042855434
1041299630
1041040329
1041662651
1043477755
1041921951
1039611421
1035670052
1041351490
1042440553
1038470499
1040130023
1040625449
1041040329
1040418008
1040625449
1042233112
1037537017
1037640737
1039403981
1040625449
1040832889
1040418008
1042440553
1039611421
1040988469
1039403981
1041973812
1040625449
1034944010
1038470499
1040366148
1038055617
1033595647
1039300261
1040314288
1034217969
1038470499
1036914695
1035670052
1036084933
1038159337
1039300261
1039818861
1041610791
1033595647
1033388207
1035255171
1032558445
1034944010
1037433295
1036810975
1033388207
1037329575
1036499814
1029168648
1033491927
1035047731
1038470499
1029583530
1028131446
1033595647
1035670052
1037433295
1031243702
1033491927
1028961208
1035670052
1030621380
1034321689
1031243702
1035670052
1035773772
1033595647
1032558445
1027924006
1034632850
1033180766
1032869606
1031832403
1017917003
1032351004
1031936123
1029999058
1031036260
1028338886
1033491927
1034425409
1033595647
1020821169
1018746765
1036603534
1029999058
1025227280
1032039844
1026264482
1024397518
1025227280
1028546326
1030413940
1032765885
1022480693
1026886804
1028546326
1020406289
1018331883
1026264482
1019991407
1027509124
1003460964
1022895575
1003460964
1023310455
1017502121
1019161645
1031832403
1027094244
3132522240
3157180151
1024397518
1023775196
1017087241
1017087241
1008366010
992082336
3146967504
987670832
1020406289
1027094244
1016672361
987670832
1023775196
1033491927
1000141916
995401384
1015842599
3144887960
1020406289
3155520627
987670832
3166480779
3132522240
1025227280
3150286552
3150286552
3166480779
987670832
1019576527
3153605600
3166895659
3151946076
3159669437
958441728
1000141916
3148627028
3164821255
3168140302
3172006349
3171176587
3166895659
3172421230
3162158722
3174495634
3166895659
3166895659
3163161731
3132522240
3170629588
3172421230
3172006349
3167725421
3166895659
3171591468
3172421230
3171176587
3173250992
3168970064
3176362598
3166895659
3174703075
3175740277
3175325396
3172006349
3166895659
3163576612
3167725421
3163161731
3146967504
3178022122
1005120488
3166895659
3173873313
3180415521
3180622962
3177814682
3166895659
3177192360
3179585759
3178644444
3175532836
3166895659
3171176587
3179896920
3180415521
3173250992
3178229562
3179896920
3175532836
3178644444
3181245283
3181037843
3183527128
3180726682
3179482039
3176984920
3180208081
3176984920
3172421230
3177192360
3177192360
3180830402
3176984920
3184668375
3185186976
3179482039
3180726682
3178851884
3181660164
3181556444
3185601857
3184772095
3175532836
3181452724
3182282485
3183423408
3181245283
3183942009
3181660164
3177192360
3181452724
3182282485
3186431619
3181660164
3181452724
3183838289
3178851884
3183215968
3185809298
3188503413
3184356890
3182904807
3183112248
3180726682
3184045730
3184979536
3187881091
3185601857
3184772095
3185186976
3180726682
3183527128
3184045730
3185394417
3186327899
3187053941
3186535339
3187673651
3188607133
3184045730
3187572542
3185186976
3186846500
3184253170
3185186976
3187365101
3184045730
3187881091
3188192252
3188918294
3188192252
3185083256
3187881091
3185705577
3188244112
3188295972
3188710853
3188399692
3185705577
3189333174
3189281314
3189748055
3187984811
3187881091
3188451552
3185705577
3188088532
3188658993
3189540615
3188295972
3184045730
3188607133
3189540615
3190370377
3189644335
3188866433
3189644335
3189177594
3190474097
3190474097
3190785258
3190318516
3187365101
3188814573
3189385034
3190681537
3189436894
3188295972
3188866433
3187365101
3189229454
3189851775
3190370377
3190733397
3187932951
3190266656
3190422237
3191407579
3190629677
3189177594
3191251999
3191511299
3192029900
3191303859
3187932951
3190370377
3190474097
3190785258
3190888978
3188347832
3191615019
3190888978
3192859662
3191926180
3190525957
3191511299
3191459439
3191978040
3191303859
3189592475
3191459439
3191978040
3192237341
3191511299
3191303859
3192237341
3191666879
3192444781
3192444781
3192444781
3192289201
3190007356
3192652222
3191718740
3193689424
3192548501
3191615019
3193015243
3192911522
3193170823
3193378263
3193276591
3192859662
3192911522
3193481984
3192963382
3192652222
3193170823
3192081760
3193118963
3192652222
3192859662
3193015243
3192963382
3193896865
3193067103
3192444781
3192963382
3192963382
3193585704
3193067103
3191926180
3193067103
3193793144
3193845004
3193689424
3191251999
3194052445
3193326403
3194934067
3193689424
3192496641
3194208025
3194363606
3194467326
3194571046
3194363606
3195556388
3194882207
3194156165
3194363606
3194985927
3194934067
3194415466
3194311745
3194415466
3193326403
3195037787
3194259885
3195348948
3194311745
3194156165
3195971269
3195608248
3196326620
3195504528
3194156165
3196023129
3195763829
3196326620
3195608248
3194156165
3195556388
3195971269
3196067319
3195556388
3193326403
3195037787
3194830347
3196119179
3194934067
3193118963
3196222899
3196119179
3196845302
3196586001
3196023129
3196637861
3196456351
3196508211
3196171039
3195452668
3195141507
3194156165
3194830347
3195141507
3196119179
3196023129
3194156165
3196404410
3196663791
3196819372
3196689721
3196923092
3196689721
3195400808
3196715651
3196560071
3196897162
3196508211
3196845302
3196456351
3194156165
3196326620
3196222899
3196663791
3196534141
3196534141
3196482281
3195815689
3196845302
3196974952
3197260183
3196923092
3195815689
3197026812
3196767512
3197156463
3197052742
3197467623
3197078673
3195815689
3197156463
3197104603
3197571344
3197156463
3196145109
3197078673
3197104603
3197467623
3197104603
3197156463
3197130533
3196352550
3197234253
3197234253
3197571344
3197363903
3196352550
3197363903
3196819372
3197545414
3197312043
3197882504
3197545414
3196145109
3197545414
3197519484
3197934364
3197415763
3196767512
3197545414
3197571344
3197778784
3197675064
3197052742
3197467623
3197493553
3197986225
3197597274
3196974952
3197623204
3197675064
3197882504
3197856574
3197649134
3197934364
3197389833
3198012155
3198038085
3198297385
3198141805
3196974952
3198167735
3198089945
3198297385
3198089945
3196767512
3198038085
3198115875
3198401106
3198089945
3197182393
3197778784
3197882504
3198297385
3197830644
3197545414
3197934364
3196767512
3197961319
3198297385
3198401106
3198375175
3198193665
3198452966
3197597274
3198634476
3198738196
3199023427
3198478896
3197519484
3197986225
3197700994
3197778784
3197312043
3197312043
3197700994
3197389833
3198504826
3198660406
3199230867
3198971567
3198012155
3199075287
3199386448
3199801329
3198712266
3197389833
3198245525
3198038085
3198193665
3197467623
3197415763
3197441693
3197389833
3198634476
3198712266
3198971567
3198790056
3198427036
3199179007
3199153077
3199438308
3199464238
3198219595
3198919707
3198012155
3198478896
3198297385
3198193665
3197778784
3197363903
3198038085
3198530756
3198971567
3198867847
3199179007
3199127147
3198012155
3199075287
3199101217
3199438308
3198997497
3198427036
3198815986
3198012155
3198815986
3198608546
3198608546
3198219595
3197182393
3198297385
3198634476
3199023427
3198815986
3199230867
3199282728
3198427036
3198893777
3198841917
3199334588
3199101217
3199645748
3199230867
3198427036
3199179007
3198634476
3199127147
3199334588
3199230867
3198841917
3199593888
3199334588
3197597274
3198971567
3198427036
3199023427
3199204937
3199749469
3199179007
3199230867
3199438308
3198427036
3198815986
3198427036
3199490168
3198790056
3199230867
3199101217
3198971567
3199204937
3198427036
3199645748
3199464238
3199334588
3199801329
3200060629
3199179007
3199386448
3199956909
3198634476
3199282728
3200112489
3200475510
3199282728
3199230867
3200060629
3198634476
3199179007
3199023427
3199853189
3199516098
3199230867
3199801329
3198634476
3199749469
3199775399
3199930979
3199827259
3200475510
3200216210
3199749469
3200579230
3199464238
3199749469
3200034699
3199645748
3199697608
3198867847
3198867847
3198012155
3198764126
3198297385
3199230867
3199438308
3198452966
3200294000
3199956909
3200890391
3200086559
3200060629
3200864461
3199464238
3199801329
3199542028
3199127147
3198634476
3199023427
3198919707
3197182393
3199101217
3198945637
3199905049
3199853189
3200060629
3200294000
3199256797
3200371790
3200397720
3200579230
3200475510
3200371790
3199749469
3198427036
3199438308
3199256797
3198893777
3198660406
3198971567
3198608546
3198427036
3199567958
3199464238
3199645748
3199490168
3200060629
3199490168
3198427036
3199697608
3199853189
3200475510
3199490168
3199049357
3199230867
3199049357
3199593888
3199127147
3199023427
3198323315
3197597274
3199127147
3199464238
3199956909
3199749469
3198427036
3199879119
3199645748
3199749469
3199853189
3199619818
3200060629
3199516098
3200371790
3200242140
3200164350
3200345860
3199671678
3200371790
3200449580
3200268070
3199905049
3199256797
3200475510
3200423650
3200268070
3200268070
3200060629
3199853189
3198841917
3199982839
3199567958
3200371790
3199179007
3198945637
3199516098
3198841917
3199256797
3199982839
3200268070
3200138419
3199256797
3200086559
3200268070
3200708881
3199982839
3200216210
3200319930
3198841917
3199853189
3199386448
3199749469
3199282728
3198815986
3198867847
3198841917
3199438308
3199567958
3200449580
3200268070
3199671678
3200605161
3200086559
3201305272
3200242140
3199542028
3199905049
3199075287
3199256797
3198634476
3199127147
3199204937
3199645748
3199204937
3199230867
3199230867
3198427036
3199464238
3199619818
3199853189
3199386448
3199179007
3199490168
3199464238
3199567958
3199334588
3199645748
3199334588
3198427036
3199386448
3199438308
3199645748
3199153077
3198867847
3199179007
3198841917
3199308658
3199101217
3199230867
3199023427
3198427036
3199023427
3199127147
3199230867
3198919707
3197597274
3198945637
3199204937
3199334588
3199490168
3198867847
3199567958
3199671678
3199749469
3200008769
3199334588
3199956909
3198012155
3199542028
3199153077
3199645748
3198867847
3198427036
3198712266
3198427036
3199049357
3198867847
3198764126
3199334588
3199256797
3199853189
3199905049
3199334588
3199930979
3199671678
3200060629
3199801329
3199153077
3199956909
3199464238
3199334588
3198660406
3198815986
3198427036
3197286113
3198790056
3198893777
3199645748
3199593888
3198634476
3199956909
3200423650
3200786671
3200138419
3199671678
3200579230
3198945637
3199438308
3199542028
3199438308
3199230867
3198012155
3198764126
3198608546
3199023427
3198764126
3198712266
3199204937
3198427036
3199593888
3199801329
3200060629
3199905049
3198919707
3200060629
3199256797
3199853189
3199542028
3199542028
3199490168
3198427036
3198919707
3199127147
3199127147
3198504826
3197597274
3198634476
3198867847
3199230867
3199204937
3199204937
3199438308
3199256797
3199905049
3199567958
3199075287
3199412378
3199049357
3199542028
3198971567
3198815986
3198556686
3197597274
3198401106
3198245525
3198608546
3198530756
3197597274
3199023427
3199490168
3199956909
3199438308
3199179007
3199230867
3198427036
3199256797
3199334588
3200060629
3199386448
3198115875
3198271455
3198193665
3198193665
3197597274
3197934364
3198219595
3197804714
3199490168
3198660406
3199023427
3199023427
3198012155
3199360518
3199438308
3199230867
3198634476
3198712266
3198452966
3197597274
3198141805
3198608546
3198608546
3197986225
3197182393
3198141805
3197804714
3198452966
3198504826
3199127147
3198738196
3197804714
3198738196
3198427036
3198997497
3199023427
3199438308
3199023427
3198764126
3198971567
3197700994
3198608546
3197597274
3198815986
3198608546
3199127147
3198556686
3198219595
3198608546
3197597274
3198893777
3198660406
3199230867
3198815986
3198815986
3198660406
3197389833
3198038085
3197752854
3197934364
3197934364
3197778784
3198245525
3197908434
3198478896
3198012155
3198945637
3199023427
3199749469
3199282728
3198427036
3199282728
3198530756
3198815986
3198919707
3198815986
3198634476
3197597274
3197752854
3197597274
3197649134
3197363903
3197571344
3197363903
3197752854
3198012155
3197182393
3198712266
3198686336
3198919707
3198634476
3199127147
3199542028
3197597274
3197830644
3198582616
3198712266
3198012155
3196767512
3197752854
3197882504
3198193665
3197726924
3197182393
3197986225
3197597274
3198375175
3198478896
3199023427
3198764126
3197934364
3198660406
3197597274
3198349245
3197700994
3198193665
3197363903
3196767512
3197726924
3197337973
3197467623
3196404410
3196923092
3197286113
3196767512
3198245525
3197182393
3197675064
3198245525
3198401106
3198193665
3198193665
3198608546
3197182393
3197467623
3196637861
3197156463
3197286113
3196482281
3196793442
3196352550
3196845302
3196819372
3197986225
3197260183
3196767512
3197778784
3197830644
3197986225
3197389833
3196819372
3197130533
3196611931
3197441693
3197156463
3196482281
3196741582
3196767512
3197156463
3197651182
3197104603
3197312043
3197389833
3197882504
3197337973
3197234253
3197337973
3197363903
3196949022
3196949022
3196274759
3196430421
3196404410
3196741582
3196560071
3197000882
3196897162
3195815689
3197441693
3197078673
3197882504
3197467623
3197571344
3197467623
3196145109
3197467623
3196430421
3197571344
3196404410
3195815689
3196404410
3196404410
3197337973
3196715651
3195245228
3196871232
3196352550
3196715651
3197156463
3197467623
3197260183
3196430421
3197519484
3197700994
3197778784
3197363903
3196171039
3196326620
3195815689
3195971269
3195919409
3196067319
3195141507
3194156165
3196637861
3196145109
3196274759
3196767512
3197052742
3196819372
3195815689
3196845302
3196767512
3197571344
3196845302
3196222899
3196378480
3195711969
3194571046
3192496641
3195556388
3196326620
3195763829
3196482281
3196637861
3196897162
3194156165
3196404410
3197415763
3196482281
3196222899
3196534141
3197363903
3195400808
3196067319
3195504528
3194519186
3194156165
3196222899
3193896865
3192496641
3194778487
3195089647
3195971269
3197208323
3195245228
3196145109
3196352550
3196300690
3196534141
3197519484
3197104603
3192081760
3191666879
3192496641
3196637861
3192807802
3192859662
3195504528
3190837118
3194622906
3196767512
3196326620
3196845302
3193689424
3196482281
3191044558
3196560071
3196949022
3194519186
3195763829
3190007356
3191666879
3195089647
3194104305
3192444781
3192444781
3196378480
3196974952
3195556388
3194519186
3197156463
3197415763
3192081760
3193276591
3197493553
3196482281
3193637564
3196897162
3197130533
3194985927
3196741582
3190992698
3197156463
3196974952
3191666879
3196767512
3196145109
3197130533
3197519484
3197778784
3196456351
3195400808
3197571344
3196767512
3196274759
3190940838
3191407579
3189851775
3191511299
3196741582
3189385034
3191407579
3194156165
3194052445
3193481984
3194000585
3193896865
3192496641
3193689424
3193118963
3193378263
3193481984
3193689424
3192289201
3189592475
3190525957
3190007356
3189125734
3187984811
3187261381
3184772095
3178851884
3183215968
3182697367
3183734569
3182282485
3179896920
3182282485
3182386206
3183423408
3183215968
3184772095
3183527128
3178851884
3183942009
3184149450
3185601857
3184772095
3184772095
3184253170
3180726682
3184564331
3183838289
3183942009
3183215968
3184772095
3183112248
3177192360
3184564331
3182386206
3183112248
3182489926
3183734569
3182489926
3177192360
3182075045
3182075045
3183942009
3181971325
3182282485
3181971325
3175532836
3181867604
3182282485
3182282485
3181452724
3183112248
3182178765
3175532836
3181037843
3180934122
3181245283
3180934122
3182282485
3180726682
3177192360
3181245283
3175532836
3180830402
3181245283
3182178765
3180622962
3180622962
3180622962
3175532836
3180830402
3172213789
3180000640
3180726682
3181867604
3180311801
3182075045
3180104360
3180622962
3180000640
3172213789
3179896920
3177192360
3180622962
3180208081
3181452724
3180208081
3179793200
3180104360
3173873313
3180208081
3178851884
3180622962
3180519241
3181452724
3180208081
3181452724
3180000640
3172213789
3180208081
3180311801
3181660164
3180000640
3180622962
3179793200
3175117956
3179482039
3175532836
3180622962
3179793200
3180622962
3179793200
3180208081
3179793200
3173873313
3180208081
3176362598
3179793200
3179896920
3181452724
3179585759
3178644444
3180104360
3172213789
3179793200
3179689480
3180208081
3177607242
3180622962
3178851884
3166895659
3179585759
3179689480
3180622962
3179378319
3179793200
3178644444
3170214707
3177814682
3180519241
3180519241
3178644444
3180622962
3178229562
3173458432
3179059324
3172213789
3179378319
3179378319
3180415521
3178437004
3177814682
3178437004
3166895659
3179059324
3178644444
3179378319
3176984920
3180415521
3179059324
3176777480
3178229562
3166895659
3176570039
3176362598
3180000640
3177814682
3180208081
3177607242
3174495634
3177399800
3168555183
3178229562
3178022122
3180208081
3177607242
3175325396
3176155158
3173873313
3177814682
3177607242
3179793200
3177192360
3171798908
3176984920
3172213789
3176984920
3177607242
3179793200
3176570039
3170214707
3176570039
3175532836
3178644444
3178437004
3178644444
3176570039
3166895659
3176570039
3176155158
3178644444
3176155158
3175325396
3176155158
3170214707
3176570039
3176984920
3178644444
3176155158
3175325396
3175325396
3166895659
3175532836
3175947718
3176570039
3176155158
3176155158
3175325396
3166895659
3175325396
3175325396
3178437004
3176155158
3176984920
3176570039
3166895659
3176570039
3176362598
3179378319
3176570039
3167725421
3175740277
3172213789
3176777480
3176777480
3178644444
3176570039
3176155158
3176570039
3166895659
3176155158
3175532836
3178229562
3173873313
3176777480
3174910516
3166895659
3175947718
3174080754
3177814682
3175947718
3178229562
3175325396
3166895659
3174703075
3166895659
3175325396
3174495634
3176155158
3174288194
3178229562
3174495634
3166895659
3174703075
3172213789
3175532836
3174495634
3178437004
3174495634
3166895659
3175325396
3173665872
3177192360
3174910516
3175325396
3175325396
3166895659
3174495634
3174495634
3176984920
3174080754
3172006349
3174910516
3166895659
3173665872
3169799826
3173665872
3173458432
3166895659
3174495634
3174495634
3178644444
3173458432
3171591468
3174495634
3170214707
3175325396
3175325396
3178644444
3173665872
3166895659
3173665872
3166895659
3174910516
3173250992
3174910516
3173043551
3166895659
3174495634
3166895659
3172006349
3172628670
3166895659
3173873313
3173873313
3176155158
3173458432
3172006349
3173458432
3173043551
3176155158
3173250992
3169799826
3173043551
3170214707
3174495634
3173043551
3176984920
3172628670
3166895659
3173665872
3172006349
3175325396
3171176587
3166895659
3172006349
3172006349
3175325396
3172628670
3173665872
3172628670
3166895659
3174080754
3170969146
3175325396
3172421230
3169799826
3172836111
3166895659
3172836111
3172836111
3176984920
3173458432
3172006349
3172421230
3166895659
3172836111
3168555183
3172836111
3171591468
3174910516
3172628670
3166895659
3172628670
3170214707
3174495634
3172836111
3175325396
3174080754
3166895659
3173250992
3169384945
3171591468
3172836111
3175117956
3172836111
3166895659
3173458432
3167310540
3172836111
3173250992
3170629588
3171798908
3168555183
3172421230
3173665872
3175325396
3168140302
980598368
3170969146
3172213789
3175325396
3174080754
3175325396
3169799826
3166895659
3171176587
3166895659
3170969146
3168970064
3173665872
3171384027
3172006349
3173458432
3166895659
3172006349
3166895659
3174080754
3171176587
3169799826
3172213789
3166895659
3169799826
3166895659
3174910516
3169384945
3166895659
3170969146
3166895659
3173665872
3169384945
3176984920
3169799826
3166895659
3169384945
3166895659
3171384027
3169384945
3174080754
3168970064
3169799826
3172628670
3166895659
3169799826
3168140302
3173665872
3169799826
3160499199
3166895659
3166895659
3174080754
3169799826
3173665872
3172628670
3172006349
3166895659
3166895659
3172006349
3166895659
3172213789
3167310540
3174495634
3168140302
3157180151
3166895659
3166895659
3172836111
3166895659
3172836111
3167310540
3166895659
3171798908
3171384027
3171591468
3171591468
3175325396
3170969146
3166895659
3166895659
3160499199
3166065898
3168140302
3169799826
3172006349
3166895659
3173665872
3168140302
3169799826
3163161731
1017087241
3168970064
3175325396
3176984920
3175117956
3170629588
3170629588
3166895659
3168140302
3160499199
3166480779
3171176587
3166895659
3173043551
3168555183
3171798908
3167310540
3164821255
3160499199
1012514818
3171591468
3176155158
3175325396
3172006349
3166895659
3171591468
3168140302
3172006349
3166895659
1012514818
3163991493
3162158722
3173665872
3172836111
3166895659
3169799826
3168140302
3173458432
3166895659
3166895659
3166895659
3166895659
3166895659
3166895659
3168140302
3162746850
3166895659
3171176587
3168970064
3172006349
3168140302
3166895659
3167725421
3168555183
3171591468
3167725421
3171176587
3166895659
3166895659
3167310540
3166895659
3171176587
3166895659
3171176587
3166895659
3166895659
3166895659
3169384945
3171176587
3168140302
3166895659
3168140302
3167725421
3171176587
3166895659
3166895659
3166895659
3166895659
3171384027
3168140302
3168140302
3167725421
3166895659
3166895659
3166895659
3172006349
3166895659
3166895659
3166895659
3166895659
3169799826
3167310540
3166895659
3166895659
3166895659
3171176587
3163576612
1012514818
3166895659
3166895659
3172006349
3166895659
1012514818
3166895659
3167725421
3172836111
3171591468
3166895659
3166895659
3166895659
3166480779
3163161731
3168970064
3163161731
1020406289
3170629588
3176777480
3173665872
3170214707
3166895659
3166895659
3166895659
3163161731
3160499199
3166480779
3162158722
1017087241
3157180151
3146967504
3176155158
3173665872
3166895659
3169799826
3168140302
3171591468
3166895659
3153605600
3162746850
3148627028
3163161731
3163161731
3166480779
3159669437
1012514818
3165236136
3157180151
3175325396
3175117956
3166895659
3170214707
3169384945
3172006349
3168140302
3169799826
3168555183
3166895659
3167310540
3166895659
3167310540
3159669437
3166480779
3163161731
1012514818
3166895659
3158009913
3169799826
3166895659
3172006349
3167310540
3166895659
3169384945
3166895659
3170969146
3166895659
3166480779
3162158722
3166895659
3163161731
3166895659
3166480779
3166895659
3157180151
3167310540
3166895659
3166895659
3167725421
3171591468
3166895659
3166895659
3166895659
3146967504
3163991493
3163991493
3166895659
3166895659
3166895659
3168140302
3158839675
3172006349
3166895659
980598368
3163161731
3166895659
3171591468
3167310540
3169799826
3166895659
3166895659
3166895659
3166895659
3169384945
3166895659
3163161731
3159669437
1017087241
3166895659
3170214707
3172006349
3166895659
1012514818
3166895659
3166895659
3171798908
3167310540
3166895659
3166895659
3146967504
3166480779
3150286552
992082336
3166895659
3166895659
3168140302
3167310540
3169799826
3166895659
3166895659
3166895659
3166895659
3172006349
3160499199
1018746765
3160499199
3158009913
3164821255
3163161731
3160499199
3163161731
1017087241
3163161731
3163576612
3166480779
3166895659
3144887960
3166895659
3166895659
3160499199
3166895659
3166480779
3163161731
3163161731
3162158722
998482392
3160499199
980598368
3163161731
3166895659
3169799826
3163161731
1003460964
3161328960
3166895659
3166895659
3162746850
3166480779
3166895659
1012514818
3166895659
3151946076
3160499199
3162158722
3166480779
3160499199
1012514818
3166895659
3166895659
3167310540
3160499199
3163161731
3166895659
3166895659
3167310540
3159669437
3166480779
3158839675
1015427717
3163576612
3166895659
3168140302
3166895659
3169799826
3166895659
1012514818
3160499199
3148627028
3166895659
3166895659
3166480779
3166895659
3166480779
3162746850
1017087241
3166895659
3166895659
3169799826
3167310540
3171591468
3166895659
1017087241
3157180151
3158009913
3168140302
3166895659
3164821255
3163161731
3166895659
3166895659
3166895659
3168140302
998482392
3163161731
3162158722
3141568912
3166895659
1012514818
3166895659
3166895659
3172006349
3162158722
3141568912
3160499199
1012514818
3164406374
3166895659
3166480779
3163576612
3160499199
3148627028
1025227280
987670832
3166895659
3163161731
3166895659
3166480779
3163991493
3164821255
3166895659
1012514818
3157180151
3166895659
3166480779
3157180151
3157180151
3153605600
1018746765
3162746850
3166895659
3167310540
3168140302
3168970064
3158839675
1020406289
3146967504
3155520627
3166480779
3166895659
995401384
3162158722
980598368
3162158722
3166895659
3166480779
3150286552
998482392
3156350389
3138249864
3164821255
3166895659
3164821255
3158839675
1020406289
3155520627
3157180151
3166480779
3158839675
1015427717
3157180151
3138249864
3166895659
3166895659
3168140302
3160499199
1025227280
3138249864
3158009913
3163161731
3166895659
3163161731
3162158722
1017087241
3162746850
3160499199
3166480779
3160499199
1020406289
3158009913
3160499199
3158839675
3161328960
3166895659
3161328960
1009195770
3144887960
1005120488
3146967504
3153605600
1012514818
3155520627
3166895659
3171176587
3155520627
1017087241
3150286552
3155520627
3166480779
3163161731
3146967504
3156350389
1020406289
3132522240
3156350389
3165651017
3166895659
980598368
3158009913
3166895659
3165236136
3151946076
3162158722
3156350389
1020406289
3162158722
3166895659
3163161731
3163991493
3171176587
3156350389
1020406289
995401384
1009195770
3141568912
3153605600
3146967504
3163991493
3166895659
3163161731
3160499199
3166480779
3155520627
1020406289
958441728
992082336
3146967504
995401384
1015427717
3155520627
3166895659
3170629588
1010025534
3166895659
3156350389
1012514818
3157180151
980598368
987670832
1001801440
1020406289
987670832
3153605600
3167310540
3164406374
1012514818
3166895659
3156350389
3163161731
3154690865
1026886804
1006706486
3146967504
3153605600
3158839675
1009195770
3160499199
3166895659
3166065898
3150286552
987670832
3146967504
1025227280
3158009913
3163161731
3171176587
3150286552
1001801440
3138249864
1017087241
1000141916
987670832
3153605600
3151946076
1017087241
3161328960
3166895659
3166480779
3157180151
1020406289
1003460964
1008366010
987670832
995401384
3141568912
3154690865
1017087241
3141568912
3132522240
3141568912
3146967504
1020406289
958441728
3138249864
3166480779
3163161731
998482392
3150286552
1020406289
995401384
1007536246
1000141916
1012514818
1024397518
3148627028
3154690865
3144887960
3150286552
3157180151
3146967504
1020406289
3160499199
3166895659
3164821255
992082336
1010855294
980598368
1012514818
992082336
1007536246
958441728
1005120488
1025227280
987670832
3146967504
3166480779
3166895659
1017087241
3166895659
3146967504
3160499199
3150286552
1025227280
980598368
1001801440
3146967504
1003460964
1018746765
1003460964
1009195770
3144887960
1006706486
1018746765
1001801440
992082336
3157180151
1000141916
1020406289
995401384
987670832
3157180151
1000141916
1023567756
3122817504
958441728
3157180151
980598368
1009195770
3150286552
980598368
3156350389
3132522240
3157180151
3146967504
1020406289
3156350389
3150286552
3153605600
3146967504
1009195770
3157180151
3138249864
3146967504
3146967504
3150286552
3163161731
3153605600
1018746765
3153605600
3150286552
3163161731
3150286552
1020406289
3150286552
3141568912
3164821255
3148627028
1020406289
3155520627
3144887960
3163161731
3122817504
1020406289
3146967504
987670832
3163161731
958441728
1020406289
3138249864
1003460964
3153605600
1000141916
1025227280
3132522240
995401384
3153605600
1000141916
1019161645
1000141916
1009195770
987670832
1007536246
987670832
1009195770
1028546326
1006706486
1000141916
3132522240
1013344582
1020406289
1006706486
1012514818
998482392
1010855294
987670832
1007536246
1026886804
1006706486
1000141916
987670832
1010025534
1026886804
1008366010
1006706486
995401384
1015004106
1020406289
1008366010
1012514818
3132522240
1011685058
1008366010
1005120488
1020406289
987670832
1001801440
1013344582
1015004106
1020406289
995401384
1009195770
987670832
1006706486
1020406289
998482392
1011685058
3132522240
1000141916
1025227280
995401384
998482392
3153605600
1000141916
1020406289
1003460964
1020406289
987670832
1000141916
3153605600
1005120488
1025227280
1009195770
1007536246
3138249864
1003460964
1000141916
1003460964
1020406289
1001801440
1011685058
3146967504
995401384
1025227280
1000141916
1000141916
3153605600
1003460964
1025227280
1003460964
1017087241
1006706486
1000141916
987670832
1010855294
1026886804
1010025534
1013344582
1001801440
1009195770
1026471922
1012514818
1014174342
1007536246
1015004106
1006706486
1015427717
1025227280
1015842599
1013344582
1000141916
1006706486
1018331883
1015427717
1028546326
1015842599
1016257479
1010025534
1015427717
1007536246
1016257479
1028546326
1017502121
1017087241
1014174342
1017502121
1010025534
1018331883
1028546326
1019576527
1019991407
1015427717
1019991407
1019161645
1020821169
1031832403
1019161645
1020821169
1017502121
1019991407
1017502121
1022065813
1031832403
1022065813
1022480693
1017502121
1020821169
1025849600
1022480693
1026886804
1017502121
1022895575
1021650931
1020406289
1032662165
1021236051
1023310455
1017502121
1024190078
1026679362
1024604958
1032662165
1023775196
1024190078
1021650931
1025019840
1028338886
1025849600
1032662165
1024604958
1026679362
1021650931
1025642160
1031832403
1026264482
1025434720
1022480693
1025849600
1029168648
1025019840
1028546326
1024190078
1026264482
1022480693
1025849600
1032662165
1025849600
1026679362
1023775196
1026679362
1033491927
1026679362
1026057042
1025434720
1025849600
1025849600
1028338886
1033077046
1027716564
1028131446
1025434720
1028753768
1033491927
1029583530
1031832403
1028753768
1029790970
1027094244
1030413940
1035981213
1029790970
1030621380
1027509124
1030828820
1028753768
1031243702
1035981213
1032247284
1031451142
1030413940
1031936123
1031243702
1031936123
1036810975
1032143564
1032765885
1030413940
1032454725
1035358891
1033388207
1035981213
1032765885
1033906808
1033595647
1034114248
1035151451
1033388207
1034632850
1032765885
1034217969
1039300261
1034425409
1034944010
1033595647
1034840290
1039300261
1035255171
1035670052
1034425409
1035773772
1037951897
1036084933
1037640737
1035255171
1036707254
1038885379
1037848177
1038055617
1036914695
1038366779
1038574219
1038366779
1040130023
1038470499
1038677939
1038781659
1039715141
1041818231
1040210568
1040469868
1039403981
1040625449
1041455210
1040936609
1042233112
1041299630
1041507071
1041040329
1042077532
1043477755
1042492413
1043166594
1042699853
1043166594
1044151937
1043944496
1044929838
1044100076
1044670538
1044359377
1045189139
1047626727
1045396579
1046226503
1045604020
1046433944
1048827404
1047159985
1047211845
1046848825
1047886027
1048594034
1048723684
1049242285
1048775544
1049008915
1049060775
1049916467
1051005529
1049968327
1050668439
1050201697
1051057389
1051809361
1051939011
1052250172
1052276102
1053935707
1049371936
1051913081
1049968327
1050694369
1051420410
1050746229
1053702336
1051135180
1055335930
1054480238
1055491510
1054324658
1051342620
1052665053
1050824019
1051342620
1051653781
1051083319
1051005529
1050305418
1050201697
1050616578
1050927739
1050927739
1052172382
1052665053
1052302032
1051705641
1051135180
1052094592
1051653781
1051031459
1051627851
1051031459
1050305418
1050305418
1051601921
1051135180
1050979599
1051420410
1050201697
1050616578
1051342620
1052042732
1052665053
1051420410
1052457613
1051575991
1051783431
1051550061
1052224242
1052665053
1050694369
1051005529
1051238900
1051109250
1050616578
1050979599
1050512858
1050253558
1051627851
1051083319
1051420410
1051057389
1051031459
1051290760
1050875879
1051005529
1050460998
1051238900
1050616578
1049942397
1050590648
1050486928
1050564718
1049683096
1049760886
1050590648
1050097977
1050798089
1050564718
1050979599
1050201697
1050720299
1051316690
1050175767
1050357278
1050694369
1050201697
1049164495
1049216355
1050901809
1049683096
1049112635
1049371936
1049371936
1049371936
1049838677
1050798089
1050305418
1050564718
1049423796
1049838677
1049371936
1050512858
1051420410
1049449726
1048931125
1049086705
1049786817
1048749614
1049527516
1049579376
1049786817
1049916467
1049371936
1049760886
1049060775
1049086705
1048749614
1049268215
1049371936
1049371936
1050590648
1049216355
1048879264
1049216355
1049397866
1049164495
1049320075
1049864607
1049190425
1049346006
1048982985
1049086705
1048645894
1049060775
1049008915
1048879264
1049346006
1048723684
1049008915
1047886027
1048749614
1049709026
1048879264
1049346006
1048879264
1048827404
1048560209
1048957055
1048749614
1048671824
1049968327
1048697754
1048041607
1048300907
1048853334
1048197187
1048508349
1048508349
1048594034
1049346006
1047886027
1049346006
1048645894
1048697754
1047263705
1048145327
1048093467
1047886027
1049346006
1048300907
1047626727
1047056265
1048508349
1047834167
1047678587
1049138565
1048300907
1047834167
1046848825
1047626727
1046848825
1047315565
1048197187
1047419285
1049138565
1047315565
1047056265
1046952545
1047108125
1046018901
1046537664
1047989747
1045707740
1047626727
1045604020
1045655880
1045396579
1046070761
1045189139
1045552160
1046330224
1046796965
1048456489
1044826118
1046382084
1045811460
1045863320
1045292859
1046382084
1045189139
1044359377
1044877978
1045655880
1048249047
1045189139
1044151937
1044359377
1044566817
1044048216
1045552160
1048456489
1046537664
1045500300
1043322175
1043425895
1044359377
1045137279
1046382084
1044826118
1045137279
1043737056
1043477755
1042699853
1043788916
1043944496
1043374035
1045967041
1043737056
1045707740
1044877978
1042699853
1042907294
1043944496
1043477755
1042803573
1044826118
1043737056
1043788916
1045033559
1044151937
1044722398
1042388693
1043011014
1042284972
1043011014
1042699853
1044100076
1046382084
1042181252
1041870091
1043218454
1043425895
1041870091
1043737056
1045967041
1043218454
1042855434
1042181252
1041818231
1040832889
1041662651
1043477755
1042233112
1042284972
1041455210
1042336832
1044670538
1042596133
1042129392
1041662651
1041766371
1041455210
1042492413
1044722398
1041870091
1042025672
1039403981
1040366148
1040262428
1041973812
1044929838
1041351490
1041040329
1040729169
1041662651
1041662651
1043477755
1041714511
1037848177
1041299630
1040026301
1040677309
1040832889
1040936609
1041403350
1040884749
1043477755
1041507071
1040026301
1040314288
1040936609
1039403981
1039507701
1042647993
1041766371
1040210568
1034840290
1040521728
1040418008
1038574219
1043062874
1040573588
1036292373
1035462611
1039507701
1040988469
1040729169
1041610791
1039818861
1040884749
1037537017
1038574219
1041818231
1038885379
1037433295
1038159337
1039403981
1038989099
1038055617
1040988469
1038159337
1033388207
1035670052
1037744457
1040781029
1037744457
1039611421
1036084933
1038159337
1037951897
1036188653
1038470499
1035255171
1034840290
1036084933
1036499814
1038470499
1036084933
1034632850
1036499814
1034736570
1033595647
1033699367
1035566332
1036188653
1036396094
1030413940
1032143564
1031936123
1033180766
1037951897
1034840290
1035151451
1034217969
1031658582
1031936123
1034736570
1035151451
1029583530
1032247284
1033595647
1032662165
1033491927
1032351004
1032454725
1027924006
1030828820
1034425409
1032662165
1031832403
1026886804
1030621380
1025434720
1026471922
1032558445
1032869606
1033491927
1028338886
1028338886
1024604958
1023982636
1025849600
1023310455
1033491927
1023567756
1026057042
1023775196
1024812398
1024812398
1025019840
1033491927
1025019840
1032143564
1025849600
1025019840
1028753768
1015427717
1028546326
1028131446
1010025534
1020821169
1020821169
1018331883
1015427717
1028546326
1026471922
1029583530
1025434720
1011685058
1028546326
1029583530
1015842599
1003460964
1014174342
1028546326
958441728
1012514818
1025434720
1025642160
1017502121
1010855294
1020406289
1015842599
995401384
1013344582
1000141916
1028546326
1005120488
1010025534
3157180151
1000141916
1017087241
3160499199
1020406289
995401384
1016257479
3132522240
1000141916
1026886804
3157180151
3153605600
3164821255
3156350389
1010025534
3148627028
3148627028
3157180151
3132522240
3160499199
3153605600
3166895659
3169799826
1019991407
987670832
1010855294
980598368
3146967504
3162158722
980598368
3166895659
3166895659
3171591468
3168555183
3176984920
3168140302
1020406289
3172836111
3172836111
3153605600
3168140302
1012514818
3166895659
3171591468
3172006349
3168555183
3166895659
3171176587
3172213789
3173665872
3171176587
3172006349
3172006349
3166895659
3167310540
3151946076
3169799826
3168970064
3166480779
3172628670
3166895659
3172006349
3168140302
3171176587
3170629588
3172836111
3169799826
3166895659
3174495634
3151946076
3171176587
3172421230
3174495634
3180726682
3166895659
3170629588
3171591468
3175325396
3173043551
3173043551
3170629588
3166895659
3171591468
3168140302
3183942009
3182697367
3166895659
3171591468
3179793200
3179793200
3178437004
3166895659
3179585759
3174703075
3179585759
3176984920
3180519241
3178644444
3173873313
3175325396
3174080754
3178644444
3179059324
3175532836
3174495634
3174703075
3181037843
3181037843
3179378319
3180726682
3174495634
3180519241
3172213789
3182697367
3182075045
3183112248
3181763884
3176155158
3181660164
3180726682
3181037843
3180622962
3182282485
3181867604
3175532836
3179378319
3181660164
3184772095
3182801087
3177192360
3182489926
3182386206
3184979536
3184149450
3186846500
3182178765
3177192360
3182282485
3183942009
3185186976
3182801087
3182282485
3181452724
3166895659
3183734569
3185083256
3184979536
3184356890
3184356890
3186742780
3181556444
3184460611
3183630849
3184149450
3183527128
3184772095
3183319688
3183319688
3185394417
3184875816
3185809298
3186327899
3186846500
3184979536
3182386206
3185601857
3186431619
3186950220
3187261381
3187881091
3187468821
3184045730
3186846500
3185601857
3187261381
3185913018
3183215968
3187572542
3187157661
3187881091
3186639060
3186846500
3186950220
3184045730
3187725511
3187673651
3188710853
3188399692
3187365101
3188918294
3187984811
3188244112
3187261381
3184045730
3187932951
3188088532
3188503413
3187468821
3185394417
3188555273
3188347832
3189333174
3188399692
3189022014
3188710853
3187365101
3189281314
3188866433
3190162936
3189022014
3187365101
3188762713
3188658993
3189436894
3188088532
3186639060
3188814573
3188451552
3189540615
3189177594
3187365101
3189125734
3189073874
3189540615
3189022014
3187468821
3189229454
3189644335
3190370377
3189644335
3189281314
3189748055
3188555273
3189436894
3189799915
3189799915
3189748055
3188762713
3190059216
3190007356
3190577817
3189903636
3187365101
3190059216
3190577817
3190785258
3190007356
3189333174
3190266656
3190007356
3190785258
3190266656
3191096418
3190733397
3188347832
3190525957
3190474097
3191200138
3190474097
3189436894
3190525957
3190422237
3191355719
3191096418
3190474097
3190888978
3189592475
3191096418
3190629677
3190525957
3190785258
3190007356
3191303859
3191303859
3191200138
3191303859
3189592475
3191615019
3191200138
3191200138
3190992698
3190837118
3191770600
3191666879
3190785258
3191770600
3191615019
3192652222
3191874320
3190007356
3192289201
3192133621
3192859662
3191718740
3190007356
3191770600
3191978040
3194726626
3192133621
3190888978
3192444781
3192496641
3192859662
3192548501
3193067103
3192755942
3190837118
3193277615
3193067103
3194104305
3193481984
3190837118
3192963382
3192859662
3193481984
3192704082
3190837118
3192859662
3192704082
3193015243
3192289201
3190837118
3193378263
3193277615
3194104305
3193585704
3191666879
3193741284
3194104305
3195141507
3194156165
3192081760
3194156165
3194156165
3194726626
3193689424
3190837118
3192548501
3192911522
3193689424
3193118963
3192496641
3193118963
3193326403
3194622906
3194311745
3195348948
3194622906
3192496641
3194726626
3194726626
3195245228
3194363606
3194519186
3193896865
3191666879
3193689424
3193585704
3194104305
3193689424
3193689424
3194156165
3194156165
3194882207
3194519186
3195141507
3194726626
3192496641
3194830347
3194985927
3195763829
3194674766
3194519186
3194882207
3194156165
3195348948
3194934067
3195348948
3194778487
3192496641
3194934067
3194726626
3195763829
3194934067
3192496641
3194985927
3195037787
3195763829
3195141507
3193326403
3195037787
3195245228
3195711969
3195193367
3195504528
3195037787
3193326403
3195141507
3195141507
3196119179
3195297088
3194156165
3195504528
3195193367
3195971269
3195556388
3194519186
3195556388
3194156165
3195763829
3195971269
3194934067
3195608248
3194985927
3196119179
3195763829
3194778487
3195660109
3195193367
3196067319
3196023129
3195763829
3195556388
3194571046
3196248829
3196196969
3196741582
3196326620
3194363606
3196534141
3196456351
3196741582
3196586001
3194985927
3196586001
3196456351
3196534141
3196430421
3196119179
3196326620
3194985927
3196482281
3196222899
3196741582
3196352550
3195867549
3196430421
3194985927
3196637861
3196586001
3197026812
3196689721
3196534141
3196689721
3195815689
3196897162
3196637861
3196741582
3196326620
3194571046
3195867549
3195193367
3196119179
3195815689
3196093249
3196430421
3194985927
3196949022
3197156463
3197571344
3197363903
3196897162
3197597274
3196767512
3196845302
3196482281
3196119179
3196171039
3194571046
3195763829
3195660109
3196326620
3196326620
3195400808
3196923092
3197026812
3197804714
3197260183
3197260183
3197493553
3197182393
3197441693
3196897162
3197156463
3196534141
3196534141
3196093249
3194156165
3196023129
3196171039
3196845302
3196767512
3196274759
3196871232
3196145109
3197337973
3197312043
3197778784
3197389833
3196352550
3197312043
3197078673
3197052742
3196508211
3196741582
3196145109
3194571046
3196119179
3196430421
3197104603
3197026812
3197052742
3197052742
3196145109
3197260183
3197052742
3197726924
3197519484
3197441693
3197363903
3196352550
3197208323
3197156463
3197726924
3197260183
3196845302
3197078673
3196352550
3196845302
3196767512
3197467623
3197363903
3197312043
3197441693
3197778784
3196974952
3196352550
3197337973
3197078673
3196923092
3196974952
3197363903
3196845302
3196482281
3196949022
3195815689
3197312043
3196949022
3197675064
3197260183
3197104603
3197571344
3196767512
3197856574
3197182393
3198089945
3197260183
3197571344
3197208323
3196352550
3197286113
3197882504
3197363903
3197104603
3197934364
3197156463
3196145109
3198297385
3198323315
3197882504
3198375175
3198712266
3197778784
3196767512
3198401106
3197286113
3197156463
3197519484
3197467623
3197208323
3196171039
3197104603
3196767512
3197078673
3198193665
3197778784
3198193665
3196819372
3197908434
3197778784
3198401106
3197908434
3197778784
3197312043
3197182393
3197467623
3197415763
3197571344
3196430421
3194985927
3197415763
3197597274
3197675064
3197960295
3198608546
3198427036
3197597274
3198115875
3197700994
3198038085
3197986225
3197726924
3197389833
3195089647
3196248829
3196845302
3197208323
3196949022
3197778784
3197519484
3196767512
3197597274
3196767512
3198401106
3198219595
3198660406
3197882504
3198297385
3197623204
3196767512
3197675064
3197078673
3197467623
3196482281
3196897162
3196819372
3195815689
3197675064
3197752854
3197778784
3197986225
3196974952
3198115875
3197856574
3198608546
3198245525
3198375175
3197986225
3196767512
3197545414
3197156463
3197882504
3197104603
3196508211
3197182393
3197130533
3197752854
3197519484
3197856574
3197441693
3197597274
3198064015
3198323315
3198401106
3197752854
3196974952
3198271455
3198297385
3198790056
3197934364
3197961319
3197882504
3196767512
3198115875
3197960295
3198401106
3197986225
3197986225
3198349245
3196767512
3197986225
3198375175
3198401106
3198038085
3197986225
3198660406
3198012155
3198401106
3198297385
3198141805
3197908434
3196767512
3197651182
3197182393
3197675064
3197260183
3197778784
3197156463
3196352550
3197651182
3197597274
3198349245
3197986225
3198608546
3198349245
3197700994
3198297385
3197597274
3198141805
3197623204
3197986225
3197545414
3196767512
3197363903
3196767512
3197052742
3197052742
3197467623
3197130533
3196845302
3197778784
3197286113
3198193665
3198193665
3199023427
3198530756
3197182393
3197830644
3197908434
3198193665
3197830644
3197467623
3197752854
3197182393
3197623204
3197545414
3197856574
3197675064
3196767512
3197778784
3197649134
3198089945
3197571344
3196352550
3197597274
3197467623
3197778784
3197415763
3196767512
3197337973
3197286113
3197651182
3197312043
3196897162
3197286113
3197389833
3197675064
3197363903
3197260183
3197363903
3196767512
3197363903
3197234253
3197363903
3197156463
3195815689
3197052742
3197156463
3197571344
3197260183
3197052742
3197649134
3197700994
3198245525
3197986225
3197882504
3198141805
3198064015
3198349245
3198141805
3197182393
3197700994
3197519484
3197363903
3196871232
3195815689
3196637861
3196637861
3197260183
3197026812
3197078673
3197778784
3197597274
3198193665
3198089945
3197986225
3198012155
3198064015
3198401106
3197986225
3197675064
3197441693
3195815689
3197467623
3196923092
3197260183
3196845302
3195815689
3197104603
3197467623
3197934364
3197778784
3197778784
3197986225
3196767512
3198219595
3198349245
3198193665
3197545414
3197675064
3197623204
3196767512
3197234253
3197000882
3197778784
3197156463
3196767512
3197208323
3197182393
3197571344
3197286113
3197467623
3197312043
3196145109
3197337973
3197234253
3197571344
3197156463
3196352550
3197286113
3196974952
3197675064
3197156463
3197467623
3197519484
3197182393
3197986225
3197675064
3197571344
3197312043
3195815689
3197052742
3196897162
3197571344
3197078673
3196767512
3197571344
3197700994
3198012155
3197986225
3198401106
3197882504
3196974952
3197726924
3197493553
3198582616
3197623204
3198297385
3197571344
3195815689
3196586001
3196456351
3196689721
3196430421
3196352550
3197026812
3196767512
3197830644
3197571344
3197882504
3197571344
3196767512
3197700994
3197389833
3197675064
3197441693
3197571344
3197363903
3195193367
3196352550
3195815689
3196274759
3196378480
3197104603
3197260183
3196456351
3197234253
3196974952
3197415763
3197415763
3197882504
3197363903
3196560071
3197312043
3196767512
3197052742
3196845302
3196845302
3196378480
3196326620
3195400808
3194156165
3196326620
3194985927
3197208323
3197493553
3197675064
3197571344
3197156463
3197778784
3196767512
3197882504
3197778784
3198297385
3197493553
3197000882
3196897162
3195400808
3196222899
3196196969
3196222899
3195763829
3196119179
3196482281
3194985927
3196974952
3197260183
3197986225
3197934364
3196767512
3197778784
3197882504
3197986225
3197519484
3197571344
3197182393
3195815689
3197052742
3196508211
3196430421
3196352550
3196326620
3196119179
3194571046
3196326620
3196611931
3197130533
3197104603
3197363903
3197026812
3195815689
3197312043
3196819372
3197104603
3196871232
3195608248
3196534141
3196767512
3196949022
3196378480
3196326620
3196534141
3194985927
3196845302
3196534141
3197312043
3197052742
3195815689
3197260183
3196352550
3197312043
3196430421
3196741582
3196300690
3194156165
3195815689
3195919409
3196093249
3195245228
3195348948
3195193367
3194156165
3196248829
3195660109
3196949022
3196430421
3196222899
3196819372
3194156165
3196430421
3196352550
3197104603
3196923092
3197156463
3195867549
3194156165
3196119179
3194519186
3194726626
3195193367
3192548501
3196023129
3194156165
3196689721
3196067319
3196741582
3196689721
3195815689
3196819372
3195556388
3196741582
3195141507
3194156165
3194934067
3196119179
3196326620
3194519186
3193741284
3195141507
3196352550
3196741582
3196300690
3195141507
3196378480
3196171039
3196637861
3196119179
3195763829
3195348948
3194156165
3194726626
3195763829
3195763829
3195867549
3194156165
3195037787
3196352550
3195556388
3195763829
3195763829
3196404410
3194156165
3196663791
3196482281
3196845302
3195763829
3195245228
3195556388
3194156165
3195608248
3195504528
3196222899
3194934067
3192496641
3194467326
3194519186
3195763829
3195763829
3196326620
3196482281
3194985927
3196715651
3196560071
3196741582
3195089647
3194104305
3195452668
3194156165
3193948725
3193896865
3195763829
3194571046
3194156165
3195971269
3194156165
3195763829
3196222899
3196326620
3195348948
3194519186
3195348948
3193326403
3196119179
3195400808
3196093249
3194104305
3194104305
3194985927
3194311745
3195245228
3192911522
3195141507
3194311745
3194726626
3194519186
3195141507
3195297088
3193326403
3196430421
3196300690
3195245228
3195245228
3192755942
3192289201
3190837118
3193067103
3193170823
3192859662
3194052445
3194726626
3192963382
3191874320
3194000585
3193637564
3194726626
3193689424
3192911522
3195141507
3193793144
3195763829
3194519186
3194934067
3192548501
3189592475
3192600362
3193067103
3196119179
3196430421
3192652222
3196023129
3194985927
3196222899
3193689424
3196741582
3196326620
3194363606
3194208025
3194156165
3192029900
3194208025
3193276591
3195348948
3192704082
3195141507
3192963382
3194104305
3192859662
3192496641
3192600362
3194934067
3194882207
3192548501
3190525957
3194000585
3191978040
3194622906
3189903636
3193067103
3190059216
3189177594
3190474097
3192185481
3191200138
3193170823
3189385034
3192859662
3192392921
3194104305
3193118963
3193430123
3191200138
3194156165
3190629677
3194934067
3196456351
3189955496
3192133621
3196326620
3191251999
3191770600
3194985927
3195763829
3193689424
3195556388
3194104305
3195452668
3196482281
3194985927
3195660109
3196663791
3190474097
3191044558
3186535339
3188814573
3188347832
3197312043
3190370377
3191822460
3193170823
3192444781
3192392921
3191666879
3192911522
3192133621
3192029900
3191615019
3189177594
3191822460
3192029900
3191615019
3190422237
3188192252
3189125734
3185705577
3187261381
3185913018
3185601857
3183215968
3177192360
3182697367
3180934122
3183008527
3181867604
3183112248
3181867604
3180208081
3182178765
3175532836
3183008527
3183112248
3184149450
3183527128
3183942009
3183215968
3178851884
3183319688
3182386206
3183942009
3182489926
3183527128
3182075045
3177192360
3181971325
3181971325
3183630849
3182178765
3183942009
3181971325
3178851884
3180830402
3177192360
3181452724
3182178765
3182904807
3181245283
3181867604
3181245283
3175532836
3181037843
3178851884
3181867604
3181037843
3182282485
3180934122
3179793200
3180726682
3173873313
3180622962
3179896920
3181037843
3180208081
3181452724
3180622962
3181867604
3179793200
3175532836
3180208081
3175532836
3180622962
3180415521
3181452724
3180415521
3176777480
3180208081
3175532836
3180000640
3180415521
3181452724
3180208081
3176570039
3180311801
3175532836
3180726682
3180519241
3181452724
3181037843
3173043551
3179793200
3179896920
3180622962
3179585759
3180311801
3180208081
3175532836
3180208081
3179689480
3181452724
3179585759
3172213789
3179059324
3179793200
3181452724
3179793200
3180208081
3180104360
3170214707
3180208081
3180000640
3181245283
3180208081
3178437004
3179896920
3177192360
3180000640
3179793200
3180622962
3179378319
3168555183
3179059324
3179793200
3180622962
3178644444
3170214707
3179689480
3179793200
3180622962
3179896920
3170214707
3179378319
3180104360
3180622962
3177814682
3178644444
3179378319
3172213789
3180000640
3179585759
3180415521
3179378319
3166895659
3178644444
3179378319
3180622962
3177814682
3173665872
3178644444
3177192360
3178644444
3178229562
3180208081
3178022122
3170214707
3178022122
3177192360
3179793200
3177814682
3179793200
3177814682
3166895659
3176984920
3177814682
3180208081
3176984920
3174910516
3177192360
3175532836
3179266766
3176570039
3177814682
3177607242
3175532836
3178229562
3178022122
3176984920
3176155158
3170214707
3177399800
3176155158
3179585759
3176777480
3166895659
3176984920
3176570039
3178644444
3176984920
3166895659
3177399800
3175325396
3178644444
3175740277
3166895659
3175532836
3175740277
3177814682
3175740277
3166895659
3177814682
3176155158
3178644444
3176570039
3166895659
3175740277
3176155158
3178644444
3175740277
3176777480
3175325396
3166895659
3175740277
3175325396
3178644444
3175325396
3166895659
3175532836
3176570039
3177814682
3176155158
3171384027
3175325396
3175532836
3178644444
3176570039
3174910516
3173665872
3172213789
3177607242
3176570039
3180208081
3176570039
3166895659
3176155158
3175532836
3177814682
3176570039
3174910516
3174495634
3166895659
3176155158
3174703075
3178644444
3175325396
3170969146
3175947718
3166895659
3176570039
3176155158
3178644444
3177607242
3170969146
3175325396
3166895659
3176155158
3176155158
3178644444
3174495634
3166895659
3174703075
3175117956
3178229562
3173873313
3175325396
3174703075
3166895659
3175740277
3176155158
3178644444
3174080754
3166895659
3174495634
3173250992
3177814682
3174080754
3166895659
3174495634
3172213789
3176362598
3173665872
3174288194
3173665872
3174080754
3174910516
3174703075
3172421230
3173873313
3173043551
3176155158
3174080754
3170214707
3174495634
3173043551
3176155158
3174288194
3166895659
3174080754
3173873313
3175740277
3172836111
3172006349
3172006349
3166895659
3175117956
3173250992
3175325396
3174495634
3166895659
3174910516
3174703075
3169799826
3172836111
3174495634
3175325396
3173458432
3166895659
3173250992
3172006349
3175325396
3171591468
3166895659
3175325396
3172836111
3169384945
3173043551
3170214707
3174288194
3173873313
3171176587
3172006349
3174080754
3175325396
3172836111
3166895659
3174080754
3171591468
3175325396
3172628670
3166895659
3172836111
3172421230
3175532836
3171591468
3166895659
3172006349
3171384027
3175325396
3173250992
3169799826
3171798908
3170214707
3173043551
3172006349
3175325396
3172836111
3166895659
3172836111
3171591468
3174910516
3171798908
3166895659
3172836111
3172213789
3175117956
3172836111
3172006349
3172213789
3166895659
3174910516
3174080754
3174910516
3173458432
3166895659
3173250992
3167310540
3172006349
3172836111
3166895659
3173665872
3166895659
3169799826
3172006349
3166895659
3175325396
3172836111
3173665872
3171798908
3166895659
3172836111
3166895659
3172006349
3173250992
3166895659
3174495634
3169799826
3174495634
3172836111
3166895659
3168555183
3166895659
3172836111
3171176587
3166895659
3173458432
3172213789
3171591468
3168970064
3175325396
3173250992
3166895659
3168970064
3166895659
3175325396
3167310540
3166895659
3173043551
3169799826
3173665872
3172836111
3166895659
3171798908
3166895659
3172836111
3173250992
3174288194
3168140302
3166895659
3173043551
3169799826
3172836111
3166895659
3166895659
3171591468
3166895659
3169799826
3167310540
3173665872
3169799826
3166895659
3172836111
3166895659
3172836111
3168140302
3171591468
3172006349
3166895659
3171591468
3166895659
3172006349
3166895659
3172006349
3171384027
3166895659
3166895659
3162158722
3171176587
3171176587
3168555183
3171591468
3168555183
3172836111
3166895659
3166895659
3168140302
3166895659
3172836111
3171798908
3173665872
3172213789
3166895659
3168555183
3161328960
3166480779
3171176587
3166895659
3172006349
3166895659
3172006349
3169799826
3166895659
3171798908
3166895659
3172836111
3166895659
1012514818
3172006349
3174495634
3172006349
3170629588
3166895659
3172628670
3171384027
3172006349
3166895659
998482392
3158839675
3138249864
3172006349
3175947718
3166895659
3174910516
3174080754
3173665872
3166895659
3166895659
3166895659
3159669437
3169799826
3166895659
3166895659
3171798908
3172006349
3166895659
3144887960
3166895659
3169799826
3163161731
3166895659
3173458432
3170214707
3174495634
3169799826
3166895659
3166895659
3166895659
3168970064
3166895659
1012514818
3164821255
3169384945
3172006349
3169799826
3166895659
3170629588
3168140302
3170629588
3167725421
3166895659
3169384945
3169384945
3169799826
3166895659
3166895659
3166895659
3166895659
3171176587
3166895659
1012514818
3166895659
3166895659
3171176587
3166895659
3166895659
3168140302
3166895659
3169799826
3166895659
3166895659
3169384945
3166895659
3166895659
3166895659
3167310540
3172006349
3166895659
3166895659
3166895659
3166895659
3171176587
3166895659
3166895659
3168140302
3166895659
3153605600
3166895659
3166895659
3169799826
3163991493
1012514818
3164406374
3168140302
3166895659
3166895659
3166895659
3169799826
3162746850
1012514818
3166895659
3173250992
3174910516
3169799826
3166895659
3166895659
3163576612
3166480779
3160499199
1009195770
3166895659
3144887960
3175325396
3175325396
3166895659
3169384945
3166895659
3160499199
3162158722
3166895659
