1041245004
1040017923
1040621906
1039083277
1039914073
1040258432
1039914073
1042283500
1039498675
1039498675
1037837081
1038875577
1037837081
1038979427
1041452703
1038979427
1039394826
1038252479
1038564028
1037006283
1038564028
1039914073
1038252479
1041452703
1038252479
1038148630
1036590885
1038460179
1038875577
1037837081
1041452703
1038252479
1036798584
1037006283
1038252479
1038667878
1038667878
1041452703
1037629381
1038979427
1036487035
1037110133
1034513891
1035448538
1039187126
1035656238
1040206507
1035967787
1035863937
1034929290
1035448538
1034617741
1035552388
1038356329
1036383185
1039394826
1035967787
1036071636
1034929290
1036590885
1033890793
1035967787
1035344689
1036175486
1038875577
1035863937
1040621906
1035863937
1037110133
1035760087
1035967787
1034513891
1036071636
1034721591
1035448538
1039394826
1036590885
1037733231
1036071636
1037317832
1037421682
1038667878
1037421682
1037629381
1039706375
1038148630
1040621906
1037421682
1038044780
1036175486
1037629381
1039290976
1037940930
1041452703
1038148630
1037629381
1036175486
1039290976
1037006283
1037629381
1040621906
1037733231
1040621906
1037421682
1037837081
1036175486
1037837081
1037629381
1037837081
1040621906
1037837081
1038044780
1036590885
1037837081
1036383185
1037940930
1041037304
1037525532
1037421682
1037006283
1037006283
1037837081
1037006283
1041037304
1037629381
1037837081
1036175486
1037421682
1038667878
1037629381
1041037304
1037525532
1037110133
1036175486
1038044780
1037006283
1036902434
1040621906
1037421682
1037629381
1036175486
1037837081
1036175486
1037421682
1040518056
1037006283
1039394826
1037421682
1037525532
1036175486
1038044780
1036590885
1034825440
1040621906
1037629381
1038979427
1037006283
1037421682
1036175486
1036175486
1040206507
1035863937
1037317832
1035863937
1037421682
1035344689
1036590885
1040621906
1036694734
1037317832
1035552388
1037006283
1036175486
1036487035
1040621906
1037006283
1037733231
1036175486
1037110133
1036590885
1036279336
1039394826
1037110133
1037940930
1034929290
1037733231
1040621906
1036694734
1037733231
1036798584
1037317832
1037837081
1037421682
1041037304
1037006283
1036694734
1035344689
1037213983
1037837081
1037837081
1041037304
1037317832
1039394826
1037006283
1036798584
1035344689
1037421682
1040121773
1036902434
1039394826
1036798584
1037006283
1036175486
1038875577
1038667878
1036902434
1037733231
1036694734
1036590885
1036175486
1037733231
1039290976
1036694734
1039394826
1036279336
1036383185
1035448538
1037006283
1037006283
1037629381
1040414206
1035760087
1036071636
1035448538
1036487035
1034513891
1038252479
1036175486
1035760087
1040621906
1036175486
1038564028
1036175486
1037006283
1034513891
1036383185
1036175486
1036694734
1041245004
1037733231
1037317832
1037213983
1038044780
1035344689
1037421682
1040206507
1037940930
1040621906
1038460179
1037421682
1036590885
1037940930
1039394826
1037525532
1040621906
1037837081
1037421682
1036175486
1037629381
1039290976
1038356329
1040621906
1036487035
1037733231
1036175486
1036487035
1040621906
1037006283
1036175486
1036175486
1038044780
1037940930
1036175486
1039394826
1036071636
1036590885
1036175486
1037525532
1039394826
1036590885
1037733231
1036798584
1037006283
1036175486
1036694734
1041037304
1037006283
1036487035
1035552388
1036902434
1039394826
1036590885
1037110133
1036383185
1037213983
1039394826
1036902434
1036902434
1036175486
1037421682
1039394826
1037525532
1036902434
1036175486
1036487035
1037837081
1036798584
1037733231
1036590885
1037317832
1035344689
1036383185
1040621906
1036279336
1036487035
1034513891
1037006283
1041037304
1037006283
1036175486
1035033140
1036071636
1036798584
1036383185
1039394826
1035552388
1036383185
1034721591
1036590885
1039187126
1037110133
1040621906
1036071636
1037940930
1037006283
1037110133
1036175486
1037525532
1040621906
1036590885
1036071636
1036175486
1036902434
1036590885
1035967787
1040621906
1036590885
1035967787
1034513891
1035760087
1039187126
1037006283
1040621906
1037733231
1037213983
1035344689
1037525532
1040017923
1037213983
1038564028
1036694734
1036590885
1036279336
1036071636
1039394826
1037110133
1035552388
1034721591
1036383185
1040933455
1037006283
1036071636
1035552388
1035863937
1035344689
1036590885
1038252479
1037006283
1040621906
1035760087
1036590885
1035344689
1036175486
1037733231
1037629381
1041037304
1036590885
1036383185
1035448538
1037006283
1038460179
1036902434
1039394826
1036383185
1036279336
1034721591
1036175486
1035760087
1036279336
1040621906
1036487035
1035033140
1035448538
1036694734
1035552388
1033683094
1039394826
1036590885
1036071636
1035552388
1035760087
1036590885
1036590885
1037733231
1036175486
1039394826
1036071636
1036071636
1035760087
1036590885
1034513891
1036487035
1038356329
1034617741
1040621906
1037213983
1037110133
1035448538
1036071636
1034929290
1036071636
1039394826
1036798584
1037733231
1037006283
1036383185
1034513891
1036383185
1040206507
1036590885
1037733231
1036590885
1036071636
1035344689
1035552388
1040621906
1036590885
1037317832
1036175486
1035448538
1033683094
1035448538
1041452703
1036694734
1036590885
1034513891
1036694734
1039394826
1035863937
1038564028
1034721591
1035760087
1034825440
1037110133
1040829605
1035967787
1035240839
1034098493
1034306192
1036175486
1036902434
1039394826
1036071636
1037733231
1036590885
1037525532
1038252479
1036902434
1040621906
1037525532
1036902434
1036175486
1037629381
1041037304
1036279336
1036383185
1034513891
1035136989
1037733231
1035760087
1036902434
1036383185
1035760087
1038564028
1035656238
1036487035
1035344689
1036383185
1040621906
1035967787
1035136989
1033267371
1035967787
1039394826
1037110133
1037006283
1034098493
1035760087
1038564028
1036798584
1040206507
1036071636
1034721591
1034513891
1036487035
1040206507
1036383185
1035656238
1035344689
1034929290
1035344689
1036590885
1040621906
1035448538
1035448538
1034513891
1037006283
1040206507
1034929290
1034513891
1032851972
1035448538
1038667878
1036175486
1034513891
1032021175
1035656238
1039083277
1036590885
1035967787
1033683094
1034410042
1036175486
1036590885
1039394826
1035448538
1034929290
1033267371
1035656238
1037733231
1036175486
1035656238
1036590885
1034410042
1036071636
1035552388
1036590885
1037629381
1034929290
1035240839
1034825440
1037110133
1036279336
1035760087
1038564028
1035552388
1035760087
1035344689
1036071636
1039394826
1035136989
1036902434
1035136989
1037837081
1038356329
1035344689
1034825440
1034513891
1036175486
1035344689
1035552388
1039394826
1034306192
1036590885
1035344689
1036279336
1039394826
1036590885
1037110133
1036175486
1037006283
1040621906
1037213983
1037317832
1034513891
1035033140
1036175486
1036590885
1040621906
1035344689
1034513891
1032851972
1036383185
1039394826
1036071636
1037940930
1036279336
1035344689
1034929290
1034825440
1039394826
1036279336
1036694734
1035760087
1037317832
1035344689
1035967787
1037525532
1036902434
1040414206
1036175486
1036487035
1034513891
1035967787
1035344689
1035136989
1039394826
1036383185
1037317832
1035760087
1035863937
1034721591
1035033140
1039394826
1035760087
1036590885
1034513891
1035240839
1034617741
1035863937
1040206507
1035552388
1035240839
1032955822
1035136989
1036487035
1036694734
1039394826
1033683094
1034306192
1033890793
1036694734
1038771728
1035760087
1036071636
1034202342
1034721591
1035344689
1036590885
1040206507
1034306192
1035033140
1034617741
1036175486
1033890793
1035344689
1037525532
1035552388
1036902434
1035448538
1035136989
1032851972
1034513891
1040414206
1036798584
1037110133
1034513891
1036590885
1039394826
1034410042
1034513891
1032851972
1034929290
1039394826
1036590885
1036694734
1033059671
1034929290
1037733231
1036071636
1036902434
1035240839
1035448538
1035967787
1035136989
1037733231
1035967787
1035344689
1033890793
1035240839
1040621906
1034929290
1036590885
1035344689
1035760087
1037629381
1035448538
1035240839
1034513891
1036175486
1036175486
1037733231
1041037304
1037006283
1037525532
1036175486
1037110133
1034929290
1037421682
1038771728
1035656238
1036071636
1035136989
1036487035
1034929290
1035967787
1037733231
1035344689
1037733231
1035448538
1036590885
1034929290
1035863937
1040621906
1036071636
1035240839
1034721591
1037006283
1034929290
1035344689
1038564028
1034929290
1035448538
1035344689
1037110133
1038564028
1036071636
1039394826
1035344689
1036383185
1034098493
1035967787
1039394826
1035760087
1037006283
1035344689
1036383185
1036175486
1034721591
1036071636
1035136989
1035760087
1034098493
1035033140
1034721591
1035863937
1040621906
1037213983
1036071636
1034202342
1034202342
1033371220
1037006283
1041452703
1037629381
1036071636
1034202342
1035448538
1034513891
1036694734
1041452703
1036071636
1036071636
1034513891
1034617741
1037006283
1037837081
1040621906
1035863937
1037733231
1035344689
1035967787
1034513891
1036071636
1039290976
1037006283
1039394826
1036071636
1034721591
1034306192
1035760087
1037213983
1036590885
1040621906
1033994643
1036071636
1033890793
1037006283
1036175486
1036590885
1035344689
1035033140
1038771728
1035863937
1037733231
1036175486
1035967787
1033994643
1034098493
1034929290
1035760087
1040206507
1035240839
1035863937
1036798584
1037837081
1037421682
1037421682
1040621906
1036798584
1037525532
1035344689
1035967787
1035760087
1036487035
1040621906
1037733231
1035033140
1034513891
1036383185
1035760087
1035344689
1039394826
1035448538
1036590885
1035344689
1035760087
1038979427
1035863937
1039394826
1035863937
1036279336
1035344689
1036175486
1039187126
1036071636
1037317832
1034825440
1037110133
1035344689
1036798584
1039394826
1036487035
1037733231
1036902434
1036798584
1036590885
1035967787
1038148630
1035448538
1035656238
1034617741
1036071636
1036590885
1037317832
1039394826
1035967787
1035967787
1035344689
1036487035
1040621906
1036487035
1035552388
1034513891
1035967787
1041037304
1037421682
1036798584
1033786944
1035344689
1037525532
1037110133
1038564028
1036279336
1035863937
1035344689
1036590885
1039394826
1036175486
1035967787
1035344689
1035344689
1040206507
1037006283
1037525532
1037006283
1036902434
1034513891
1036175486
1038979427
1035136989
1037525532
1035552388
1035863937
1034929290
1033786944
1040621906
1035863937
1036590885
1033683094
1034098493
1038667878
1035656238
1035656238
1034098493
1035448538
1037110133
1037629381
1036694734
1033994643
1034410042
1035448538
1035552388
1036071636
1035448538
1035344689
1034513891
1035448538
1040518056
1035863937
1035136989
1035344689
1036487035
1039394826
1036694734
1037006283
1036175486
1036590885
1041037304
1036383185
1036175486
1036175486
1037837081
1041452703
1037213983
1036590885
1033683094
1035863937
1038979427
1035552388
1035656238
1034929290
1037421682
1036175486
1034721591
1037733231
1036279336
1036175486
1034929290
1035967787
1040621906
1035656238
1036590885
1035344689
1037006283
1036798584
1035552388
1038979427
1036175486
1036175486
1036383185
1037213983
1039394826
1034513891
1035760087
1034721591
1036383185
1040621906
1036902434
1035967787
1035344689
1035760087
1036383185
1035136989
1039394826
1036175486
1036071636
1035344689
1036071636
1040206507
1037525532
1036071636
1034513891
1036590885
1035344689
1034513891
1040621906
1035344689
1036071636
1034929290
1036590885
1034825440
1035344689
1040121773
1036590885
1038564028
1035760087
1036279336
1033683094
1035033140
1040621906
1036902434
1037421682
1036175486
1035344689
1037110133
1036798584
1037733231
1034929290
1035240839
1035344689
1036175486
1039394826
1035760087
1035552388
1033890793
1036798584
1041037304
1036175486
1036071636
1033059671
1036175486
1040206507
1036487035
1036798584
1035240839
1037213983
1040621906
1035136989
1034721591
1033890793
1035760087
1037940930
1035448538
1035240839
1033683094
1035240839
1037006283
1037213983
1039394826
1036071636
1036383185
1035863937
1036279336
1040206507
1036590885
1037421682
1035033140
1035552388
1038148630
1034929290
1035552388
1034513891
1035344689
1039394826
1036071636
1035863937
1034513891
1036487035
1040621906
1035344689
1035448538
1036590885
1035760087
1035656238
1034929290
1035863937
1039394826
1037006283
1036902434
1034617741
1035967787
1039394826
1035033140
1037213983
1036175486
1035967787
1039394826
1036071636
1036071636
1034617741
1036071636
1040621906
1035863937
1035967787
1034513891
1037006283
1040518056
1036071636
1035448538
1035344689
1036383185
1038771728
1036071636
1036071636
1034617741
1035448538
1035656238
1036279336
1040621906
1035967787
1035760087
1034513891
1036590885
1038148630
1036383185
1036071636
1035344689
1036590885
1036383185
1036279336
1039394826
1034929290
1036590885
1036175486
1035967787
1039394826
1035033140
1035240839
1034929290
1036798584
1040621906
1036590885
1035967787
1034513891
1035344689
1041037304
1035552388
1035863937
1035344689
1036383185
1040621906
1036071636
1036175486
1034513891
1036279336
1039394826
1035552388
1036279336
1035344689
1035344689
1040414206
1036175486
1035760087
1034513891
1034721591
1035863937
1035967787
1038564028
1035552388
1036175486
1034513891
1034721591
1039394826
1035760087
1037006283
1035344689
1036175486
1035760087
1035552388
1038564028
1036590885
1037629381
1036590885
1037317832
1039394826
1037110133
1038252479
1036175486
1038044780
1041452703
1037837081
1037837081
1037006283
1038460179
1037110133
1038564028
1040206507
1037940930
1038460179
1036590885
1037837081
1041089229
1037421682
1037733231
1036487035
1035240839
1036175486
1037213983
1041452703
1038044780
1037317832
1035033140
1037006283
1036175486
1037421682
1040206507
1037006283
1039394826
1037006283
1036590885
1036175486
1036798584
1037317832
1037421682
1041037304
1037837081
1035967787
1036279336
1040673830
1036175486
1038044780
1041037304
1037940930
1038564028
1035760087
1037421682
1036175486
1038044780
1040206507
1037837081
1039394826
1037629381
1038044780
1036175486
1036694734
1040310357
1036798584
1039394826
1037006283
1037837081
1036175486
1037421682
1040621906
1037110133
1037421682
1036175486
1036798584
1036694734
1037110133
1040621906
1037213983
1037110133
1036175486
1036902434
1037213983
1036694734
1041452703
1038252479
1036590885
1035344689
1036487035
1036383185
1037110133
1040621906
1036590885
1037110133
1036175486
1037213983
1040206507
1036590885
1037421682
1036175486
1037006283
1038356329
1037629381
1036071636
1035344689
1035967787
1037940930
1036175486
1037733231
1035552388
1036383185
1035344689
1037006283
1041037304
1037629381
1037421682
1036175486
1037525532
1039914073
1037837081
1039394826
1037213983
1037525532
1037837081
1038148630
1041452703
1037940930
1038044780
1036175486
1038044780
1039498675
1037421682
1039394826
1037006283
1038044780
1036175486
1038875577
1040310357
1038252479
1040621906
1037837081
1037110133
1037837081
1038044780
1041245004
1038564028
1038356329
1037110133
1038667878
1040621906
1038564028
1038979427
1037421682
1039498675
1038667878
1038771728
1040621906
1038044780
1037421682
1038667878
1039498675
1041452703
1038979427
1039394826
1038252479
1039290976
1041452703
1038979427
1039602525
1037837081
1039083277
1042283500
1039394826
1039706375
1039187126
1039602525
1041452703
1039290976
1040362281
1038252479
1039498675
1042283500
1039394826
1039498675
1038667878
1039914073
1042283500
1040466131
1040258432
1038667878
1040414206
1040466131
1040466131
1041452703
1040466131
1040621906
1039706375
1040569981
1042698899
1041193079
1041348853
1040569981
1041089229
1041089229
1041660402
1042698899
1041089229
1040933455
1040777680
1041504628
1043945095
1041348853
1042075801
1040881530
1041712327
1044360494
1041816177
1042698899
1041816177
1042231575
1042127726
1043166222
1044775892
1043166222
1043841245
1043321997
1044775892
1045814389
1044464343
1045606690
1045243216
1045710539
1044827817
1044931667
1047268284
1045035517
1048099244
1047320209
1042387350
1050440578
1049350157
1044775892
1047995394
1049999217
1048597247
1049583819
1052517572
1044256644
1052777196
1043062373
1044775892
1045035517
1039810225
1045866314
1044412419
1044879742
1046281713
1047891545
1045866314
1046437487
1048047319
1049194382
1048778984
1050830015
1051089639
1050388653
1049999217
1048410793
1048882833
1049402082
1048203094
1047528071
1049350157
1049999217
1049168420
1048856871
1047528071
1046489412
1047943469
1049973255
1050830015
1049479969
1050414616
1049505931
1050206917
1048623209
1047164435
1049479969
1048778984
1048410793
1045035517
1045970164
1046593262
1048675134
1049116495
1046956735
1048099244
1047320209
1049350157
1048804946
1048804946
1050830015
1049272270
1049194382
1046904811
1046489412
1046177863
1045918239
1048753021
1045398990
1045762464
1046697111
1046749036
1049376119
1045970164
1045450915
1046904811
1049324194
1048514643
1048151169
1049791518
1049038608
1049298232
1045658615
1046074013
1047164435
1047735770
1048099244
1044204719
1045139366
1045658615
1046229788
1048960721
1045243216
1045606690
1046074013
1048047319
1049220345
1049246307
1050414616
1049090533
1046800961
1046697111
1046489412
1047008660
1046800961
1045918239
1044568193
1048099244
1046281713
1047216360
1046749036
1047735770
1045347066
1045606690
1048099244
1045347066
1046333637
1045243216
1045866314
1044827817
1047579996
1048099244
1047683845
1048099244
1046800961
1047424059
1047320209
1047268284
1047424059
1047008660
1048753021
1047060585
1047735770
1046074013
1046904811
1046697111
1046749036
1048753021
1046749036
1045450915
1045243216
1046697111
1047320209
1047164435
1048960721
1047164435
1047112510
1046541337
1047320209
1047839620
1047216360
1048960721
1047268284
1046697111
1046645186
1047372134
1046489412
1047008660
1047787695
1047631920
1048753021
1046852886
1047268284
1046593262
1047164435
1046489412
1047112510
1047424059
1047320209
1049064570
1047476146
1047320209
1046489412
1046541337
1046697111
1046593262
1048753021
1047216360
1047683845
1046489412
1047216360
1046281713
1047008660
1047008660
1047164435
1048099244
1047735770
1048099244
1046489412
1046281713
1045035517
1045450915
1045243216
1045658615
1045970164
1046697111
1048099244
1046229788
1046333637
1046022088
1047164435
1044879742
1047579996
1045035517
1047839620
1048047319
1047164435
1048960721
1047164435
1048099244
1045658615
1045554765
1046697111
1048778984
1049298232
1048882833
1049454006
1049428044
1048753021
1046697111
1046333637
1047372134
1047995394
1043373922
1044048945
1048462717
1047735770
1048753021
1047476146
1046904811
1046281713
1046125938
1046074013
1047528071
1049583819
1048701096
1047891545
1046125938
1046956735
1047320209
1047528071
1046437487
1044723968
1046437487
1046177863
1047735770
1047735770
1048099244
1049479969
1048255018
1047268284
1046489412
1046697111
1046281713
1046697111
1047943469
1047216360
1049479969
1048986683
1047839620
1045450915
1047528071
1048727059
1047060585
1049168420
1047943469
1047735770
1045243216
1046437487
1047268284
1045970164
1048960721
1046852886
1047787695
1046489412
1046385562
1048099244
1047008660
1045606690
1043166222
1045918239
1049168420
1046956735
1047787695
1046904811
1046593262
1045243216
1045866314
1049895368
1049064570
1049402082
1048778984
1049168420
1047735770
1045606690
1048099244
1048047319
1047268284
1043477771
1044256644
1045243216
1046904811
1049168420
1046541337
1046437487
1047735770
1048675134
1047008660
1049038608
1049895368
1049350157
1049791518
1046697111
1046904811
1045035517
1046281713
1047372134
1046749036
1046437487
1046904811
1047631920
1046177863
1045970164
1048099244
1047683845
1049168420
1047112510
1048986683
1049999217
1049116495
1049791518
1048151169
1048462717
1045502840
1046229788
1047268284
1046125938
1047579996
1046593262
1046541337
1048047319
1046800961
1045606690
1045658615
1048908796
1048701096
1048358869
1050622315
1049454006
1049609781
1048151169
1047112510
1049168420
1046749036
1045866314
1046904811
1047631920
1046177863
1045918239
1048099244
1047112510
1047268284
1046541337
1045866314
1045243216
1049064570
1049999217
1049168420
1046541337
1046593262
1047060585
1045243216
1046022088
1048960721
1045918239
1042595049
1043685471
1046645186
1047268284
1045918239
1047424059
1047164435
1045243216
1044827817
1046281713
1046852886
1045606690
1047683845
1046697111
1046437487
1044412419
1046593262
1047683845
1043477771
1044360494
1045450915
1045450915
1044827817
1046697111
1047631920
1045087441
1047268284
1045554765
1044931667
1044931667
1044620118
1044879742
1045087441
1047683845
1045866314
1047683845
1047112510
1046645186
1045762464
1047112510
1046437487
1047112510
1047891545
1043997020
1044775892
1045658615
1045191291
1048701096
1048882833
1046956735
1046125938
1045087441
1045658615
1045139366
1048099244
1043373922
1043166222
1045035517
1046229788
1047631920
1047112510
1046022088
1043789321
1048358869
1046904811
1048410793
1049791518
1049142457
1045139366
1046904811
1045243216
1048675134
1045191291
1045606690
1043581621
1045450915
1043997020
1044879742
1049168420
1045139366
1044100870
1046489412
1046645186
1049064570
1048203094
1048099244
1048986683
1048882833
1048358869
1046749036
1048960721
1046800961
1045035517
1045087441
1045606690
1047683845
1045243216
1045502840
1046489412
1044256644
1046022088
1049142457
1048960721
1048151169
1048753021
1049583819
1047943469
1047735770
1047112510
1046593262
1049479969
1047735770
1046749036
1045087441
1045710539
1048099244
1045295141
1047424059
1048203094
1047528071
1047476146
1047528071
1047995394
1047008660
1045658615
1045866314
1047424059
1048099244
1044620118
1044775892
1043581621
1046956735
1049479969
1047839620
1048753021
1047631920
1045450915
1045918239
1048804946
1048514643
1048358869
1049505931
1048856871
1048255018
1047735770
1047579996
1047268284
1047735770
1046074013
1046074013
1047476146
1046904811
1048675134
1049479969
1045658615
1046697111
1046074013
1047735770
1048649171
1049142457
1048566567
1048986683
1048649171
1047268284
1047943469
1048753021
1047735770
1046074013
1045762464
1046489412
1048753021
1045243216
1046697111
1046697111
1047268284
1048753021
1048804946
1049428044
1049012645
1049246307
1049246307
1048675134
1048099244
1046800961
1046593262
1045450915
1043373922
1043373922
1044620118
1047268284
1047320209
1046333637
1046074013
1046697111
1048623209
1048908796
1049999217
1048701096
1046956735
1047320209
1046074013
1047060585
1045762464
1047268284
1047060585
1045554765
1044827817
1046074013
1048099244
1046437487
1046437487
1046281713
1048203094
1047008660
1048151169
1049376119
1048727059
1049168420
1046281713
1046904811
1045347066
1045450915
1046852886
1046229788
1047683845
1046125938
1046333637
1045243216
1045139366
1044412419
1047787695
1049168420
1047995394
1049168420
1048566567
1048597247
1047735770
1047164435
1048753021
1046489412
1047060585
1045450915
1046074013
1045035517
1046593262
1047631920
1045970164
1046437487
1044516268
1044412419
1046489412
1048151169
1049168420
1048410793
1047735770
1047320209
1048306943
1046385562
1045554765
1046437487
1046333637
1046333637
1044827817
1045502840
1048099244
1046177863
1045918239
1044412419
1044672043
1046800961
1047268284
1048047319
1048151169
1047476146
1046697111
1046074013
1047683845
1045970164
1045606690
1043789321
1044412419
1046852886
1046281713
1046645186
1045918239
1046074013
1047060585
1045035517
1044983592
1044827817
1045347066
1047579996
1045450915
1045035517
1045450915
1046541337
1047268284
1045243216
1045554765
1044827817
1045866314
1048099244
1046541337
1046645186
1045658615
1046177863
1047631920
1045866314
1046437487
1044827817
1046645186
1048099244
1046541337
1046125938
1045243216
1045398990
1046074013
1045866314
1046437487
1045035517
1045658615
1045450915
1045658615
1047683845
1045502840
1045710539
1045243216
1045866314
1047268284
1046177863
1046437487
1045243216
1045970164
1045658615
1045658615
1046022088
1045450915
1045398990
1045243216
1046645186
1046437487
1045450915
1046385562
1046489412
1046281713
1046437487
1045243216
1045606690
1047112510
1045814389
1046437487
1045658615
1045814389
1045866314
1046437487
1046125938
1046074013
1046385562
1048099244
1046125938
1046281713
1045762464
1046177863
1048960721
1046074013
1046697111
1045450915
1046904811
1048099244
1047112510
1046125938
1046489412
1046489412
1048753021
1045918239
1045658615
1044931667
1045658615
1047683845
1045606690
1045398990
1045035517
1045398990
1046956735
1045450915
1045347066
1045243216
1045814389
1047683845
1046229788
1045658615
1045243216
1045762464
1047683845
1045502840
1045658615
1045295141
1045450915
1046229788
1045554765
1045606690
1044983592
1045450915
1044827817
1045191291
1047268284
1045139366
1045295141
1044827817
1045814389
1048099244
1045710539
1045710539
1044827817
1045710539
1046437487
1045139366
1046437487
1045658615
1045035517
1045450915
1045970164
1047683845
1045554765
1045606690
1045087441
1045035517
1044827817
1044775892
1046074013
1045243216
1045398990
1045139366
1044775892
1044827817
1046281713
1048099244
1046852886
1047112510
1045866314
1046229788
1046489412
1045450915
1046437487
1045347066
1045295141
1044204719
1045191291
1046074013
1045295141
1045814389
1044827817
1045814389
1045658615
1046177863
1048099244
1045970164
1045347066
1045347066
1046593262
1048099244
1046385562
1047683845
1046074013
1046022088
1046593262
1046697111
1048099244
1046074013
1046281713
1045658615
1046800961
1046541337
1046385562
1048753021
1046697111
1044931667
1046074013
1046281713
1048099244
1047008660
1047683845
1045710539
1046593262
1049168420
1046852886
1044464343
1046904811
1047268284
1047060585
1046904811
1047372134
1046489412
1047528071
1048753021
1046541337
1046125938
1046074013
1046593262
1048753021
1046177863
1046593262
1044412419
1045450915
1047268284
1045139366
1044879742
1043789321
1044672043
1046437487
1044464343
1044516268
1044360494
1044412419
1044204719
1044775892
1046437487
1044360494
1044723968
1044204719
1044931667
1045243216
1044723968
1046437487
1044672043
1044464343
1044931667
1045191291
1047008660
1045762464
1046022088
1044723968
1045398990
1044827817
1045035517
1046437487
1044672043
1044620118
1046074013
1046333637
1046852886
1045502840
1045606690
1044048945
1045347066
1044827817
1043581621
1044775892
1044620118
1045035517
1044308569
1044931667
1046437487
1043893170
1043945095
1045658615
1046385562
1047216360
1045866314
1045191291
1044204719
1043789321
1043477771
1044723968
1047268284
1044620118
1042958523
1043166222
1044412419
1043789321
1044308569
1046022088
1044308569
1044568193
1045347066
1047060585
1045658615
1045658615
1047268284
1043997020
1043581621
1043373922
1043373922
1045606690
1044723968
1046022088
1044360494
1043893170
1043581621
1043373922
1044775892
1045762464
1047683845
1046229788
1045814389
1045347066
1045347066
1045191291
1044412419
1043945095
1043062373
1044568193
1043166222
1044100870
1044931667
1044672043
1047268284
1044827817
1043789321
1046074013
1046281713
1044827817
1046229788
1047476146
1044983592
1047683845
1046593262
1045606690
1044931667
1046125938
1045866314
1046125938
1049713631
1047320209
1048099244
1047164435
1046437487
1047320209
1047320209
1047060585
1046437487
1047995394
1047008660
1047683845
1045139366
1044412419
1045658615
1045450915
1044827817
1046229788
1047683845
1046125938
1046437487
1045762464
1046125938
1045243216
1045502840
1046852886
1045970164
1046229788
1044827817
1046489412
1044827817
1045554765
1045502840
1047164435
1046437487
1046177863
1047268284
1045658615
1046281713
1045658615
1043166222
1044308569
1045035517
1046022088
1047372134
1044620118
1045450915
1044360494
1045035517
1043685471
1047268284
1044412419
1042543124
1041920026
1043270072
1048099244
1044256644
1045554765
1043166222
1045502840
1045762464
1044672043
1047891545
1046177863
1045295141
1044204719
1043321997
1044775892
1046229788
1046333637
1042075801
1041971951
1044827817
1043425847
1047683845
1045866314
1043114298
1043373922
1046489412
1046489412
1047579996
1046437487
1046333637
1044775892
1043685471
1043321997
1042802749
1044723968
1045554765
1043997020
1047683845
1044048945
1043477771
1042750824
1043270072
1047683845
1047008660
1047268284
1046125938
1046281713
1045866314
1043581621
1044775892
1043529696
1044412419
1043373922
1042595049
1045970164
1043270072
1044360494
1044048945
1043633546
1042750824
1043114298
1048099244
1045502840
1046956735
1045347066
1046281713
1047268284
1043477771
1045450915
1043166222
1043633546
1044775892
1043010448
1044152794
1042127726
1042698899
1044204719
1042646974
1046437487
1042543124
1044931667
1042750824
1043997020
1045347066
1044775892
1046437487
1045087441
1043685471
1043997020
1044360494
1045502840
1043737396
1045606690
1044256644
1044775892
1043997020
1045139366
1047268284
1045139366
1044412419
1042335425
1042335425
1043166222
1045762464
1048753021
1045191291
1044412419
1043166222
1043218147
1044827817
1044723968
1043114298
1041920026
1041296928
1042439275
1044775892
1043477771
1044100870
1046437487
1043270072
1044048945
1043997020
1043218147
1043997020
1043529696
1045606690
1043114298
1043945095
1044620118
1044308569
1040673830
1042698899
1043841245
1043841245
1043114298
1043373922
1044775892
1043166222
1044516268
1047268284
1044620118
1044568193
1043997020
1044931667
1044516268
1044152794
1044775892
1042646974
1043997020
1042750824
1042906598
1044775892
1043997020
1043062373
1042958523
1044100870
1044568193
1043997020
1044256644
1043789321
1044464343
1044152794
1044100870
1045606690
1043893170
1043997020
1043581621
1044152794
1046437487
1044360494
1044308569
1043581621
1044412419
1044516268
1044152794
1044775892
1043997020
1043945095
1043373922
1043373922
1045606690
1042854673
1043114298
1042335425
1042750824
1044775892
1043062373
1042906598
1043166222
1043581621
1046437487
1044620118
1041816177
1041089229
1044360494
1046437487
1044152794
1044360494
1042543124
1042854673
1045035517
1045502840
1046852886
1045035517
1045347066
1044412419
1043529696
1044775892
1044516268
1043841245
1041193079
1041296928
1044775892
1043841245
1041764252
1043581621
1044100870
1046437487
1043218147
1044620118
1042750824
1044256644
1044723968
1044879742
1044775892
1044672043
1044723968
1040466131
1041452703
1045398990
1043166222
1041764252
1042854673
1044775892
1042750824
1044308569
1046437487
1043945095
1044516268
1043685471
1044516268
1046022088
1044204719
1044360494
1043581621
1044464343
1044308569
1044152794
1045606690
1043789321
1043685471
1043581621
1043841245
1044360494
1043166222
1043997020
1043373922
1043373922
1046437487
1043062373
1044568193
1043166222
1043789321
1045710539
1044412419
1044360494
1043581621
1044620118
1043997020
1044360494
1046437487
1044204719
1041971951
1043270072
1043737396
1042958523
1043425847
1044775892
1042958523
1044204719
1043373922
1044048945
1044775892
1040881530
1040466131
1042439275
1044100870
1044775892
1043114298
1043425847
1044308569
1045139366
1045243216
1045243216
1048099244
1045554765
1043529696
1043373922
1043893170
1043685471
1044412419
1046437487
1043893170
1043997020
1042543124
1043321997
1043270072
1043166222
1046437487
1044723968
1044568193
1044204719
1045762464
1044827817
1044568193
1044775892
1044827817
1046437487
1043373922
1044256644
1043166222
1044775892
1042750824
1044308569
1043633546
1043997020
1044775892
1045139366
1043633546
1042127726
1043841245
1044412419
1043581621
1044775892
1042439275
1043841245
1042543124
1043270072
1042543124
1043477771
1044775892
1042958523
1043218147
1043218147
1044204719
1043997020
1042387350
1044775892
1043893170
1044516268
1043425847
1043010448
1042750824
1043477771
1047268284
1044620118
1041037304
1041712327
1041245004
1040466131
1042179651
1043581621
1043789321
1043945095
1043685471
1043633546
1043581621
1043945095
1046229788
1044100870
1044775892
1043997020
1043841245
1043321997
1044620118
1044775892
1037421682
1043373922
1043166222
1044152794
1044516268
1043633546
1043945095
1042075801
1042023876
1041504628
1042283500
1043529696
1042231575
1042698899
1041504628
1043633546
1042491200
1044412419
1046437487
1041971951
1040985379
1042335425
1043373922
1041971951
1041920026
1043945095
1042646974
1042698899
1042698899
1043321997
1043166222
1044775892
1046437487
1043581621
1044256644
1043166222
1044048945
1041712327
1040933455
1044775892
1043218147
1043166222
1042335425
1043477771
1043841245
1043893170
1044360494
1042750824
1043841245
1044152794
1042698899
1042698899
1041712327
1042335425
1041089229
1042335425
1044775892
1042750824
1043633546
1042802749
1043737396
1046229788
1044152794
1044152794
1043166222
1044360494
1044775892
1043166222
1044152794
1043893170
1044152794
1043945095
1041971951
1043373922
1041296928
1043997020
1042595049
1044412419
1043114298
1044256644
1044620118
1042127726
1044931667
1043945095
1043477771
1043789321
1041712327
1043633546
1041089229
1042750824
1043945095
1042075801
1043166222
1043270072
1041971951
1043737396
1043737396
1041920026
1042854673
1041920026
1044516268
1042958523
1044775892
1042491200
1042854673
1041296928
1042231575
1044360494
1043997020
1044152794
1043166222
1043373922
1044412419
1043789321
1046022088
1044048945
1043841245
1042906598
1043945095
1043581621
1044568193
1047060585
1044931667
1043841245
1041764252
1040569981
1039498675
1044983592
1042283500
1044827817
1047268284
1043166222
1040933455
1042127726
1044620118
1041712327
1044100870
1044775892
1041920026
1043373922
1041504628
1041556553
1041504628
1044620118
1041452703
1039498675
1043270072
1039083277
1043893170
1041089229
1044983592
1046437487
1044412419
1045398990
1044204719
1045243216
1044827817
1044931667
1046437487
1043321997
1044827817
1037213983
1040258432
1039914073
1044256644
1043945095
1044516268
1045243216
1041089229
1041089229
1041245004
1044723968
1042283500
1040414206
1044931667
1042854673
1039706375
1040881530
1040829605
1041452703
1038875577
1042439275
1041504628
1043685471
1047683845
1042543124
1042491200
1043321997
1043685471
1047839620
1040258432
1048099244
1043997020
1045191291
1040673830
1043581621
1044775892
1043425847
1040881530
1041920026
1042387350
1042439275
1042491200
1042283500
1043581621
1043062373
1042958523
1043633546
1044256644
1043945095
1045606690
1042802749
1041816177
1041920026
1040725755
1040933455
1040121773
1042283500
1040121773
1040310357
1040310357
1040569981
1041193079
1042127726
1044152794
1041400778
1041452703
1040017923
1039498675
1041712327
1046125938
1038252479
1043166222
1044775892
1048675134
1045139366
1047528071
1029751172
1039394826
1046593262
1049324194
1049869405
1049817480
1032851972
1041920026
1043945095
1041712327
1041504628
1040518056
1040466131
1043114298
1041400778
1041452703
1040466131
1040933455
1040518056
1040258432
1042283500
1039706375
1039706375
1037837081
1039706375
1040777680
1039706375
1041452703
1039290976
1039914073
1038667878
1038979427
1038252479
1040206507
1041452703
1039394826
1039394826
1038356329
1039394826
1038667878
1039290976
1041452703
1039290976
1039083277
1037837081
1039187126
1039083277
1038667878
1041452703
1037940930
1039290976
1037837081
1038667878
1037213983
1039083277
1040621906
1039083277
1040206507
1037837081
1038356329
1037837081
1038875577
1040621906
1038252479
1041452703
1038148630
1037940930
1036590885
1038044780
1037837081
1037525532
1040621906
1037940930
1041245004
1036590885
1035552388
1034202342
1036071636
1034929290
1036487035
1037837081
1036279336
1039394826
1035760087
1036071636
1033786944
1035967787
1037006283
1035967787
1039394826
1035863937
1035967787
1035760087
1035760087
1038979427
1035967787
1037733231
1035656238
1035552388
1034513891
1036279336
1038771728
1035863937
1038564028
1035760087
1036071636
1034929290
1036071636
1040206507
1036590885
1035240839
1034098493
1036071636
1036175486
1035760087
1040414206
1035760087
1035760087
1035344689
1035448538
1039394826
1038979427
1041452703
1037837081
1037213983
1036383185
1037525532
1039290976
1037837081
1040621906
1037421682
1037837081
1036175486
1038252479
1041452703
1038044780
1037837081
1036175486
1037421682
1041037304
1037733231
1037837081
1036175486
1037629381
1037837081
1037940930
1040621906
1037629381
1037940930
1036175486
1038044780
1041037304
1038252479
1038979427
1036383185
1037525532
1037006283
1038252479
1041245004
1037629381
1037733231
1036383185
1037940930
1040017923
1038564028
1040621906
1037837081
1037006283
1036590885
1037940930
1037006283
1037940930
1041452703
1037733231
1037525532
1036279336
1038044780
1038771728
1038356329
1039394826
1037213983
1038460179
1036590885
1038148630
1041452703
1037525532
1037837081
1036175486
1038044780
1041452703
1037421682
1038460179
1036383185
1038252479
1041037304
1037421682
1038252479
1036175486
1037421682
1041037304
1037525532
1037629381
1036175486
1037213983
1041037304
1037629381
1037421682
1035344689
1036694734
1039394826
1035344689
1035344689
1033890793
1035760087
1040621906
1035552388
1035760087
1034306192
1035240839
1037006283
1036071636
1037733231
1035863937
1036590885
1036175486
1037006283
1041037304
1036071636
1035863937
1036175486
1038148630
1041400778
1037110133
1038667878
1036175486
1037837081
1041037304
1037110133
1036798584
1036175486
1037733231
1039706375
1037629381
1039394826
1037006283
1037629381
1036590885
1037006283
1041452703
1037733231
1036902434
1035552388
1037317832
1039290976
1037525532
1037733231
1036175486
1037213983
1036279336
1037110133
1041037304
1037317832
1036798584
1035136989
1036798584
1036175486
1037006283
1041037304
1036902434
1036487035
1035552388
1036590885
1038148630
1036798584
1037733231
1035552388
1036590885
1036175486
1036798584
1040414206
1035760087
1037006283
1034929290
1036590885
1041037304
1036175486
1036279336
1034513891
1037213983
1040310357
1036590885
1036279336
1036175486
1037213983
1039187126
1036902434
1038979427
1035967787
1037110133
1040414206
1036798584
1037110133
1037213983
1037629381
1038356329
1036694734
1036902434
1035552388
1036590885
1037006283
1037837081
1039394826
1036487035
1036590885
1036175486
1037629381
1040621906
1037110133
1036071636
1034929290
1036071636
1039394826
1035448538
1036175486
1034929290
1036694734
1039394826
1035448538
1036694734
1035760087
1037837081
1038356329
1037421682
1037940930
1039394826
1037110133
1038148630
1036383185
1037110133
1039290976
1037006283
1036487035
1035344689
1036590885
1040206507
1036694734
1037421682
1034513891
1036694734
1038875577
1037421682
1038148630
1036279336
1037629381
1038044780
1037213983
1038564028
1036590885
1037940930
1037317832
1037421682
1041245004
1037629381
1037213983
1036590885
1037837081
1038252479
1036590885
1040206507
1036175486
1037006283
1036175486
1036590885
1040121773
1037421682
1036798584
1036590885
1037837081
1038667878
1036071636
1037733231
1036383185
1036071636
1036175486
1036590885
1039394826
1036071636
1036175486
1034721591
1037006283
1040621906
1036175486
1036694734
1037213983
1037213983
1039394826
1036175486
1036590885
1036902434
1036383185
1039394826
1036279336
1036383185
1038252479
1036487035
1039394826
1035552388
1035448538
1034929290
1036902434
1040621906
1037006283
1037837081
1034617741
1036071636
1040518056
1037006283
1036487035
1035448538
1036071636
1037629381
1037006283
1039394826
1036279336
1035760087
1036175486
1035760087
1039394826
1036383185
1036590885
1034513891
1035656238
1039394826
1034929290
1035863937
1036279336
1036694734
1038564028
1035552388
1035656238
1034098493
1035448538
1036590885
1037006283
1041037304
1035552388
1034825440
1034513891
1036071636
1037629381
1036383185
1036071636
1036175486
1037421682
1036175486
1037837081
1040985379
1037110133
1037733231
1037837081
1037421682
1036175486
1036798584
1041452703
1037525532
1037006283
1036590885
1036798584
1038771728
1037110133
1037733231
1035344689
1036590885
1036175486
1035552388
1036071636
1036175486
1036487035
1036175486
1036902434
1039394826
1035967787
1036798584
1034929290
1035344689
1040621906
1035344689
1035344689
1035136989
1037421682
1040621906
1036279336
1035448538
1034513891
1037006283
1041037304
1036383185
1035967787
1035344689
1036383185
1041037304
1036071636
1036175486
1035033140
1036175486
1039394826
1036487035
1036590885
1034513891
1036279336
1038356329
1036590885
1037733231
1035656238
1035863937
1038460179
1036487035
1036694734
1034098493
1033683094
1038148630
1036383185
1037110133
1035033140
1036279336
1040621906
1036279336
1035033140
1034513891
1035967787
1039394826
1036071636
1035344689
1033267371
1034825440
1038979427
1036175486
1036798584
1036175486
1034929290
1038979427
1033890793
1036798584
1036590885
1036590885
1040206507
1034929290
1034721591
1034617741
1036798584
1041037304
1036279336
1034825440
1032851972
1035656238
1040414206
1037006283
1035863937
1033683094
1034513891
1036694734
1035656238
1036071636
1034617741
1036590885
1035760087
1035344689
1036071636
1036175486
1037629381
1040518056
1037213983
1036279336
1036175486
1037629381
1040621906
1035656238
1034098493
1033059671
1035863937
1041037304
1036175486
1035448538
1033683094
1034202342
1037733231
1035760087
1037110133
1037213983
1036694734
1036071636
1034513891
1035967787
1039394826
1035344689
1037525532
1037006283
1037837081
1036071636
1034721591
1035967787
1040621906
1036071636
1037213983
1035344689
1037421682
1040621906
1036383185
1036071636
1035344689
1035760087
1040621906
1035967787
1035863937
1033683094
1036487035
1038979427
1036694734
1036694734
1037110133
1035967787
1036071636
1034513891
1035136989
1039394826
1036279336
1037006283
1035552388
1036175486
1037733231
1034929290
1035760087
1035344689
1036590885
1040414206
1035136989
1035552388
1034513891
1035967787
1038564028
1035967787
1034617741
1036487035
1036798584
1038564028
1036279336
1035863937
1034513891
1034721591
1036071636
1035344689
1035967787
1035344689
1034721591
1038979427
1036175486
1037837081
1033683094
1035240839
1039394826
1036383185
1036694734
1035033140
1034617741
1035344689
1035967787
1039394826
1035760087
1035967787
1033683094
1034513891
1039394826
1035760087
1036279336
1034617741
1034825440
1039394826
1034098493
1034721591
1033267371
1035967787
1039394826
1036487035
1035863937
1033683094
1034306192
1036071636
1035760087
1036175486
1035344689
1037317832
1040621906
1037525532
1037421682
1036175486
1037213983
1040206507
1035552388
1035240839
1033371220
1036383185
1038979427
1035967787
1035656238
1033890793
1034929290
1036175486
1035344689
1039394826
1036175486
1035656238
1034929290
1035240839
1035656238
1034306192
1037317832
1036590885
1037006283
1037733231
1035552388
1035967787
1038252479
1036902434
1035760087
1033890793
1035552388
1039394826
1034929290
1034721591
1033267371
1035967787
1041037304
1036798584
1035033140
1033267371
1035136989
1040206507
1037006283
1035344689
1034513891
1036071636
1039394826
1035136989
1035656238
1034098493
1037006283
1038979427
1036383185
1036694734
1035344689
1034929290
1036902434
1036590885
1037733231
1035344689
1034513891
1034513891
1035240839
1041037304
1037110133
1035656238
1033683094
1035136989
1037940930
1036798584
1039394826
1035967787
1034929290
1033267371
1035552388
1040621906
1037006283
1035967787
1033059671
1034306192
1039394826
1037006283
1036590885
1034513891
1035136989
1035967787
1036071636
1037733231
1035448538
1034721591
1033683094
1034825440
1039394826
1036902434
1036175486
1033683094
1033890793
1036902434
1035344689
1036798584
1033890793
1034306192
1035240839
1034721591
1035240839
1036487035
1036487035
1036902434
1035448538
1037629381
1037213983
1037525532
1041452703
1035552388
1035344689
1033683094
1034929290
1039394826
1035760087
1036071636
1034513891
1036487035
1036175486
1036071636
1037733231
1034721591
1036279336
1035344689
1037006283
1037733231
1035552388
1035863937
1035344689
1035760087
1040414206
1035760087
1035552388
1035448538
1036694734
1040414206
1037940930
1038564028
1036798584
1037006283
1035344689
1036902434
1040621906
1035863937
1036175486
1033683094
1036902434
1038979427
1036487035
1036071636
1035344689
1035967787
1035344689
1036279336
1040621906
1037006283
1036383185
1035344689
1035656238
1034513891
1036902434
1041037304
1036798584
1035863937
1035344689
1036694734
1034929290
1034929290
1039394826
1036798584
1036694734
1035344689
1037110133
1039394826
1035344689
1035760087
1034721591
1036590885
1040362281
1034306192
1035656238
1035448538
1036279336
1038564028
1035967787
1035240839
1033786944
1035344689
1036279336
1036071636
1039394826
1035448538
1035136989
1035033140
1036383185
1035760087
1033683094
1035760087
1035863937
1035033140
1037733231
1035344689
1036279336
1037006283
1034513891
1038564028
1035552388
1036694734
1036175486
1036071636
1039394826
1034410042
1035448538
1034513891
1035760087
1039394826
1034617741
1035552388
1034929290
1036487035
1040414206
1036071636
1034825440
1034098493
1035967787
1041037304
1037317832
1037421682
1037525532
1037421682
1041037304
1036590885
1037006283
1036590885
1037317832
1038564028
1036175486
1036798584
1036590885
1037006283
1041245004
1035863937
1035448538
1034513891
1037006283
1037733231
1033994643
1035656238
1034513891
1035240839
1039394826
1036694734
1036590885
1036175486
1035760087
1040621906
1035863937
1035136989
1034929290
1036175486
1040621906
1037733231
1035760087
1033890793
1035552388
1036590885
1036071636
1037525532
1035863937
1036383185
1039394826
1036071636
1036071636
1034513891
1036487035
1037837081
1035760087
1035448538
1034513891
1037110133
1040310357
1037317832
1036383185
1033890793
1036487035
1041037304
1035760087
1034513891
1033267371
1035552388
1039394826
1036175486
1037525532
1037837081
1036071636
1036071636
1033683094
1035967787
1040621906
1035967787
1035136989
1035760087
1033994643
1037733231
1034617741
1036694734
1040621906
1037213983
1035136989
1034513891
1036071636
1039394826
1036279336
1035967787
1037006283
1035136989
1038979427
1033683094
1037006283
1037837081
1037006283
1038564028
1035136989
1035344689
1034929290
1036383185
1036902434
1037006283
1035760087
1038667878
1034825440
1035240839
1034721591
1035344689
1039394826
1036590885
1037110133
1037006283
1035760087
1037733231
1035863937
1036590885
1039083277
1037525532
1039394826
1036590885
1036279336
1038044780
1036175486
1039394826
1036071636
1036487035
1037421682
1036071636
1037733231
1034825440
1036798584
1039394826
1036279336
1037733231
1034929290
1037006283
1036590885
1036071636
1039394826
1034825440
1036175486
1035344689
1036590885
1041037304
1036590885
1036798584
1036175486
1036590885
1041452703
1037213983
1036798584
1034513891
1035760087
1039394826
1035344689
1035863937
1034929290
1037940930
1038564028
1035344689
1036590885
1037006283
1036071636
1035863937
1033890793
1035760087
1040414206
1036071636
1035448538
1035033140
1037317832
1040621906
1036694734
1037006283
1036590885
1037733231
1036383185
1034513891
1036071636
1041452703
1036798584
1037213983
1036590885
1037213983
1037733231
1036279336
1035863937
1038252479
1036487035
1035760087
1034513891
1035448538
1038564028
1036487035
1035552388
1033890793
1036487035
1040206507
1035448538
1035967787
1033683094
1035760087
1036071636
1035136989
1035760087
1039394826
1036071636
1036487035
1033786944
1034202342
1037733231
1034513891
1035656238
1038979427
1035344689
1035967787
1034513891
1035552388
1037733231
1034098493
1035863937
1039394826
1034202342
1035552388
1034617741
1035448538
1039394826
1036279336
1035760087
1036175486
1035136989
1035240839
1033371220
1034721591
1039394826
1037837081
1037317832
1035760087
1037110133
1040621906
1036279336
1037006283
1035344689
1037006283
1039394826
1036279336
1036902434
1036175486
1038356329
1041245004
1037006283
1036798584
1036175486
1036694734
1040621906
1037006283
1035863937
1035344689
1037940930
1041037304
1035863937
1036175486
1034513891
1036902434
1040206507
1035344689
1036383185
1040206507
1037110133
1035760087
1034513891
1037629381
1041452703
1037213983
1037006283
1034929290
1036175486
1037733231
1035552388
1036175486
1039394826
1037629381
1035656238
1032021175
1036798584
1040206507
1035552388
1036279336
1038356329
1036071636
1035344689
1034513891
1036175486
1040621906
1036175486
1037733231
1034929290
1037837081
1040206507
1034929290
1036071636
1034617741
1036590885
1040206507
1035760087
1035344689
1034513891
1035863937
1039394826
1034825440
1036279336
1037110133
1036798584
1035863937
1035344689
1035863937
1039394826
1037213983
1037837081
1034513891
1035760087
1040621906
1036175486
1037213983
1035344689
1036694734
1040206507
1036175486
1036175486
1035344689
1035863937
1040621906
1037006283
1037629381
1036175486
1036175486
1037733231
1036279336
1037213983
1035344689
1037421682
1039394826
1035760087
1035967787
1037006283
1036590885
1039394826
1036071636
1037525532
1036175486
1038667878
1041037304
1039083277
1037837081
1036175486
1038252479
1040569981
1038044780
1040621906
1037317832
1037213983
1033683094
1037421682
1040206507
1037525532
1036487035
1036175486
1037006283
1039394826
1038148630
1037733231
1037421682
1037525532
1037837081
1037006283
1039394826
1036798584
1035136989
1037006283
1037629381
1040621906
1038252479
1037421682
1036175486
1037525532
1041037304
1037213983
1038044780
1036175486
1037317832
1040621906
1036902434
1036590885
1036175486
1038252479
1040621906
1037629381
1037006283
1034929290
1036694734
1039394826
1036798584
1036902434
1036798584
1037837081
1037837081
1036487035
1038564028
1036383185
1037940930
1036590885
1037213983
1040621906
1035967787
1035760087
1035344689
1037006283
1041452703
1037213983
1037006283
1034929290
1036590885
1039394826
1036694734
1037213983
1038044780
1038460179
1037733231
1036175486
1036902434
1040414206
1037421682
1037421682
1034513891
1037006283
1038667878
1037317832
1039394826
1036590885
1037421682
1037837081
1037629381
1039394826
1036175486
1036590885
1037837081
1037837081
1039394826
1037837081
1037421682
1036175486
1037006283
1040621906
1037629381
1038252479
1036175486
1038148630
1041452703
1037421682
1037006283
1036175486
1037629381
1040621906
1038356329
1038667878
1036590885
1040466131
1038044780
1037733231
1038460179
1037421682
1037837081
1041037304
1038667878
1038460179
1037006283
1038875577
1041452703
1038771728
1039083277
1037837081
1038356329
1040206507
1038148630
1038252479
1041452703
1039187126
1038875577
1037837081
1038979427
1041037304
1039187126
1039706375
1037837081
1038979427
1040621906
1039083277
1039498675
1042283500
1040121773
1039706375
1039498675
1040121773
1040621906
1040017923
1039914073
1040829605
1039914073
1039602525
1039083277
1040258432
1042283500
1040258432
1040258432
1038667878
1040466131
1042283500
1040466131
1040621906
1039498675
1040569981
1043114298
1040673830
1040777680
1040258432
1040881530
1043114298
1041089229
1041348853
1040673830
1041556553
1043114298
1041296928
1041816177
1042698899
1041712327
1042179651
1041089229
1041920026
1044775892
1042283500
1042075801
1041504628
1042854673
1043945095
1042854673
1042698899
1041920026
1043166222
1044775892
1043062373
1043737396
1042750824
1044723968
1045606690
1045658615
1044516268
1045658615
1045398990
1047891545
1046022088
1045814389
1047631920
1045762464
1048960721
1046800961
1045710539
1045658615
1046697111
1046022088
1046800961
1048099244
1046229788
1048047319
1048358869
1049038608
1054932158
1048099244
1047631920
1041764252
1047372134
1051401188
1051011751
1052907008
1051323300
1054386947
1051063676
1051712737
1053114707
1051479075
1049402082
1048623209
1049609781
1049765555
1050544428
1051660812
1050077104
1050025180
1050232879
1050674240
1051660812
1051842549
1052154098
1051193488
1050726165
1050414616
1049324194
1049843443
1047943469
1048410793
1047320209
1048778984
1049479969
1047631920
1048306943
1047320209
1047631920
1051660812
1050544428
1049973255
1048675134
1050830015
1051660812
1050596353
1048649171
1047528071
1048255018
1048675134
1048727059
1048099244
1046385562
1048701096
1048778984
1049168420
1049583819
1048255018
1049713631
1050492503
1049220345
1050622315
1051245413
1050648278
1050180954
1050077104
1049791518
1048778984
1048753021
1048566567
1049116495
1049999217
1049324194
1049298232
1049194382
1049116495
1048986683
1049428044
1051245413
1049194382
1050674240
1051167526
1051115601
1052024286
1049454006
1048986683
1049090533
1049921330
1049999217
1046800961
1048675134
1048778984
1049298232
1049999217
1048753021
1047943469
1048986683
1049661706
1050103067
1050570390
1050414616
1050440578
1049661706
1048151169
1048623209
1050336729
1048675134
1045866314
1046489412
1048934758
1048986683
1049090533
1049999217
1048778984
1048255018
1046904811
1047943469
1048960721
1048778984
1047891545
1050025180
1047424059
1049505931
1049194382
1047683845
1045866314
1047735770
1047528071
1045918239
1047683845
1048047319
1048882833
1047735770
1048753021
1048960721
1048908796
1048753021
1047528071
1049194382
1049791518
1049064570
1048960721
1048701096
1048830908
1048986683
1048934758
1049791518
1048753021
1048804946
1048151169
1049064570
1049999217
1048882833
1048566567
1048358869
1048986683
1048986683
1048986683
1049999217
1048986683
1048960721
1048566567
1049012645
1049350157
1049142457
1049791518
1048882833
1048856871
1048566567
1048986683
1049583819
1048908796
1048623209
1047943469
1048151169
1048151169
1048099244
1049583819
1047943469
1049064570
1048566567
1049012645
1049402082
1049090533
1049583819
1048960721
1049402082
1048675134
1047839620
1049168420
1048778984
1049064570
1050466541
1050726165
1049609781
1050077104
1050310766
1048675134
1049583819
1049038608
1049090533
1048986683
1049194382
1048778984
1049713631
1050414616
1048753021
1047683845
1049402082
1050752127
1050025180
1051634849
1050648278
1051193488
1051660812
1050648278
1050830015
1049402082
1048882833
1049350157
1049298232
1048151169
1048047319
1050622315
1049402082
1049999217
1048675134
1048566567
1048151169
1049609781
1051660812
1051323300
1052076211
1051089639
1049999217
1049038608
1048753021
1048986683
1049609781
1047891545
1045658615
1048410793
1047787695
1049194382
1049194382
1049557856
1050414616
1048623209
1048358869
1047683845
1048986683
1049609781
1050440578
1050570390
1048701096
1049168420
1048986683
1049298232
1044931667
1044983592
1046904811
1048151169
1049168420
1049090533
1049168420
1048675134
1048099244
1046904811
1048986683
1051453113
1050959827
1050336729
1048623209
1049765555
1048358869
1048410793
1049999217
1047320209
1045243216
1044827817
1048778984
1049298232
1049090533
1048960721
1047995394
1046697111
1048986683
1050310766
1051193488
1051115601
1049999217
1049609781
1049661706
1048151169
1047839620
1049999217
1049194382
1045398990
1044931667
1048753021
1048882833
1048410793
1049583819
1046800961
1049168420
1049402082
1049038608
1050129029
1050206917
1051556962
1050544428
1049168420
1047839620
1047943469
1046697111
1048151169
1048882833
1047164435
1049168420
1049090533
1048986683
1046489412
1048675134
1051245413
1048649171
1050232879
1050258841
1049973255
1050752127
1048675134
1050830015
1047943469
1048358869
1046697111
1048675134
1049168420
1047943469
1049142457
1048675134
1048727059
1048597247
1048255018
1049999217
1050284804
1049194382
1050648278
1050804052
1050830015
1050855977
1048856871
1049505931
1049713631
1049999217
1049583819
1047631920
1046593262
1048727059
1049220345
1047735770
1048649171
1048778984
1049090533
1049038608
1048462717
1049168420
1048047319
1048960721
1050440578
1050804052
1051011751
1050440578
1051453113
1049324194
1048649171
1047839620
1049635743
1048882833
1045710539
1048099244
1048908796
1047943469
1047320209
1048099244
1049090533
1047424059
1048099244
1049817480
1049479969
1049402082
1049869405
1049376119
1048462717
1049479969
1047320209
1044723968
1044204719
1044983592
1048099244
1047943469
1048358869
1047008660
1047943469
1047528071
1045970164
1047631920
1048358869
1048753021
1048358869
1047216360
1046697111
1047216360
1049298232
1046852886
1046437487
1043581621
1046697111
1046541337
1048566567
1046489412
1048623209
1048701096
1046489412
1047631920
1048778984
1050025180
1050284804
1050154992
1049583819
1046697111
1047112510
1046229788
1047528071
1047320209
1045762464
1047268284
1048047319
1047216360
1047320209
1046800961
1048960721
1048778984
1050206917
1049194382
1049635743
1050129029
1049402082
1049168420
1048358869
1047995394
1047735770
1048753021
1048099244
1047787695
1047216360
1046489412
1046697111
1048908796
1047528071
1049142457
1047528071
1048830908
1049609781
1050336729
1050414616
1048804946
1047683845
1048566567
1046697111
1047008660
1046281713
1049168420
1046281713
1046697111
1045450915
1049583819
1049583819
1049999217
1049791518
1050129029
1049869405
1051660812
1050466541
1050336729
1049869405
1049246307
1051037714
1049298232
1048675134
1049428044
1050855977
1049999217
1049324194
1050752127
1050025180
1049661706
1051453113
1051063676
1049505931
1049609781
1050648278
1051089639
1049947292
1049791518
1049609781
1050336729
1050051142
1049116495
1049583819
1049402082
1047683845
1047735770
1048099244
1049999217
1049246307
1048830908
1048358869
1047268284
1048675134
1049246307
1049168420
1048514643
1046852886
1049609781
1049012645
1049194382
1049272270
1049583819
1048778984
1048099244
1048358869
1048623209
1049583819
1048623209
1047579996
1048151169
1048566567
1046489412
1049947292
1049376119
1049505931
1046800961
1048778984
1050103067
1051245413
1049817480
1049324194
1048047319
1048462717
1048099244
1046385562
1046229788
1045295141
1046489412
1044775892
1047943469
1049168420
1048675134
1047528071
1047320209
1047008660
1049376119
1049713631
1049428044
1049609781
1049869405
1050154992
1048649171
1048099244
1046281713
1048856871
1044879742
1044879742
1048099244
1047787695
1048753021
1048047319
1047735770
1046281713
1048099244
1050622315
1049220345
1049791518
1049194382
1049713631
1048151169
1047528071
1049064570
1047995394
1047372134
1046489412
1048514643
1048753021
1048099244
1049376119
1047787695
1047631920
1047320209
1049505931
1049869405
1049973255
1050830015
1049713631
1049194382
1048151169
1049012645
1048255018
1047060585
1049168420
1048358869
1048701096
1048358869
1048462717
1048151169
1048410793
1048358869
1048566567
1050622315
1049012645
1049739593
1049661706
1050310766
1050129029
1049090533
1049999217
1049038608
1049116495
1048151169
1048649171
1049687668
1048934758
1049583819
1048934758
1049142457
1048882833
1048882833
1049168420
1047268284
1049557856
1049194382
1049687668
1049713631
1050051142
1049999217
1049687668
1048047319
1046904811
1047943469
1049583819
1048675134
1047268284
1046800961
1048099244
1048934758
1048462717
1048514643
1046593262
1047268284
1047008660
1048462717
1050414616
1049739593
1049142457
1046697111
1047268284
1047735770
1048727059
1048099244
1046593262
1046385562
1046229788
1047320209
1049583819
1048099244
1048047319
1046593262
1046852886
1048099244
1046593262
1047268284
1045866314
1047112510
1049168420
1046593262
1046074013
1046229788
1045814389
1048753021
1046281713
1046593262
1045658615
1047060585
1048597247
1048462717
1047891545
1047320209
1047787695
1049116495
1047631920
1046904811
1046489412
1047372134
1047631920
1046385562
1047268284
1046904811
1046645186
1046489412
1047060585
1048960721
1046800961
1048597247
1046074013
1047476146
1048649171
1046541337
1046437487
1046904811
1046489412
1046489412
1047164435
1047476146
1046489412
1047424059
1048151169
1047268284
1048753021
1047943469
1047735770
1048255018
1048514643
1048410793
1047528071
1048623209
1048830908
1048566567
1048649171
1048151169
1048830908
1049142457
1048986683
1048623209
1047943469
1048358869
1049999217
1049038608
1048649171
1048566567
1048960721
1049583819
1047943469
1049376119
1048151169
1048099244
1048649171
1047424059
1047579996
1049324194
1048255018
1048099244
1048151169
1049272270
1048675134
1049038608
1048753021
1048623209
1048753021
1048151169
1049324194
1049583819
1047787695
1047995394
1047320209
1048410793
1049583819
1048566567
1048410793
1048151169
1048675134
1049583819
1048410793
1048462717
1047528071
1048462717
1049168420
1048151169
1048306943
1048151169
1049557856
1049999217
1046956735
1047528071
1045866314
1046904811
1047891545
1046593262
1048306943
1047735770
1047631920
1048203094
1048099244
1048099244
1046697111
1046697111
1047528071
1048753021
1049999217
1048882833
1049064570
1047320209
1046074013
1047320209
1046125938
1048099244
1045866314
1046229788
1044879742
1046281713
1045243216
1045450915
1048099244
1045970164
1048203094
1047528071
1048358869
1048566567
1048753021
1049168420
1047008660
1046074013
1046125938
1047579996
1049064570
1046489412
1046852886
1045762464
1047268284
1046489412
1046385562
1049168420
1047372134
1046904811
1046489412
1047735770
1048960721
1047372134
1047320209
1046800961
1048151169
1048151169
1047943469
1049168420
1047943469
1048255018
1047631920
1048151169
1049583819
1047839620
1048908796
1047476146
1048675134
1046697111
1047528071
1049583819
1047528071
1047943469
1047320209
1048255018
1049376119
1048306943
1047216360
1048151169
1049012645
1049272270
1048099244
1048597247
1048566567
1048203094
1049168420
1048727059
1048306943
1047735770
1048778984
1048566567
1047683845
1049168420
1047839620
1047476146
1047735770
1047476146
1049064570
1047216360
1047112510
1046593262
1047008660
1048753021
1046541337
1046541337
1045658615
1046541337
1048099244
1046800961
1046852886
1045970164
1046697111
1047372134
1046800961
1048099244
1046385562
1046281713
1045762464
1047112510
1047112510
1046437487
1048099244
1046800961
1047579996
1046489412
1045658615
1047839620
1046904811
1047112510
1046281713
1045970164
1045918239
1047112510
1049168420
1048649171
1048462717
1046281713
1045866314
1048099244
1046281713
1047008660
1045295141
1044100870
1046022088
1046177863
1046437487
1046177863
1046852886
1045658615
1046800961
1048099244
1047943469
1048804946
1046074013
1046125938
1048960721
1045139366
1045918239
1044827817
1045866314
1047268284
1044568193
1046852886
1045502840
1045970164
1044827817
1044464343
1046697111
1047943469
1047995394
1047579996
1047008660
1046489412
1047112510
1047268284
1044723968
1045243216
1043789321
1044516268
1046125938
1045035517
1046437487
1044827817
1045866314
1043581621
1044412419
1046437487
1045554765
1047891545
1048410793
1047164435
1045658615
1047995394
1049142457
1045191291
1044775892
1044827817
1045450915
1045035517
1045970164
1048099244
1046229788
1046022088
1046541337
1045970164
1047008660
1048306943
1046177863
1046437487
1049168420
1049817480
1048753021
1046645186
1046437487
1046074013
1047683845
1047008660
1047164435
1048960721
1048099244
1048960721
1047164435
1047528071
1047320209
1048462717
1048778984
1047943469
1049168420
1046904811
1046022088
1047839620
1046074013
1045866314
1047943469
1047995394
1045398990
1048099244
1047476146
1045450915
1044412419
1047268284
1047424059
1044723968
1048753021
1046593262
1047216360
1046074013
1046074013
1046333637
1045139366
1047268284
1046593262
1046229788
1048255018
1048804946
1044827817
1045191291
1046385562
1045762464
1047683845
1046074013
1043789321
1043581621
1045347066
1046645186
1046645186
1046437487
1045035517
1046593262
1047320209
1048675134
1049999217
1046800961
1046385562
1044620118
1045450915
1047320209
1045554765
1047268284
1044931667
1042802749
1046177863
1047164435
1046697111
1045762464
1048099244
1045502840
1048830908
1048778984
1048753021
1047528071
1046800961
1048099244
1045191291
1044723968
1044931667
1046281713
1045658615
1044204719
1047268284
1045243216
1046022088
1044412419
1044048945
1044827817
1048410793
1049583819
1048566567
1046852886
1046749036
1048753021
1045243216
1045866314
1048099244
1045191291
1044931667
1043841245
1046074013
1046697111
1047112510
1046437487
1045139366
1044256644
1044204719
1045606690
1048099244
1048462717
1047735770
1046489412
1047008660
1049583819
1045450915
1045554765
1046697111
1046385562
1045866314
1045295141
1045710539
1044412419
1044412419
1044827817
1044620118
1045606690
1044516268
1044412419
1045243216
1045658615
1046437487
1044048945
1043997020
1044412419
1044308569
1044204719
1045554765
1046437487
1046177863
1045762464
1044412419
1045398990
1047164435
1044204719
1044775892
1048462717
1044879742
1045347066
1048306943
1048960721
1045814389
1044620118
1045191291
1046904811
1043789321
1042335425
1046022088
1042698899
1045347066
1045658615
1045554765
1046800961
1046281713
1045606690
1044308569
1044775892
1045450915
1045295141
1046749036
1044516268
1046022088
1045450915
1043581621
1043166222
1042854673
1044775892
1042023876
1044775892
1046229788
1045243216
1044516268
1045970164
1045762464
1045866314
1048099244
1045502840
1044775892
1044827817
1045450915
1046022088
1045139366
1045398990
1044256644
1045139366
1044412419
1045139366
1048099244
1044152794
1043062373
1044204719
1045347066
1045606690
1045139366
1045606690
1044827817
1045191291
1044931667
1045554765
1046852886
1045191291
1044879742
1044412419
1045243216
1047268284
1045139366
1043581621
1044568193
1043737396
1046437487
1044672043
1045398990
1043270072
1044152794
1043789321
1042179651
1046437487
1044412419
1043737396
1043997020
1045191291
1046177863
1044516268
1046333637
1042595049
1043425847
1047943469
1045970164
1045606690
1046800961
1046489412
1044775892
1044256644
1044568193
1044412419
1046229788
1046852886
1042958523
1042906598
1043997020
1045139366
1044827817
1045191291
1044775892
1042958523
1047476146
1047112510
1046229788
1048099244
1046437487
1045347066
1043997020
1045139366
1047476146
1043373922
1042906598
1041504628
1044412419
1044620118
1043633546
1047268284
1045606690
1044827817
1045450915
1044568193
1046281713
1044360494
1047268284
1044256644
1046281713
1043166222
1042854673
1046437487
1043893170
1044775892
1042335425
1042802749
1043685471
1044672043
1046437487
1045243216
1043581621
1044827817
1045139366
1048099244
1044672043
1046074013
1043581621
1045035517
1045035517
1045554765
1044568193
1045035517
1043685471
1046281713
1044204719
1045606690
1044516268
1044360494
1045450915
1045347066
1047268284
1045762464
1045295141
1043997020
1043841245
1046437487
1047112510
1047112510
1043997020
1045139366
1046437487
1044723968
1045606690
1045087441
1045918239
1042335425
1041920026
1044568193
1044672043
1044568193
1044412419
1044516268
1043789321
1045139366
1048099244
1045866314
1047372134
1045918239
1047631920
1048753021
1043114298
1042750824
1043373922
1044256644
1045035517
1044775892
1047268284
1044204719
1043997020
1043166222
1044464343
1048753021
1044516268
1047268284
1047528071
1046904811
1044827817
1046074013
1047683845
1044256644
1044775892
1043841245
1043581621
1043166222
1043321997
1044100870
1043841245
1046229788
1044723968
1046437487
1044204719
1045191291
1043737396
1044256644
1045191291
1044360494
1046437487
1043529696
1045398990
1042750824
1045035517
1043373922
1044931667
1046437487
1045243216
1044775892
1044827817
1043685471
1044412419
1044308569
1044672043
1045918239
1046229788
1043633546
1043633546
1042543124
1043685471
1046852886
1045710539
1043114298
1040673830
1041608477
1042335425
1041971951
1043945095
1044308569
1043945095
1043841245
1044723968
1043997020
1044775892
1044308569
1043893170
1045606690
1043737396
1044827817
1043373922
1044204719
1044620118
1043373922
1043737396
1042595049
1042179651
1041712327
1043633546
1046437487
1044412419
1043477771
1042023876
1043685471
1043529696
1042335425
1044360494
1042958523
1042439275
1042543124
1043062373
1044775892
1044048945
1046437487
1044412419
1042335425
1039498675
1043789321
1044775892
1042075801
1043010448
1041400778
1043945095
1042958523
1044412419
1047683845
1045450915
1046022088
1044360494
1044827817
1042543124
1042283500
1042802749
1043010448
1046437487
1044048945
1043270072
1043789321
1041556553
1044827817
1042439275
1042906598
1044412419
1045502840
1043373922
1045139366
1047060585
1043373922
1042595049
1042750824
1042387350
1043945095
1042439275
1043789321
1041920026
1043945095
1044048945
1045658615
1044775892
1044827817
1043997020
1044775892
1044775892
1044360494
1042075801
1044204719
1043166222
1042387350
1042387350
1042750824
1042646974
1044775892
1044204719
1045502840
1045243216
1046852886
1045658615
1043841245
1047476146
1043477771
1042906598
1042387350
1042543124
1041920026
1042958523
1044360494
1042231575
1044672043
1041920026
1044308569
1044360494
1043685471
1043010448
1041920026
1042335425
1046022088
1042543124
1043114298
1045295141
1042906598
1042750824
1043945095
1044775892
1042595049
1042750824
1043633546
1043373922
1043581621
1042335425
1045606690
1044256644
1042854673
1044412419
1044827817
1046437487
1043581621
1044775892
1044827817
1045087441
1044827817
1043062373
1046437487
1045554765
1044568193
1040777680
1042802749
1043997020
1041400778
1041712327
1045658615
1047891545
1044879742
1041920026
1044204719
1042335425
1043581621
1042906598
1048753021
1045191291
1041920026
1043373922
1045554765
1045243216
1040258432
1041452703
1040881530
1041504628
1045139366
1045502840
1040258432
1045606690
1048099244
1044412419
1046489412
1043841245
1040933455
1043789321
1042491200
1041868102
1042231575
1041608477
1038252479
1040017923
1048099244
1046541337
1047268284
1034721591
1042543124
1047579996
1041556553
1048753021
1042439275
1043114298
1040362281
1043373922
1045035517
1044412419
1047268284
1043685471
1040829605
1046074013
1044412419
1048047319
1046697111
1044464343
1040881530
1048358869
1044775892
1040725755
1040206507
1041089229
1043166222
1036590885
1036590885
1043945095
1043581621
1033994643
1037837081
1042231575
1040725755
1039706375
1040206507
1040621906
1045762464
1037837081
1038667878
1045606690
1040017923
1045814389
1037213983
1036902434
1036175486
1038667878
1040621906
1039187126
1040621906
1045243216
1048830908
1047839620
1047579996
1042491200
1032436573
1051141564
1050129029
1043166222
1041660402
1042231575
1042335425
1042335425
1043945095
1041971951
1041868102
1041089229
1041400778
1041141154
1040829605
1043114298
1040258432
1040621906
1039498675
1040206507
1038667878
1040310357
1042283500
1039914073
1039810225
1038875577
1039602525
1041452703
1039810225
1040206507
1038771728
1040258432
1037837081
1039810225
1042283500
1040569981
1039914073
1038252479
1039290976
1039498675
1039810225
1041452703
1038667878
1038356329
1038667878
1038044780
1037213983
1039083277
1041452703
1039290976
1039394826
1037629381
1039083277
1037940930
1038252479
1041452703
1038875577
1038460179
1037213983
1038667878
1037837081
1038460179
1041452703
1038044780
1038148630
1037837081
1038356329
1037006283
1037837081
1041452703
1038460179
1037940930
1037421682
1037837081
1037006283
1037733231
1039810225
1035863937
1037733231
1035967787
1035760087
1034513891
1036279336
1036175486
1036071636
1039394826
1035967787
1040206507
1036487035
1036071636
1034929290
1035760087
1034929290
1035552388
1035344689
1036071636
1040206507
1036590885
1037317832
1035448538
1036383185
1035136989
1035760087
1036175486
1036071636
1039394826
1035967787
1036071636
1035967787
1035344689
1034929290
1035967787
1034929290
1036175486
1040621906
1035344689
1035760087
1034202342
1035760087
1034721591
1035552388
1039083277
1036798584
1039394826
1036798584
1038252479
1037006283
1037940930
1037837081
1037421682
1040621906
1038148630
1039394826
1036798584
1038148630
1036175486
1038252479
1038252479
1038667878
1041452703
1038667878
1038044780
1037110133
1037525532
1036590885
1037525532
1041452703
1037525532
1038252479
1037006283
1037940930
1037006283
1037629381
1041452703
1041868102
1034825440
1037110133
1038044780
1036175486
1037940930
1040206507
1037525532
1039394826
1037421682
1037837081
1036383185
1037837081
1038564028
1038044780
1041452703
1037317832
1037940930
1037213983
1038875577
1036175486
1038460179
1039498675
1037629381
1040621906
1038356329
1038564028
1037006283
1038044780
1036175486
1037629381
1040121773
1037837081
1040621906
1037525532
1038667878
1036175486
1038044780
1039290976
1037629381
1039394826
1038252479
1037213983
1037006283
1037837081
1040206507
1037837081
1039394826
1037837081
1037629381
1036175486
1037837081
1040362281
1038356329
1037940930
1036279336
1037837081
1037006283
1037213983
1041037304
1037629381
1037733231
1036175486
1037006283
1037006283
1035656238
1037733231
1035344689
1035344689
1034617741
1035967787
1036279336
1035863937
1039394826
1035760087
1035863937
1035344689
1035552388
1036175486
1036071636
1040414206
1035760087
1036175486
1034513891
1035344689
1035344689
1035448538
1039394826
1037006283
1038148630
1036175486
1036798584
1039394826
1036487035
1037733231
1037629381
1038044780
1036175486
1037317832
1037421682
1037006283
1041037304
1037213983
1036798584
1036175486
1037837081
1037006283
1037213983
1041037304
1037006283
1038252479
1035967787
1036590885
1036175486
1037525532
1040258432
1037213983
1041037304
1037317832
1037733231
1036175486
1037629381
1036175486
1037837081
1040569981
1037421682
1038564028
1036175486
1036279336
1035760087
1037213983
1040621906
1036694734
1036590885
1034929290
1037006283
1036590885
1036175486
1039394826
1037006283
1036590885
1035760087
1037006283
1038044780
1037006283
1041037304
1036798584
1035967787
1038667878
1037837081
1040621906
1036590885
1036175486
1034513891
1036798584
1038252479
1037421682
1037733231
1036175486
1036798584
1034513891
1036590885
1039394826
1037213983
1038564028
1036487035
1037006283
1036383185
1037421682
1041037304
1037525532
1036590885
1035344689
1035760087
1039394826
1036487035
1036071636
1035344689
1036694734
1037421682
1037733231
1037006283
1034721591
1036902434
1039083277
1036590885
1037733231
1035863937
1036798584
1036175486
1036694734
1040621906
1035967787
1036383185
1034513891
1036902434
1040621906
1036279336
1035344689
1033371220
1035967787
1036590885
1037110133
1039394826
1035760087
1037110133
1036175486
1038148630
1039290976
1037421682
1039394826
1037421682
1037421682
1036175486
1037940930
1038356329
1037421682
1041037304
1037733231
1037733231
1037006283
1038044780
1036590885
1037629381
1041037304
1038044780
1037733231
1037213983
1037421682
1036175486
1037110133
1040621906
1036071636
1035656238
1036175486
1036279336
1036175486
1036487035
1040621906
1036279336
1036279336
1035552388
1036175486
1038667878
1036071636
1037733231
1037213983
1036798584
1034513891
1036071636
1039394826
1036694734
1037733231
1037006283
1036798584
1036175486
1036383185
1040621906
1035967787
1037733231
1037213983
1036071636
1036175486
1036694734
1037940930
1036175486
1040621906
1035552388
1035448538
1035033140
1036694734
1037837081
1036694734
1040621906
1035967787
1036798584
1034721591
1036383185
1038044780
1036279336
1039394826
1036383185
1036487035
1033371220
1035552388
1037629381
1036590885
1040206507
1036383185
1035240839
1034202342
1035967787
1037421682
1037421682
1040621906
1034929290
1035967787
1035344689
1037110133
1036383185
1035760087
1039394826
1037006283
1037837081
1036175486
1035760087
1035344689
1036279336
1037421682
1035760087
1040621906
1035760087
1036590885
1035344689
1036487035
1036383185
1035136989
1039394826
1036694734
1037421682
1037213983
1037317832
1040206507
1036902434
1037733231
1037006283
1037006283
1036175486
1037213983
1040621906
1035448538
1035656238
1036279336
1036487035
1037525532
1036071636
1039394826
1034929290
1036071636
1035344689
1036279336
1040829605
1037317832
1036902434
1036175486
1036902434
1039394826
1037837081
1038148630
1036383185
1037213983
1035344689
1037317832
1040621906
1036694734
1035760087
1036175486
1037213983
1036798584
1036694734
1040414206
1036175486
1036383185
1035344689
1037213983
1040621906
1036175486
1035967787
1034617741
1035760087
1039394826
1034513891
1035760087
1034513891
1037110133
1040206507
1036694734
1036175486
1034513891
1037110133
1039394826
1035136989
1035033140
1034929290
1036279336
1036590885
1036590885
1039394826
1035552388
1035656238
1033890793
1036175486
1040206507
1036071636
1036902434
1034513891
1034306192
1034721591
1037006283
1040621906
1036694734
1035760087
1034098493
1034306192
1034929290
1036798584
1040621906
1036383185
1035344689
1032851972
1034513891
1038356329
1035344689
1036798584
1034098493
1034721591
1036383185
1036279336
1036071636
1033994643
1034929290
1036383185
1035967787
1039394826
1034410042
1035136989
1034513891
1037006283
1040621906
1034929290
1034617741
1032851972
1034929290
1040621906
1035863937
1034929290
1032851972
1034098493
1039394826
1035552388
1035344689
1034513891
1037421682
1040621906
1037629381
1036798584
1035344689
1037317832
1039290976
1037006283
1037733231
1036175486
1037006283
1035344689
1035967787
1040621906
1035344689
1034513891
1034513891
1036798584
1038356329
1036071636
1036071636
1034410042
1035967787
1036175486
1036590885
1040621906
1034617741
1035760087
1033683094
1036798584
1040621906
1037110133
1035136989
1034513891
1035863937
1038356329
1036694734
1038148630
1035760087
1035967787
1036175486
1035448538
1039394826
1035344689
1037837081
1035033140
1035552388
1038564028
1036071636
1036798584
1035344689
1035344689
1034098493
1034410042
1038979427
1035552388
1036071636
1035448538
1036798584
1033683094
1034202342
1038979427
1036071636
1037733231
1034929290
1035863937
1033267371
1035136989
1038979427
1035967787
1037733231
1035552388
1035344689
1034098493
1034617741
1039394826
1037421682
1036071636
1034929290
1035552388
1035760087
1033579244
1039394826
1036175486
1035967787
1034513891
1034721591
1037317832
1034098493
1036071636
1035033140
1036590885
1038252479
1035448538
1039394826
1034825440
1036694734
1034513891
1035760087
1037110133
1035136989
1036071636
1034825440
1034306192
1032851972
1034825440
1038564028
1035344689
1036071636
1034513891
1035863937
1034929290
1034825440
1039394826
1036071636
1036279336
1036175486
1037629381
1041037304
1036487035
1035863937
1034098493
1035136989
1039083277
1034825440
1035448538
1033683094
1037006283
1038875577
1035967787
1035033140
1034513891
1034929290
1034929290
1037421682
1040621906
1035344689
1035656238
1033267371
1035448538
1040621906
1036590885
1036071636
1035344689
1035863937
1037006283
1036383185
1040621906
1036175486
1035967787
1035344689
1036175486
1038667878
1036798584
1039394826
1035552388
1035240839
1034929290
1037006283
1036175486
1035033140
1036071636
1035344689
1038564028
1036590885
1036383185
1033267371
1034721591
1037940930
1036071636
1036902434
1036590885
1035344689
1033267371
1033890793
1039394826
1036694734
1037317832
1035136989
1033786944
1033683094
1036071636
1040206507
1036487035
1036175486
1034513891
1034721591
1035760087
1035967787
1039394826
1035448538
1034929290
1032851972
1036694734
1040621906
1035967787
1036071636
1034929290
1035344689
1034929290
1036487035
1040621906
1036175486
1036071636
1034306192
1035552388
1036175486
1036071636
1035344689
1034721591
1039394826
1036071636
1036902434
1035344689
1035448538
1033683094
1035656238
1040621906
1036902434
1036071636
1035760087
1036071636
1034098493
1034617741
1039394826
1035760087
1036071636
1034513891
1036383185
1033059671
1035033140
1038771728
1035863937
1039394826
1035656238
1037006283
1036175486
1038356329
1039498675
1036071636
1040621906
1037006283
1037421682
1036175486
1037110133
1037006283
1035967787
1040621906
1036798584
1036071636
1035136989
1034410042
1035344689
1036175486
1036590885
1035656238
1040621906
1036383185
1036071636
1036590885
1037213983
1035344689
1034825440
1040414206
1037006283
1036902434
1036175486
1035448538
1036175486
1037629381
1040621906
1036279336
1036487035
1035344689
1035448538
1038875577
1036279336
1039394826
1037421682
1034825440
1034098493
1036487035
1037733231
1037006283
1037733231
1035344689
1034825440
1033890793
1036590885
1040621906
1036383185
1036383185
1034098493
1033786944
1039394826
1036590885
1038564028
1035240839
1035136989
1034721591
1035967787
1040206507
1036590885
1036902434
1036487035
1035448538
1035344689
1035344689
1039394826
1035760087
1037110133
1036383185
1036071636
1040621906
1035552388
1033786944
1035136989
1036279336
1037421682
1036590885
1037733231
1035760087
1037525532
1034513891
1035967787
1039394826
1037940930
1036590885
1034721591
1037006283
1039394826
1035344689
1037940930
1035760087
1037110133
1038875577
1036175486
1039394826
1036279336
1035967787
1036175486
1036279336
1038979427
1035552388
1034202342
1033683094
1036590885
1034929290
1036590885
1040621906
1037213983
1037317832
1036798584
1035656238
1034513891
1035967787
1039394826
1036071636
1036590885
1034513891
1035967787
1037525532
1036175486
1039394826
1035552388
1036487035
1034929290
1035344689
1040206507
1036175486
1035863937
1036175486
1037317832
1039394826
1035448538
1036279336
1035552388
1037525532
1036590885
1038044780
1039187126
1035344689
1036175486
1037006283
1037525532
1040621906
1037837081
1036590885
1036175486
1037006283
1039394826
1034825440
1036590885
1034513891
1034929290
1041037304
1037421682
1035656238
1035760087
1036175486
1039394826
1037110133
1035448538
1033683094
1036071636
1037006283
1036383185
1041245004
1035967787
1034721591
1032851972
1035344689
1037940930
1031917325
1037733231
1036175486
1035344689
1034929290
1036383185
1040621906
1036798584
1036487035
1034721591
1036175486
1040206507
1036798584
1036902434
1035344689
1034825440
1035967787
1036383185
1039394826
1036279336
1037421682
1036175486
1035967787
1040206507
1036383185
1035760087
1034513891
1034929290
1037733231
1035760087
1039394826
1035863937
1034825440
1036175486
1037213983
1040414206
1036383185
1035552388
1035448538
1035344689
1036175486
1035656238
1040206507
1036694734
1036071636
1033786944
1035760087
1037006283
1034929290
1036902434
1035967787
1036590885
1034929290
1035656238
1039394826
1036487035
1036279336
1035344689
1035967787
1039394826
1036590885
1039083277
1036590885
1036175486
1041037304
1036798584
1037837081
1036175486
1037837081
1039394826
1038044780
1037940930
1036175486
1035967787
1038979427
1036694734
1035967787
1034513891
1036175486
1038979427
1036383185
1036071636
1034098493
1036383185
1040206507
1035344689
1035863937
1034721591
1036071636
1038460179
1035344689
1036071636
1034721591
1036071636
1035344689
1035344689
1039394826
1035448538
1035863937
1036175486
1035760087
1038564028
1035552388
1036798584
1036175486
1035967787
1036487035
1034098493
1035240839
1039394826
1034929290
1037006283
1034098493
1035240839
1039394826
1035240839
1035760087
1033267371
1035552388
1040206507
1034513891
1035136989
1034513891
1035863937
1040621906
1035760087
1036590885
1034929290
1035552388
1039394826
1036279336
1036590885
1033683094
1035656238
1039394826
1035967787
1035967787
1034513891
1035760087
1038460179
1036175486
1036694734
1034513891
1037421682
1035344689
1037110133
1040621906
1035760087
1035967787
1035344689
1036902434
1038356329
1036071636
1036071636
1034410042
1036071636
1035344689
1036590885
1039394826
1035967787
1034929290
1034306192
1036175486
1039394826
1034306192
1035344689
1036175486
1036590885
1037421682
1034202342
1036071636
1035760087
1036383185
1037006283
1036487035
1039394826
1036175486
1036590885
1037421682
1037110133
1038564028
1036487035
1036694734
1036175486
1036798584
1039394826
1035033140
1035863937
1034721591
1036590885
1040621906
1035552388
1035344689
1034513891
1036590885
1038564028
1037006283
1040414206
1036175486
1035967787
1034929290
1036383185
1040621906
1037421682
1037110133
1035552388
1036798584
1036590885
1036798584
1038564028
1037006283
1038252479
1036175486
1037006283
1040206507
1036071636
1037629381
1034513891
1036798584
1040621906
1037213983
1037733231
1036487035
1036279336
1036175486
1037837081
1040621906
1036798584
1037733231
1036175486
1037006283
1040621906
1037525532
1037733231
1036175486
1037421682
1037006283
1037629381
1040621906
1037317832
1037006283
1035760087
1037525532
1038252479
1037940930
1041037304
1037733231
1037629381
1036175486
1037421682
1036279336
1037317832
1040621906
1036902434
1037317832
1036694734
1036902434
1036175486
1036487035
1041037304
1037733231
1037213983
1036590885
1037733231
1037110133
1037421682
1040621906
1037213983
1037525532
1035760087
1036902434
1037006283
1037421682
1041452703
1037110133
1036694734
1036175486
1037006283
1038667878
1037213983
1038148630
1035863937
1036902434
1036590885
1036798584
1040621906
1036383185
1036071636
1034513891
1037213983
1039394826
1036798584
1040414206
1036590885
1037110133
1036590885
1037837081
1039498675
1037940930
1041452703
1036590885
1037525532
1036175486
1037525532
1040621906
1037525532
1037213983
1036175486
1038044780
1039394826
1036487035
1038564028
1037006283
1037421682
1036175486
1037006283
1040621906
1037006283
1037213983
1036175486
1037421682
1041245004
1037317832
1036694734
1036383185
1036902434
1037006283
1037733231
1040414206
1037837081
1037629381
1036383185
1037629381
1041037304
1037837081
1038564028
1036694734
1037837081
1036175486
1037837081
1041452703
1037421682
1037837081
1036590885
1037629381
1036383185
1038252479
1041452703
1038356329
1038044780
1036694734
1038044780
1037421682
1037837081
1041452703
1038252479
1039083277
1036175486
1038044780
1040777680
1038875577
1040206507
1037629381
1038564028
1037837081
1039187126
1039394826
1037837081
1039083277
1037006283
1039083277
1041452703
1038356329
1038356329
1037837081
1037733231
1041452703
1039083277
1039914073
1037629381
1039187126
1040725755
1039187126
1040310357
1038252479
1039083277
1041452703
1039602525
1039394826
1038252479
1040121773
1040121773
1039394826
1041037304
1039187126
1040258432
1039498675
1040017923
1042283500
1040017923
1040466131
1038875577
1040121773
1040985379
1040621906
1041452703
1040310357
1039602525
1039498675
1040777680
1042283500
1040725755
1041296928
1040362281
1041193079
1041712327
1041141154
1042698899
1040673830
1041089229
1040933455
1041296928
1043114298
1041245004
1041504628
1040985379
1041920026
1043945095
1041971951
1042127726
1041504628
1042439275
1043010448
1042543124
1043945095
1042543124
1043477771
1043477771
1045035517
1047268284
1044983592
1044775892
1043997020
1046697111
1047060585
1047891545
1047268284
1045450915
1050492503
1043166222
1048804946
1048753021
1045295141
1048753021
1047112510
1053711924
1052102173
1056463940
1053711924
1054153285
1049168420
1039290976
1047372134
1040933455
1043218147
1046956735
1046177863
1047268284
1047216360
1047216360
1048151169
1049557856
1050284804
1050258841
1051037714
1051505037
1049869405
1049194382
1049142457
1048778984
1049246307
1049583819
1049116495
1048047319
1048623209
1049272270
1048514643
1047631920
1048099244
1045866314
1048986683
1049817480
1049817480
1050544428
1048960721
1049791518
1048986683
1047112510
1046904811
1048203094
1049376119
1045658615
1046022088
1047320209
1047476146
1047060585
1046697111
1045970164
1046904811
1049999217
1049168420
1048960721
1048778984
1049090533
1049168420
1048462717
1046437487
1045658615
1046904811
1046489412
1046333637
1047268284
1046852886
1047631920
1045866314
1045450915
1047268284
1049064570
1049583819
1048255018
1048727059
1048566567
1049012645
1049583819
1045866314
1046022088
1046489412
1047476146
1044827817
1044412419
1048099244
1046177863
1046074013
1044412419
1045450915
1046074013
1049090533
1049999217
1049246307
1049324194
1047631920
1048151169
1045450915
1046904811
1049168420
1045243216
1043114298
1045658615
1047216360
1045658615
1047372134
1046489412
1047943469
1047060585
1045866314
1046437487
1045450915
1045554765
1044827817
1046022088
1046904811
1047528071
1049168420
1047268284
1047008660
1046956735
1047735770
1047320209
1047424059
1048701096
1046800961
1047683845
1046800961
1046489412
1045710539
1047268284
1046904811
1046749036
1048099244
1046489412
1046800961
1046125938
1047372134
1048099244
1047164435
1048099244
1047112510
1047476146
1046593262
1047424059
1047320209
1047112510
1049168420
1047112510
1046593262
1046904811
1047320209
1046489412
1047216360
1047164435
1047112510
1048753021
1047060585
1048099244
1047320209
1047631920
1046074013
1047528071
1047112510
1046956735
1049168420
1047476146
1047008660
1046904811
1046852886
1046904811
1046593262
1049064570
1046697111
1046852886
1046489412
1047060585
1046074013
1047112510
1047943469
1047528071
1049168420
1047268284
1047008660
1046697111
1047008660
1045658615
1045970164
1046852886
1045606690
1048099244
1046385562
1047528071
1047735770
1047787695
1045710539
1045866314
1046074013
1046904811
1049168420
1045710539
1046852886
1046645186
1046800961
1046904811
1046593262
1045243216
1045450915
1047839620
1049090533
1049999217
1049194382
1047164435
1048255018
1047216360
1046489412
1046489412
1048753021
1047735770
1046852886
1043841245
1044672043
1046541337
1047735770
1049168420
1047372134
1046852886
1045918239
1045710539
1045814389
1047008660
1047943469
1047631920
1048099244
1046541337
1048727059
1047372134
1045398990
1045450915
1047372134
1047268284
1046489412
1048358869
1047528071
1048151169
1048960721
1046904811
1048099244
1046697111
1046437487
1045866314
1047216360
1046956735
1048623209
1049791518
1046437487
1046281713
1047424059
1047631920
1046697111
1048410793
1049479969
1047528071
1046489412
1046074013
1046229788
1045243216
1047735770
1049168420
1048462717
1046956735
1045658615
1046125938
1048099244
1047112510
1044360494
1043997020
1045762464
1047008660
1047839620
1049376119
1046645186
1046437487
1045243216
1047372134
1048623209
1049324194
1050414616
1047943469
1047164435
1045658615
1045295141
1045398990
1047891545
1047268284
1044204719
1044775892
1045762464
1046697111
1046489412
1046281713
1047060585
1048623209
1049999217
1048960721
1048727059
1048151169
1048960721
1047320209
1045450915
1048753021
1047008660
1045658615
1045866314
1047112510
1046281713
1046281713
1048753021
1046385562
1044464343
1046177863
1048701096
1048514643
1048882833
1049791518
1048778984
1049428044
1047839620
1046281713
1049168420
1046074013
1045606690
1047268284
1047372134
1047112510
1047112510
1048099244
1045658615
1044516268
1048151169
1048675134
1049168420
1048986683
1049402082
1048623209
1049220345
1048514643
1047579996
1047268284
1045658615
1045658615
1046904811
1047008660
1048099244
1047008660
1046229788
1047320209
1045866314
1044931667
1046956735
1048753021
1049272270
1049583819
1046852886
1047735770
1046489412
1045970164
1047268284
1047060585
1045970164
1043581621
1044412419
1046697111
1046800961
1047268284
1045243216
1045658615
1046281713
1046229788
1047683845
1047995394
1047528071
1046074013
1046541337
1047528071
1046697111
1047268284
1043581621
1043270072
1043373922
1045243216
1046593262
1046904811
1048099244
1045606690
1045035517
1044827817
1045035517
1044827817
1044464343
1047268284
1044620118
1046333637
1044827817
1045606690
1046489412
1046281713
1048099244
1046177863
1047164435
1046489412
1044672043
1046177863
1044775892
1046437487
1048358869
1045918239
1048566567
1047943469
1046904811
1045139366
1047268284
1046904811
1044827817
1042750824
1045295141
1048753021
1046229788
1045139366
1046022088
1043893170
1046437487
1047943469
1048649171
1048934758
1047891545
1046904811
1048623209
1047268284
1043997020
1045554765
1045450915
1044827817
1046852886
1046437487
1046697111
1043789321
1045243216
1047683845
1046125938
1047683845
1047008660
1048882833
1048566567
1048410793
1049791518
1047631920
1047995394
1044308569
1045295141
1047372134
1046074013
1046437487
1046074013
1046956735
1045658615
1046645186
1046437487
1046904811
1047008660
1047683845
1048047319
1049168420
1046489412
1048306943
1048410793
1048306943
1047268284
1045710539
1046074013
1046489412
1046022088
1048099244
1047164435
1045918239
1046074013
1047787695
1049999217
1046956735
1048099244
1048358869
1047579996
1047683845
1048597247
1046852886
1044827817
1047320209
1046489412
1045243216
1049168420
1045866314
1047320209
1044827817
1046645186
1047735770
1046333637
1048099244
1048099244
1048151169
1049324194
1048203094
1048358869
1048908796
1049999217
1045970164
1045606690
1047787695
1045658615
1046489412
1044412419
1048753021
1046333637
1047579996
1044412419
1046593262
1048099244
1049012645
1048960721
1048255018
1048856871
1044827817
1044672043
1048099244
1048675134
1044775892
1045035517
1045243216
1048753021
1046852886
1048047319
1044827817
1046177863
1045866314
1047787695
1049168420
1049298232
1049376119
1048566567
1047372134
1047268284
1047735770
1047735770
1045450915
1044256644
1045866314
1046074013
1048462717
1046593262
1048099244
1044983592
1047008660
1046904811
1048566567
1049583819
1048358869
1048099244
1047943469
1046385562
1045035517
1044879742
1047683845
1046697111
1043685471
1045450915
1046074013
1048649171
1046177863
1046437487
1047528071
1048255018
1045762464
1048514643
1049791518
1048778984
1047320209
1045243216
1046593262
1045866314
1045970164
1048753021
1046904811
1045866314
1045866314
1046385562
1046281713
1045450915
1049168420
1048151169
1048099244
1048151169
1048462717
1048151169
1048753021
1048649171
1046904811
1046437487
1045398990
1044983592
1045243216
1045554765
1047943469
1046645186
1045814389
1045450915
1045347066
1045035517
1046489412
1049168420
1047891545
1048255018
1047735770
1048255018
1048960721
1046697111
1045970164
1044516268
1045710539
1046074013
1046125938
1047683845
1046074013
1046177863
1045243216
1045191291
1046437487
1045814389
1047735770
1047528071
1048462717
1049168420
1047112510
1045087441
1044827817
1045658615
1047476146
1044568193
1043945095
1044308569
1046177863
1045866314
1046697111
1048099244
1045243216
1045087441
1044516268
1045295141
1048462717
1046229788
1045295141
1044620118
1045866314
1047268284
1045554765
1044775892
1043789321
1045347066
1047268284
1045658615
1046645186
1045658615
1046177863
1047683845
1046437487
1045243216
1044827817
1045710539
1046022088
1045762464
1046852886
1046177863
1045762464
1045866314
1045554765
1046437487
1045658615
1045658615
1045347066
1046281713
1048099244
1045814389
1045243216
1045243216
1045970164
1047216360
1046074013
1046074013
1045347066
1045606690
1045243216
1045814389
1048701096
1045658615
1045814389
1045347066
1045866314
1047164435
1045866314
1045606690
1045450915
1045606690
1046229788
1045918239
1047268284
1045866314
1045658615
1046281713
1045970164
1046437487
1045502840
1045918239
1045762464
1046074013
1047683845
1045866314
1045762464
1046489412
1046645186
1046437487
1045658615
1045814389
1047008660
1046489412
1046281713
1045243216
1046229788
1048960721
1046125938
1046385562
1046074013
1047528071
1048960721
1047268284
1046385562
1046074013
1046541337
1047943469
1045970164
1045918239
1045139366
1045243216
1045139366
1045554765
1047268284
1045450915
1045295141
1044412419
1045866314
1048753021
1045814389
1046749036
1045866314
1046541337
1048099244
1045866314
1045295141
1045243216
1046229788
1047268284
1044827817
1045243216
1044048945
1045347066
1048099244
1045554765
1045347066
1045035517
1046125938
1047891545
1045866314
1045866314
1044827817
1045606690
1048099244
1046022088
1045450915
1044412419
1044879742
1046593262
1046489412
1046022088
1045658615
1046541337
1045295141
1045866314
1048099244
1045035517
1045398990
1044412419
1045450915
1044983592
1045710539
1047683845
1045035517
1045606690
1044827817
1046489412
1047528071
1046489412
1047268284
1045918239
1045295141
1045347066
1045295141
1047268284
1045450915
1044827817
1044204719
1045658615
1045658615
1045139366
1046437487
1044827817
1044827817
1045243216
1045398990
1047683845
1046074013
1047112510
1045139366
1046281713
1048856871
1045762464
1045243216
1045866314
1045970164
1048753021
1046800961
1045295141
1046281713
1047164435
1046074013
1046593262
1048753021
1046645186
1047112510
1045866314
1046593262
1048099244
1046697111
1045398990
1045762464
1046697111
1047891545
1046749036
1048099244
1047320209
1047268284
1047631920
1046489412
1047268284
1046177863
1047372134
1048099244
1046541337
1046852886
1046281713
1046697111
1046904811
1046229788
1048099244
1046385562
1045087441
1045035517
1045658615
1047268284
1044827817
1045035517
1043997020
1044723968
1046437487
1044620118
1044775892
1044412419
1044723968
1045347066
1044412419
1046437487
1044723968
1044672043
1043789321
1044464343
1045243216
1044308569
1046437487
1044152794
1044464343
1043997020
1044620118
1044672043
1045295141
1047268284
1045450915
1045347066
1044412419
1045814389
1047060585
1044931667
1044723968
1043581621
1044464343
1045970164
1046800961
1048099244
1045398990
1044412419
1043581621
1044775892
1046437487
1044775892
1043114298
1042127726
1045139366
1045450915
1045243216
1045814389
1043166222
1043737396
1045035517
1046385562
1048099244
1045710539
1044204719
1043789321
1043997020
1043997020
1043841245
1046022088
1044931667
1042646974
1042543124
1044412419
1043997020
1044256644
1044775892
1043633546
1043997020
1045243216
1046800961
1046852886
1045450915
1047268284
1043789321
1043373922
1042335425
1043581621
1045606690
1044672043
1044360494
1044308569
1044516268
1043581621
1043425847
1044775892
1045450915
1045606690
1045866314
1046437487
1045970164
1046074013
1047268284
1044620118
1046281713
1043373922
1043062373
1044412419
1043581621
1044775892
1043789321
1044152794
1042543124
1044723968
1046697111
1045710539
1047164435
1046956735
1047060585
1044931667
1045347066
1046281713
1045554765
1045087441
1046749036
1047683845
1046385562
1045762464
1046749036
1047112510
1046489412
1047631920
1048306943
1047372134
1048856871
1047164435
1047839620
1045710539
1046904811
1047839620
1046074013
1047683845
1045347066
1046022088
1044204719
1045606690
1044827817
1045295141
1047268284
1044256644
1043321997
1044204719
1045762464
1044931667
1047735770
1049168420
1044775892
1044308569
1045450915
1044464343
1043373922
1046749036
1048099244
1044775892
1044983592
1044516268
1044931667
1045658615
1045398990
1044775892
1043789321
1046022088
1047112510
1046281713
1046956735
1044308569
1046437487
1045139366
1045762464
1045035517
1045710539
1042335425
1042283500
1044775892
1044256644
1044983592
1043166222
1046074013
1046437487
1043893170
1045191291
1046489412
1045191291
1043997020
1043997020
1045606690
1045710539
1046852886
1045347066
1042698899
1044048945
1045139366
1047268284
1045866314
1043685471
1042854673
1045762464
1045866314
1047735770
1048753021
1046800961
1047268284
1043581621
1043997020
1042750824
1044568193
1043581621
1045554765
1046437487
1043685471
1044775892
1042543124
1043685471
1043425847
1046333637
1049168420
1046593262
1045450915
1045866314
1044620118
1046852886
1043477771
1044048945
1041712327
1042802749
1042543124
1042958523
1046022088
1044412419
1044204719
1042335425
1044775892
1044775892
1044516268
1047476146
1046074013
1046281713
1045658615
1045710539
1044360494
1043945095
1042802749
1042439275
1043893170
1044775892
1042543124
1043166222
1041920026
1043633546
1043893170
1042854673
1046437487
1043062373
1044412419
1042491200
1043010448
1045243216
1042854673
1047683845
1044204719
1043477771
1044412419
1045035517
1044204719
1043321997
1044360494
1044516268
1044879742
1043841245
1043633546
1046437487
1044412419
1044775892
1042958523
1042958523
1041920026
1044620118
1046852886
1046125938
1045606690
1043270072
1044412419
1043997020
1045606690
1044775892
1041660402
1041452703
1040881530
1043893170
1042387350
1043529696
1045606690
1044100870
1044775892
1044360494
1043945095
1044204719
1044723968
1044775892
1043114298
1044775892
1044879742
1045087441
1042335425
1043425847
1043945095
1041971951
1042802749
1043581621
1043737396
1044723968
1043997020
1044775892
1043997020
1044412419
1043997020
1043997020
1046022088
1043633546
1043581621
1042750824
1043737396
1046437487
1043789321
1043997020
1043373922
1044152794
1045606690
1044620118
1043997020
1043373922
1044568193
1045398990
1044256644
1043529696
1043789321
1043997020
1044516268
1044100870
1044775892
1044100870
1043997020
1043373922
1043945095
1047060585
1044308569
1043893170
1042543124
1042958523
1043893170
1043166222
1043114298
1042543124
1043321997
1043581621
1042854673
1044308569
1043789321
1043633546
1044256644
1040829605
1042023876
1043166222
1043997020
1045606690
1043477771
1042906598
1042750824
1043737396
1046593262
1045814389
1043945095
1043270072
1043581621
1043789321
1043997020
1044775892
1043270072
1041193079
1040881530
1043477771
1046437487
1042335425
1044152794
1043373922
1044360494
1045606690
1043373922
1043114298
1043166222
1043581621
1043893170
1043893170
1046437487
1044931667
1044100870
1038667878
1041712327
1043581621
1043010448
1042283500
1043789321
1044464343
1043166222
1044723968
1046177863
1044775892
1044775892
1044100870
1044256644
1044204719
1044464343
1046437487
1044204719
1044308569
1043685471
1044620118
1046022088
1044516268
1044568193
1043789321
1043945095
1044516268
1044360494
1044775892
1043581621
1043997020
1044204719
1044723968
1046437487
1044464343
1044620118
1043581621
1043789321
1044360494
1042750824
1042698899
1042646974
1042750824
1041712327
1043841245
1044775892
1045295141
1043945095
1041348853
1043841245
1040881530
1041608477
1044775892
1043789321
1043945095
1043373922
1043581621
1043893170
1044256644
1046852886
1044879742
1043893170
1044827817
1045710539
1044775892
1042750824
1043685471
1043270072
1043581621
1042335425
1041400778
1044775892
1043270072
1043529696
1042958523
1043062373
1043997020
1044620118
1047268284
1045139366
1045606690
1045087441
1044879742
1042750824
1043581621
1044775892
1043373922
1044775892
1044412419
1043893170
1043581621
1043373922
1042750824
1043373922
1044775892
1043789321
1045606690
1044204719
1044464343
1043581621
1043218147
1045606690
1042802749
1044775892
1042127726
1043997020
1043166222
1042595049
1043321997
1043321997
1044775892
1043893170
1043373922
1043218147
1043789321
1043321997
1042750824
1046437487
1044983592
1043893170
1042646974
1042750824
1044775892
1044412419
1044775892
1042127726
1040777680
1040881530
1041089229
1043945095
1042023876
1042543124
1043581621
1043218147
1043997020
1044308569
1046437487
1044516268
1043737396
1043218147
1042906598
1044204719
1044672043
1046437487
1043581621
1044412419
1042127726
1043529696
1045606690
1043789321
1043114298
1042958523
1042802749
1042854673
1042750824
1043945095
1041868102
1042387350
1041504628
1042075801
1044775892
1041868102
1044775892
1041868102
1044360494
1043997020
1044620118
1046437487
1043893170
1044568193
1042750824
1044100870
1043581621
1044152794
1044775892
1042958523
1044048945
1042750824
1043425847
1044931667
1043425847
1046022088
1043166222
1043685471
1041504628
1042283500
1041971951
1042958523
1044775892
1042646974
1043321997
1043477771
1041245004
1044775892
1042595049
1045606690
1042750824
1043737396
1043477771
1042750824
1043529696
1041348853
1043218147
1040673830
1044516268
1044360494
1042595049
1041400778
1040673830
1043114298
1044100870
1043997020
1042127726
1042335425
1044464343
1045606690
1042646974
1042075801
1041089229
1041712327
1042335425
1042335425
1043945095
1043321997
1043321997
1042958523
1043685471
1047268284
1045035517
1042283500
1044775892
1042802749
1044308569
1041971951
1044775892
1042439275
1042491200
1041712327
1042698899
1042958523
1043893170
1043945095
1043010448
1041608477
1041504628
1042075801
1044360494
1043270072
1044723968
1042750824
1043270072
1042854673
1042958523
1044360494
1041920026
1043529696
1042854673
1043945095
1043997020
1043166222
1044775892
1044204719
1044308569
1042127726
1043893170
1044775892
1043425847
1044775892
1044100870
1043789321
1043997020
1044100870
1045814389
1044048945
1043945095
1040258432
1041452703
1041556553
1044879742
1044827817
1042646974
1043581621
1042023876
1043114298
1041712327
1042906598
1043373922
1044672043
1043685471
1042802749
1044775892
1041193079
1040725755
1039602525
1039706375
1044204719
1044048945
1043945095
1044723968
1044360494
1044620118
1044412419
1044204719
1045606690
1046437487
1045087441
1044827817
1043581621
1044879742
1043945095
1040258432
1041452703
1037837081
1038875577
1038875577
1042387350
1046437487
1044308569
1045606690
1038875577
1041193079
1045554765
1043789321
1041452703
1042543124
1044775892
1040673830
1039290976
1042906598
1043737396
1043114298
1045554765
1042179651
1044931667
1040362281
1046437487
1040933455
1047008660
1042750824
1047320209
1043114298
1046593262
1040466131
1044827817
1044464343
1048099244
1040829605
1046177863
1038667878
1046281713
1041504628
1046437487
1047268284
1046904811
1044100870
1046074013
1042387350
1048753021
1043373922
1046593262
1041504628
1046074013
1042335425
1047008660
1041452703
1044308569
1042439275
1034929290
1044412419
1041504628
1037940930
1042075801
1042179651
1037733231
1037006283
1040206507
1036590885
1039602525
1039290976
1035656238
1039394826
1043893170
1036279336
1048151169
1048566567
1049168420
1045139366
1049479969
1033683094
1041816177
1048986683
1042854673
1043114298
1042231575
1043114298
1041504628
1041556553
1040881530
1041296928
1043737396
1041504628
1041193079
1039914073
1040725755
1041452703
1040258432
1041452703
1039187126
1039914073
1039083277
1039810225
1041452703
1039290976
1040414206
1039394826
1039810225
1038667878
1040121773
1040985379
1040206507
1042283500
1039914073
1039394826
1038252479
1039290976
1037837081
1039290976
1041452703
1039290976
1038979427
1037421682
1038979427
1037837081
1038875577
1041452703
1038979427
1039394826
1037006283
1038667878
1036590885
1038460179
1040621906
1039187126
1040621906
1039083277
1038667878
1037006283
1038044780
1037837081
1038252479
1041452703
1037525532
1039187126
1037421682
1038252479
1036175486
1036590885
1036175486
1035344689
1039394826
1036071636
1036071636
1035448538
1035863937
1034929290
1035967787
1035760087
1036487035
1039290976
1035967787
1037733231
1035344689
1035760087
1034513891
1035760087
1038252479
1036071636
1038564028
1035448538
1035967787
1034929290
1035760087
1038564028
1036175486
1038564028
1035967787
1035967787
1034098493
1036071636
1040206507
1035967787
1036071636
1034929290
1036071636
1035760087
1035760087
1039394826
1035760087
1037317832
1036798584
1038356329
1040621906
1037421682
1037837081
1036175486
1037837081
1037837081
1037733231
1041452703
1037629381
1038148630
1037006283
1037837081
1039083277
1037837081
1039394826
1037525532
1037421682
1036175486
1037940930
1041452703
1037525532
1037525532
1037006283
1037837081
1041037304
1037629381
1037837081
1036175486
1037006283
1041037304
1037421682
1037629381
1036590885
1037421682
1037421682
1038044780
1040621906
1036487035
1037629381
1036590885
1037629381
1041037304
1037837081
1037213983
1036383185
1037837081
1039810225
1037421682
1037940930
1037421682
1037837081
1036383185
1038148630
1041037304
1037837081
1038564028
1036590885
1038044780
1036487035
1037525532
1041452703
1037733231
1037317832
1036175486
1037110133
1039083277
1037940930
1038564028
1037006283
1038667878
1037421682
1037421682
1038564028
1037006283
1037629381
1037006283
1036590885
1037733231
1034929290
1035448538
1034513891
1036175486
1040621906
1035863937
1035344689
1034929290
1037421682
1041245004
1036694734
1035967787
1034513891
1036798584
1041037304
1037629381
1038044780
1037421682
1037525532
1040206507
1036590885
1037421682
1036590885
1037006283
1041037304
1037421682
1037837081
1036175486
1037629381
1037421682
1037837081
1040621906
1037733231
1037940930
1036175486
1037837081
1041245004
1037629381
1036175486
1035344689
1036694734
1039810225
1037940930
1038356329
1036798584
1037317832
1037213983
1042179651
1038564028
1035967787
1036798584
1033683094
1037317832
1040621906
1036694734
1035863937
1035552388
1036487035
1037629381
1036590885
1040621906
1035344689
1036902434
1035344689
1037213983
1039187126
1036071636
1039394826
1036071636
1035136989
1034929290
1035344689
1038564028
1037006283
1039394826
1035967787
1036590885
1034929290
1037421682
1039394826
1036071636
1036487035
1034617741
1036383185
1036590885
1037006283
1040621906
1036798584
1036175486
1034513891
1036902434
1041037304
1036798584
1037006283
1034929290
1036590885
1040206507
1035967787
1037733231
1036590885
1037213983
1037006283
1035967787
1035656238
1034929290
1036798584
1037837081
1036279336
1036071636
1036175486
1037940930
1040621906
1037837081
1037837081
1036175486
1037837081
1040621906
1037421682
1037629381
1036590885
1037525532
1038667878
1037006283
1039394826
1037006283
1037940930
1037006283
1037110133
1039394826
1037213983
1037006283
1038875577
1037629381
1037006283
1036175486
1037213983
1040621906
1036590885
1036279336
1035344689
1036590885
1037733231
1035656238
1036798584
1037525532
1035967787
1037733231
1035552388
1035863937
1037940930
1037421682
1036383185
1034929290
1037006283
1040518056
1036279336
1036487035
1034721591
1037110133
1041452703
1037837081
1037213983
1034513891
1036487035
1039394826
1036279336
1037525532
1036175486
1036383185
1038460179
1036487035
1037733231
1037110133
1037213983
1036175486
1037006283
1041037304
1036798584
1036694734
1035344689
1037110133
1040206507
1037940930
1036902434
1035448538
1036902434
1037837081
1038460179
1039394826
1035760087
1036279336
1036175486
1036175486
1040621906
1036590885
1036590885
1036175486
1036071636
1040206507
1036487035
1036175486
1036175486
1036383185
1040206507
1036175486
1036487035
1037006283
1035967787
1039394826
1034513891
1035656238
1036175486
1036590885
1040621906
1035552388
1034513891
1033683094
1036798584
1040621906
1037006283
1035136989
1033683094
1035552388
1038771728
1037940930
1039394826
1036902434
1037006283
1036175486
1036798584
1041452703
1037940930
1037110133
1034929290
1036590885
1039394826
1035344689
1036175486
1035344689
1036694734
1039083277
1036487035
1036902434
1035552388
1036590885
1035760087
1036694734
1040621906
1036798584
1035344689
1034513891
1036383185
1039394826
1035760087
1039394826
1036902434
1037733231
1035344689
1035967787
1040621906
1036279336
1037733231
1036175486
1036902434
1035448538
1035863937
1040206507
1036590885
1036071636
1035552388
1036590885
1034513891
1036071636
1041452703
1036902434
1036487035
1035344689
1036175486
1037629381
1037421682
1038148630
1035760087
1036590885
1037006283
1036798584
1037733231
1035760087
1037213983
1036175486
1036902434
1040621906
1035033140
1035344689
1035344689
1036279336
1041452703
1037421682
1035240839
1035033140
1035760087
1041037304
1036798584
1035760087
1034513891
1036590885
1040621906
1035760087
1035552388
1034929290
1036279336
1040621906
1036798584
1034513891
1035344689
1035760087
1037733231
1035863937
1036071636
1034513891
1035863937
1040206507
1037421682
1036383185
1035760087
1036590885
1040621906
1036175486
1037940930
1033683094
1035136989
1038564028
1036383185
1036383185
1037213983
1034513891
1034513891
1034098493
1035136989
1040621906
1036902434
1035760087
1033890793
1034617741
1039394826
1037421682
1037421682
1036590885
1036798584
1041037304
1036590885
1037629381
1036175486
1037629381
1040621906
1036383185
1036175486
1035760087
1036071636
1039394826
1034202342
1033994643
1035552388
1036694734
1040621906
1034929290
1033890793
1033475394
1035863937
1040621906
1037006283
1036071636
1033683094
1034721591
1039394826
1036383185
1037110133
1036175486
1036175486
1036071636
1035552388
1036383185
1037733231
1035967787
1037006283
1034929290
1036279336
1039394826
1036798584
1034929290
1033994643
1036071636
1039394826
1036175486
1036902434
1037421682
1034721591
1034721591
1034513891
1036694734
1040621906
1035656238
1036071636
1036487035
1036798584
1036487035
1035760087
1036590885
1039394826
1034098493
1035760087
1036175486
1037006283
1040621906
1035760087
1034721591
1033683094
1035552388
1039394826
1035448538
1037110133
1034513891
1033786944
1037733231
1036175486
1037837081
1037421682
1036175486
1036071636
