3188498432
3214048256
3204507648
3216608256
3203543040
3212187648
3205531648
3162112000
3209627648
3214048256
3212187648
3214816256
3210139648
3212187648
3162112000
3207579648
3196375040
3208091648
3210139648
3210139648
3209115648
3201495040
3208091648
3162112000
3213280256
3207067648
3215072256
3209115648
3203543040
3208091648
3162112000
3209115648
3211163648
3214560256
3209627648
3202519040
3206555648
3162112000
3208091648
3204507648
3214560256
3205019648
3215584256
3203543040
3162112000
3208091648
3162112000
3211163648
3207579648
3211163648
3214048256
3208091648
3212187648
3185229824
3208603648
3162112000
3213792256
3207067648
3216352256
3210139648
3218144256
3210139648
3216608256
3212187648
3196375040
3216608256
3162112000
3215840256
3208603648
3216608256
3213536256
3218400256
3214304256
3216608256
3214304256
3188498432
3216608256
3198423040
3218656256
3210139648
3216608256
3214560256
3215584256
3215072256
3202519040
3215072256
3162112000
3215328256
3213024256
3218656256
3209115648
3210139648
3209115648
3162112000
3212187648
3212187648
3215584256
3210651648
3214560256
3212187648
3162112000
3212187648
3162112000
3214560256
3212187648
3212187648
3216096256
3208091648
3214048256
3162112000
3211675648
3209115648
3215584256
3208091648
3214560256
3210651648
3162112000
3209115648
3211675648
3215584256
3208603648
3206043648
3212187648
3162112000
3210139648
3208603648
3216096256
3208091648
3206043648
3209627648
3162112000
3210139648
3210139648
3212187648
3209627648
3211163648
3210139648
3162112000
3211163648
3206555648
3215584256
3208603648
3214560256
3210139648
3162112000
3211163648
3162112000
3211163648
3211163648
3214560256
3209115648
3214560256
3213024256
3162112000
3210139648
3204507648
3210139648
3212187648
3214560256
3215072256
3162112000
3212187648
3196375040
3214560256
3207579648
3216608256
3209115648
3162112000
3210651648
3204507648
3216352256
3210139648
3214560256
3210651648
3162112000
3212187648
3205019648
3216608256
3211675648
3212187648
3214560256
3162112000
3215072256
3210139648
3218656256
3213024256
3162112000
3213024256
3212699648
3215072256
3214304256
3214304256
3214048256
3162112000
3214816256
3217120256
3216096256
3218656256
3215584256
3217376256
3162112000
3217120256
3196375040
3215072256
3216608256
3218656256
3214816256
3210139648
3213536256
3204507648
3216608256
3214304256
3218656256
3214048256
3209627648
3214048256
3212699648
3213280256
3216096256
3218656256
3213024256
3210139648
3211163648
3162112000
3214560256
3211163648
3217888256
3214048256
3216096256
3214304256
3162112000
3214048256
3213792256
3213792256
3215328256
3216608256
3214560256
3214560256
3213280256
3162112000
3213536256
3212699648
3214560256
3214560256
3216608256
3213536256
3216608256
3210139648
3162112000
3212187648
3213792256
3212187648
3214560256
3216096256
3213536256
3205019648
3211675648
3162112000
3211675648
3213536256
3216608256
3213024256
3206043648
3213536256
3162112000
3213280256
3213280256
3216608256
3213536256
3201495040
3209627648
3162112000
3213792256
3212187648
3215072256
3214048256
3162112000
3211675648
3194642432
1014628352
3222500864
3205019648
3213792256
3162112000
3214304256
3213536256
3214560256
3215072256
3162112000
3212187648
3204507648
3212187648
3214816256
3217632256
3213280256
3162112000
3213536256
3162112000
1014628352
3223268864
3192594432
3214304256
3213280256
3217120256
3210651648
3174793216
3214304256
3213024256
3216096256
3214560256
3162112000
3214048256
3215840256
3214560256
3217376256
3210139648
3214816256
3208603648
3217632256
3214048256
3218656256
3216352256
3162112000
3215072256
3214304256
3214560256
3218400256
3162112000
3213280256
1045110784
1027309568
3228645264
3208091648
3216096256
3196375040
3216096256
3214304256
3216608256
3213536256
3202519040
3213024256
3162112000
3214048256
1057024000
1014628352
3226725264
3211163648
3216096256
3162112000
3213536256
3213792256
3208091648
3217120256
3208091648
3212187648
3162112000
3209115648
3162112000
1014628352
3223012864
3181133824
3208091648
3162112000
3209115648
3162112000
1014628352
3219936256
3194642432
3206043648
3204507648
3211675648
3206043648
3190546432
1063168000
3162112000
3220192256
1052987392
1014628352
3222756864
3162112000
3201495040
3162112000
1014628352
3213280256
3203543040
3199447040
3162112000
3185229824
3162112000
3205019648
3162112000
1033650176
3199447040
3162112000
3217632256
3162112000
3190546432
1041014784
3199447040
3207067648
1067588608
3206043648
3162112000
3198423040
3162112000
1014628352
3199447040
1061120000
3162112000
3162112000
3208603648
3197399040
1041014784
3197399040
1048891392
1049915392
3162112000
3218144256
3162112000
1052987392
3217632256
1027309568
1063168000
3185229824
3217120256
3162112000
3162112000
1060608000
3210139648
3203543040
1014628352
3220192256
3198423040
3194642432
1071172608
3217888256
3174793216
1054011392
3206043648
1014628352
3214304256
3200471040
3201495040
3162112000
1057024000
3199447040
3202519040
3217120256
3162112000
3214048256
3162112000
3162112000
3208603648
1014628352
3222500864
3162112000
3205531648
3162112000
3192594432
3206043648
1014628352
3221216256
3162112000
3212699648
3162112000
3199447040
3206043648
1069636608
3218656256
3204507648
3210139648
3162112000
1014628352
3203543040
3162112000
3162112000
1064704000
3212187648
1047158784
1048891392
3223780864
3162112000
3162112000
1064704000
3209115648
3162112000
1069380608
3162112000
3162112000
3222500864
1052987392
1014628352
3207067648
1075529216
1051963392
1055035392
3207067648
3190546432
1069124608
1041014784
3201495040
3219680256
3206043648
3162112000
1052987392
3162112000
3192594432
1057024000
1071172608
1054011392
1052987392
3194642432
1059072000
1069124608
1057024000
3199447040
3212187648
1065216000
1063168000
3162112000
1071172608
3194642432
3207067648
1041014784
1051963392
3162112000
1050939392
3162112000
3192594432
1054011392
3181133824
1050939392
1071172608
1050939392
3162112000
3203543040
1057024000
3162112000
1054011392
1045110784
3194642432
1052987392
1062656000
1050939392
1045110784
3202519040
1051963392
1064704000
1049915392
1049915392
3194642432
1055035392
3162112000
1055035392
1064704000
1048891392
1050939392
3185229824
3162112000
1064704000
1041014784
1051963392
1059072000
1052987392
1064704000
1048891392
1057024000
1066564608
1058048000
3204507648
3222756864
3210139648
3199447040
1060608000
1064704000
1033650176
1057024000
1014628352
1058048000
1071172608
1058048000
3207067648
3208091648
1058048000
3204507648
1066564608
1056059392
3174793216
1059072000
1014628352
1057024000
3162112000
3221988864
3206043648
3212187648
1059072000
1069124608
3162112000
1056059392
3194642432
1054011392
1071172608
1057536000
3200471040
3204507648
1066820608
1048891392
1050939392
1073220608
1052987392
3202519040
3207067648
1069636608
3162112000
1050939392
1062656000
3174793216
1048891392
3203543040
1057024000
1069124608
1056059392
1052987392
1045110784
1054011392
1014628352
1049915392
1061120000
1052987392
1069124608
1049915392
1052987392
1014628352
1048891392
1014628352
3162112000
3162112000
3174793216
3204507648
3214560256
1061632000
3208091648
3162112000
3162112000
3192594432
3194642432
3203543040
3201495040
3206043648
3190546432
3162112000
3194642432
3192594432
3206555648
3208091648
3213280256
1059584000
3162112000
3201495040
3201495040
3219680256
1059072000
3162112000
3200471040
3162112000
3211675648
3221732864
3208091648
1063680000
3162112000
3194642432
3188498432
3207067648
3210139648
3223524864
3204507648
1069892608
3188498432
3162112000
3185229824
3207579648
3212187648
3206043648
3204507648
3201495040
1066308608
3203543040
3188498432
1069124608
3197399040
3199447040
3210139648
3206555648
3208603648
3203543040
1060096000
3218656256
1069380608
1064704000
3162112000
1056059392
3162112000
3188498432
3162112000
3181133824
3162112000
3188498432
3194642432
3215584256
1066820608
1071172608
1048891392
1051963392
1014628352
3162112000
1063680000
1054011392
1056059392
1050939392
3162112000
1014628352
1049915392
1069124608
3162112000
1059584000
1051963392
3162112000
1014628352
3162112000
1061120000
1047158784
1060608000
1043062784
3162112000
1014628352
3162112000
1067076608
1048891392
1064704000
3174793216
3208091648
1062144000
3162112000
1069124608
1048891392
3162112000
3185229824
1041014784
3194642432
3162112000
1069124608
3188498432
3218400256
3203543040
1067844608
1062656000
1057536000
1067076608
3185229824
3162112000
3199447040
3200471040
3204507648
3212699648
3194642432
1060096000
1048891392
1048891392
3162112000
3162112000
3207579648
3220192256
3208091648
1062144000
3203543040
3221348864
3162112000
1065796608
3162112000
3201495040
3215584256
1033650176
3210139648
3213792256
3216096256
3188498432
1048891392
3223524864
3206043648
1064192000
3162112000
3222500864
3197399040
1033650176
3219168256
1041014784
3223396864
3188498432
3216096256
3162112000
1060096000
3200471040
3214560256
3221988864
3214304256
3219680256
3212699648
3218400256
3199447040
1061120000
3206555648
3223524864
3216608256
3162112000
3219936256
3162112000
1059072000
3205019648
3214048256
3223012864
3222500864
3221216256
3210651648
3219168256
3162112000
1067588608
3162112000
3212187648
3221476864
3218656256
3217632256
3162112000
3162112000
1056059392
3210139648
3223140864
3218656256
3218400256
3188498432
3205019648
1067844608
3208091648
3216096256
1065216000
3207579648
3212699648
3214816256
3207579648
1063680000
3205531648
3223012864
3209115648
1072196608
1055035392
3185229824
3203543040
3222884864
3205019648
3205531648
1075529216
3206043648
3207067648
1059072000
3221988864
3198423040
3197399040
1067076608
3190546432
3204507648
3223012864
3213536256
3162112000
1067332608
3162112000
3207067648
3220704256
3217632256
3212187648
1064192000
3162112000
3220960256
3216608256
3194642432
1067332608
3205531648
3214816256
3214560256
3216608256
3203543040
1066564608
3162112000
3222372864
3185229824
1043062784
3225060864
3162112000
3213280256
3185229824
1061120000
3208091648
3218656256
3213536256
3212699648
3219680256
3215072256
3194642432
1067332608
3162112000
3222756864
3188498432
3190546432
3224804864
3200471040
3217120256
3218400256
3216608256
3190546432
1065216000
3211163648
3214816256
3216608256
3217888256
3218656256
3220192256
3216608256
3190546432
1073220608
3226725264
1045110784
1014628352
3229769672
3208091648
3221988864
3220960256
3221988864
3220192256
3218656256
3218656256
3216864256
3219424256
3174793216
1059072000
3213024256
3220960256
3220192256
3223524864
3224036864
3221604864
3204507648
3219680256
3220192256
3218656256
3185229824
1075529216
3213536256
3224292864
3216608256
3223780864
3204507648
3221988864
3221216256
3220704256
3219168256
3196375040
3217120256
3174793216
1059072000
3209115648
3216864256
3218656256
3221216256
3222500864
3217632256
3216608256
3216608256
3196375040
3162112000
1065796608
3212187648
3223140864
3181133824
3217376256
3219168256
3217632256
3181133824
1066564608
3225572864
3188498432
3214560256
3216608256
3194642432
1066052608
3162112000
3223012864
3214560256
3217632256
3218656256
3162112000
3188498432
1065540608
3225572864
1049915392
1061120000
3226085264
3162112000
3214560256
3215840256
3216608256
3162112000
1073220608
3197399040
3216864256
3214048256
3220704256
3214560256
3217120256
3162112000
3174793216
1069124608
3226085264
3209115648
3216608256
3216096256
1066820608
1065216000
3162112000
3223140864
3215584256
3218656256
3221216256
3162112000
3215840256
3216608256
3217632256
3213024256
3205019648
3162112000
1071172608
3211163648
3222500864
3215584256
3222756864
3204507648
3218144256
3219168256
3220704256
3215072256
3162112000
3214304256
3214560256
3219680256
3213536256
3162112000
3215584256
3214560256
3218656256
3216096256
3204507648
3218656256
3220448256
3221732864
3222244864
3213024256
3220960256
3219936256
3221988864
3220192256
3220704256
3219168256
3212699648
3221476864
3221732864
3221732864
3219936256
3212699648
3221216256
3221988864
3224548864
3221476864
3213792256
3221988864
3222756864
3223908864
3221732864
3213792256
3222756864
3222884864
3225060864
3222500864
3212699648
3223524864
3222628864
3221732864
3222756864
3222628864
3224036864
3222372864
3215840256
3223012864
3222116864
3224036864
3222500864
3215072256
3221732864
3222756864
3224036864
3221604864
3214816256
3222756864
3222756864
3224036864
3222116864
3212699648
3221604864
3223012864
3224036864
3221216256
3208603648
3221988864
3222628864
3223524864
3220960256
3217376256
3221216256
3220960256
3222500864
3221216256
3222244864
3220448256
3204507648
3220448256
3220704256
3223012864
3218912256
3213280256
3220704256
3218912256
3221988864
3218656256
3220704256
3219424256
3212699648
3221476864
3218656256
3220704256
3218400256
3206555648
3220704256
3219680256
3222500864
3217632256
3196375040
3220960256
3217376256
3222500864
3220704256
3196375040
3218912256
3221476864
3221988864
3218144256
3204507648
3220960256
3218144256
3222500864
3218400256
3204507648
3220704256
3221216256
3220704256
3218400256
3204507648
3220960256
3220704256
3222500864
3218656256
3217120256
3219936256
3216864256
3221732864
3219168256
3223012864
3219936256
3204507648
3221348864
3220448256
3222756864
3219680256
3217632256
3219424256
3214816256
3221476864
3219936256
3221732864
3220704256
3212699648
3221476864
3221988864
3223012864
3218656256
3212699648
3220448256
3222244864
3223524864
3219168256
3223012864
3219936256
3214816256
3221476864
3221988864
3223012864
3221988864
3212699648
3220704256
3220960256
3223524864
3221732864
3223012864
3223012864
3204507648
3222500864
3222116864
3224036864
3221860864
3224548864
3221988864
3217376256
3222756864
3216864256
3223908864
3221860864
3224036864
3223396864
3220704256
3224036864
3204507648
3224804864
3222500864
3225572864
3217120256
3225572864
3221216256
3216864256
3222372864
3220960256
3223652864
3221988864
3224036864
3221476864
3215328256
3220960256
3216864256
3221988864
3221988864
3223012864
3222116864
3212699648
3222372864
3212699648
3223268864
3219168256
3223908864
3217632256
3212699648
3216608256
3221860864
3222500864
3220192256
3218144256
3221988864
3162112000
3222500864
3218144256
3224548864
3216352256
3221988864
3217376256
3204507648
3217888256
3221348864
3222500864
3220192256
3221988864
3218400256
3204507648
3220960256
3220192256
3224036864
3217632256
3212699648
3218656256
3220960256
3222500864
3218144256
3218656256
3217888256
3221216256
3221732864
3221476864
3215584256
3221216256
3216864256
3222372864
3219680256
3222756864
3221348864
3196375040
3221732864
3220448256
3221348864
3222372864
3214304256
3221988864
3215840256
3223396864
3219680256
3223012864
3219680256
3212699648
3220192256
3221988864
3223012864
3222244864
3216608256
3222884864
3212699648
3224292864
3219168256
3225060864
3219680256
3217632256
3219680256
3216864256
3221860864
3223012864
3220192256
3223140864
3196375040
3222500864
3217120256
3224804864
3217632256
3218656256
3217888256
3222116864
3221860864
3221732864
3220192256
3221988864
3212699648
3221988864
3221476864
3221988864
3219936256
3206555648
3219936256
3218400256
3221988864
3218912256
3204507648
3218400256
3218144256
3220448256
3218656256
3204507648
3218400256
3215072256
3220704256
3215328256
3162112000
3216864256
3216608256
3216608256
3217632256
3162112000
3215840256
3213280256
3220704256
3210139648
3162112000
3210651648
3210139648
3214560256
3213536256
3206043648
3212699648
3162112000
3210139648
3201495040
3214560256
3202519040
3162112000
3162112000
3207579648
3162112000
3211163648
3162112000
3199447040
3162112000
3194642432
3201495040
3201495040
3181133824
3162112000
3162112000
3194642432
1014628352
3198423040
3162112000
1056059392
3162112000
1027309568
3185229824
1014628352
3162112000
1069124608
1052987392
1052987392
1014628352
1058560000
1066820608
1064704000
1073220608
1057536000
1063168000
1061120000
1052987392
1073220608
1066564608
1069124608
3223012864
1086062024
1091618532
1090530532
1092066632
3228389264
1079625616
1061120000
1050939392
1066308608
1088046024
1084526024
1099487190
1080649616
1105455290
1084462024
1103039240
1096610632
1090158024
1072196608
1078089216
1081417616
1077577216
1075657216
1077705216
1088366024
1095586632
1092770632
1089326024
1084974024
1076681216
1082286024
1085678024
1090882532
1090594532
1086574024
1089070024
1087342024
1062144000
1083374024
1084014024
3207067648
3207067648
3162112000
1062656000
1092002632
1067332608
3226725264
1065216000
3228389264
3225188864
3231433672
3245630280
1065216000
3229641672
3229157264
3199447040
3209627648
3199447040
1073220608
3228517264
3224292864
3237577672
3232329672
3221604864
3231625672
3230409672
3236041672
3233865672
3238174180
3236617672
3233545672
3230153672
1075913216
1066308608
1083182024
1083950024
1080137616
1084014024
3220704256
3216096256
3233737672
3232585672
3224164864
3232713672
3237641672
3235017672
3230601672
3232009672
3230089672
1060608000
1079369616
1088878024
1088878024
1092162632
1090094024
1085998024
1083182024
3215584256
3229285264
3234633672
3235209672
3225188864
3221988864
3225700864
3194642432
3210139648
1033650176
1079753616
1085998024
1090414024
1087534024
1087470024
1088238024
1076169216
1068612608
3229833672
3230345672
3235593672
3238302180
3231497672
3235273672
3229157264
3229157264
3209115648
3223780864
1082222024
1081161616
1084590024
1083630024
1065796608
3190546432
3224548864
3233161672
3232521672
3237321672
3240830280
3234185672
3234121672
3234761672
3234377672
3225188864
3232841672
3232265672
3231305672
3234889672
3235017672
3238718180
3235593672
3238526180
3237449672
3240862280
3239870280
3240734280
3240958280
3239358180
3241150280
3241854280
3240350280
3241118280
3241118280
3241118280
3240606280
3240318280
3239870280
3241214280
3242558280
3241950280
3242270280
3242654280
3242366280
3242398280
3242622280
3241918280
3243358280
3242942280
3244030280
3244350280
3244190280
3244830280
3242942280
3244382280
3242558280
3244446280
3242814280
3244318280
3244062280
3243934280
3244094280
3243710280
3244318280
3243966280
3245118280
3245118280
3246110380
3246410838
3246698838
3246618838
3246906838
3247274838
3246458838
3247370838
3245118280
3247242838
3243806280
3246858838
3240830280
3245982280
3238654180
3243870280
3242078280
3241022280
3243998280
3242942280
3246366380
3246618838
3247786838
3247882838
3248362838
3247770838
3246906838
3246490838
3243966280
3241630280
3239102180
3240030280
3238398180
3233481672
3235785672
3240478280
3240446280
3239358180
3243294280
3244222280
3244958280
3246618838
3246698838
3247498838
3246714838
3247402838
3246458838
3244702280
3243518280
3240542280
3233033672
3220960256
3226085264
3231497672
3235529672
3239326180
3241630280
3241086280
3242430280
3243550280
3244478280
3245246280
3246174380
3245982280
3246394838
3244254280
3245086280
3240894280
3242014280
3239358180
3236425672
3238878180
3240158280
3240126280
3240126280
3243262280
3241438280
3245950280
3244990280
3246394838
3246666838
3247226838
3247082838
3247210838
3247082838
3246046380
3242942280
3241886280
3238238180
3233993672
3238302180
3239102180
3239134180
3240254280
3243998280
3243966280
3246570838
3246810838
3247482838
3247914838
3247690838
3247658838
3247562838
3247146838
3246174380
3244222280
3242014280
3239166180
3235145672
3238238180
3241374280
3240158280
3240382280
3244830280
3244574280
3247786838
3247530838
3249194838
3248394838
3247146838
3247626838
3247226838
3246890838
3246890838
3246442838
3245310280
3242206280
3241950280
3238078180
3239806280
3241086280
3242910280
3244286280
3244990280
3247530838
3247994838
3249002838
3248362838
3247434838
3247530838
3247226838
3247162838
3247242838
3246698838
3246078380
3243966280
3243614280
3240958280
3242014280
3240222280
3241374280
3243134280
3244478280
3246890838
3247722838
3248682838
3248554838
3247354838
3247930838
3247914838
3247466838
3246810838
3246586838
3245726280
3245758280
3242846280
3242142280
3238302180
3238302180
3238462180
3240158280
3239934280
3243518280
3244990280
3246698838
3247642838
3247354838
3247914838
3246650838
3247434838
3247066838
3245982280
3244094280
3240382280
3236425672
3230473672
3236297672
3238558180
3237641672
3239326180
3240990280
3242398280
3243422280
3244702280
3244670280
3245566280
3246634838
3246142380
3246570838
3245310280
3245214280
3241790280
3237641672
3232201672
3230473672
3238558180
3238110180
3239070180
3240990280
3241246280
3241630280
3242558280
3242846280
3244158280
3244126280
3244606280
3244190280
3244382280
3241918280
3243198280
3239870280
3241502280
3240862280
3239582280
3240670280
3241918280
3241374280
3241918280
3244126280
3244830280
3245470280
3246986838
3246206380
3247274838
3246778838
3246954838
3246270380
3244638280
3242526280
3237641672
3234825672
3232201672
3239710280
3241054280
3240222280
3242302280
3242686280
3245982280
3247338838
3248106838
3248330838
3247482838
3247322838
3246302380
3247578838
3245470280
3244990280
3242110280
3241150280
3238302180
3236169672
3241886280
3242142280
3240894280
3245758280
3245246280
3248490838
3248298838
3248074838
3248170838
3247226838
3247658838
3247370838
3247210838
3247082838
3246842838
3246698838
3245342280
3246794838
3244158280
3244990280
3243358280
3244126280
3244894280
3246366380
3246970838
3247610838
3247978838
3248106838
3247578838
3247354838
3247914838
3247498838
3247210838
3247370838
3246458838
3246618838
3247082838
3246890838
3246698838
3246014380
3247018838
3246602838
3247018838
3247002838
3246142380
3246522838
3246650838
3246826838
3246506838
3246366380
3245726280
3244478280
3244958280
3244190280
3244702280
3243262280
3241150280
3241982280
3241406280
3241822280
3244894280
3244446280
3246906838
3246586838
3247818838
3247354838
3247114838
3247418838
3247018838
3245470280
3243710280
3241726280
3239454280
3234505672
3234761672
3238558180
3239198180
3238846180
3242142280
3242590280
3245598280
3246014380
3246714838
3247530838
3247466838
3247338838
3246938838
3246014380
3244510280
3242078280
3239038180
3231945672
3231177672
3238462180
3237897672
3238654180
3242558280
3242910280
3244414280
3244606280
3247082838
3247466838
3247930838
3247530838
3246954838
3246570838
3243966280
3244350280
3238430180
3239422180
3235017672
3234505672
3239774280
3239870280
3240542280
3242654280
3245086280
3246410838
3247722838
3248074838
3247354838
3247450838
3246794838
3247466838
3246442838
3244542280
3244382280
3241534280
3240830280
3238206180
3238814180
3240478280
3240446280
3242462280
3243966280
3246874838
3247626838
3248602838
3248218838
3246906838
3247514838
3247226838
3246762838
3246922838
3245982280
3245214280
3242750280
3242526280
3239358180
3240158280
3238878180
3241630280
3243422280
3244702280
3247242838
3247226838
3248410838
3247482838
3247658838
3247786838
3247530838
3246778838
3246602838
3246522838
3243966280
3244702280
3241822280
3242910280
3239454280
3238334180
3240670280
3240382280
3243422280
3244574280
3247082838
3247354838
3247226838
3247722838
3246890838
3247690838
3247306838
3246046380
3245086280
3243198280
3241374280
3238718180
3236297672
3235465672
3235593672
3239166180
3240158280
3242398280
3244094280
3244222280
3246890838
3246938838
3247402838
3246826838
3246366380
3245982280
3241918280
3241630280
3233993672
3231113672
3231689672
3231817672
3235273672
3236105672
3238622180
3240222280
3240638280
3242622280
3243710280
3244958280
3244958280
3244606280
3244190280
3243774280
3241886280
3239454280
3233801672
3233737672
3235657672
3238942180
3238366180
3237641672
3239710280
3238590180
3241118280
3240894280
3240510280
3242238280
3240894280
3242910280
3240382280
3239870280
3238558180
3238302180
3239070180
3238974180
3239070180
3239902280
3239102180
3240574280
3241502280
3241886280
3242142280
3239870280
3242782280
3241374280
3242782280
3242910280
3241662280
3242302280
3241918280
3242814280
3240990280
3242398280
3242398280
3241918280
3242622280
3243422280
3243422280
3243294280
3242430280
3243710280
3244830280
3243006280
3243710280
3243454280
3243838280
3245022280
3243806280
3244766280
3244222280
3245150280
3243614280
3245406280
3244958280
3245118280
3245086280
3245086280
3243806280
3245054280
3244062280
3245214280
3244126280
3244094280
3243966280
3245054280
3244318280
3245598280
3243966280
3245310280
3244318280
3245470280
3244446280
3242942280
3243934280
3242718280
3243678280
3243070280
3241150280
3242558280
3241214280
3242494280
3242046280
3241662280
3242110280
3241918280
3243230280
3241950280
3242942280
3243166280
3243806280
3243422280
3243166280
3241406280
3241246280
3239646280
3241598280
3241246280
3241758280
3242142280
3242046280
3243550280
3242910280
3243422280
3242526280
3240894280
3241694280
3241054280
3241630280
3240574280
3241150280
3240030280
3239710280
3242398280
3242014280
3241406280
3244158280
3243454280
3244670280
3244446280
3245726280
3244478280
3243198280
3244158280
3242686280
3243358280
3242366280
3242398280
3242270280
3241182280
3241534280
3241918280
3242270280
3243038280
3244926280
3245694280
3244542280
3246366380
3246634838
3245982280
3245470280
3246366380
3244446280
3243070280
3245086280
3244926280
3244382280
3245022280
3244094280
3244446280
3244606280
3244926280
3245790280
3245982280
3245790280
3244478280
3245662280
3244830280
3246634838
3246174380
3244478280
3246238380
3246970838
3246442838
3245790280
3246570838
3246410838
3244734280
3246174380
3246174380
3246506838
3246554838
3246570838
3246270380
3246014380
3246538838
3244126280
3247018838
3246142380
3244990280
3247018838
3247114838
3246366380
3246634838
3246142380
3246634838
3244254280
3247210838
3246698838
3245502280
3247018838
3246762838
3247082838
3246954838
3246014380
3246810838
3246014380
3246954838
3246730838
3245246280
3246334380
3246794838
3245854280
3246046380
3244222280
3245086280
3244318280
3244958280
3244318280
3242686280
3243870280
3243230280
3243518280
3243422280
3243806280
3244222280
3242174280
3244574280
3244286280
3245214280
3245214280
3245214280
3243998280
3242942280
3242974280
3243742280
3240606280
3241662280
3235273672
3238078180
3233545672
3235337672
3237769672
3240606280
3240670280
3241918280
3244702280
3244574280
3247338838
3246906838
3246014380
3246366380
3243966280
3243390280
3240286280
3239582280
3230409672
3218912256
3237385672
3237001672
3237577672
3240606280
3240126280
3244062280
3243550280
3247210838
3247018838
3246394838
3246762838
3246142380
3246046380
3245022280
3243934280
3242270280
3236617672
3236297672
3231369672
3234505672
3239358180
3240222280
3241246280
3242430280
3245470280
3246238380
3247946838
3247466838
3246954838
3246826838
3246014380
3245470280
3245150280
3244638280
3243678280
3241438280
3241470280
3239358180
3239390180
3241758280
3241246280
3244638280
3244894280
3247306838
3247226838
3247626838
3247386838
3247722838
3247194838
3246238380
3246570838
3246142380
3245854280
3246698838
3245982280
3246394838
3246506838
3246426838
3245246280
3247114838
3246890838
3247210838
3247530838
3247146838
3246762838
3246986838
3246954838
3246014380
3247082838
3246458838
3246858838
3246970838
3247386838
3247050838
3246954838
3247050838
3246014380
3247306838
3247034838
3247322838
3247626838
3247338838
3246714838
3246938838
3246762838
3244734280
3246762838
3244414280
3246826838
3245406280
3246634838
3244894280
3244798280
3245310280
3244478280
3245214280
3246394838
3245342280
3246746838
3244094280
3246490838
3243966280
3245790280
3244574280
3245598280
3243422280
3244446280
3241886280
3241918280
3239838280
3240894280
3239838280
3242366280
3241438280
3243902280
3243038280
3246810838
3244990280
3247082838
3246762838
3246890838
3246506838
3244894280
3244350280
3240894280
3239262180
3235017672
3231049672
3235913672
3236105672
3238078180
3239294180
3242718280
3243550280
3246110380
3246810838
3246842838
3246874838
3246506838
3246442838
3245150280
3242846280
3242078280
3238398180
3237001672
3233545672
3238302180
3240606280
3236617672
3242142280
3242942280
3246410838
3247050838
3247818838
3247434838
3246142380
3246890838
3245246280
3245726280
3243294280
3242910280
3239870280
3238686180
3235529672
3234569672
3239646280
3241310280
3243294280
3246366380
3246858838
3247786838
3247226838
3247210838
3247882838
3246954838
3245246280
3244478280
3243518280
3243838280
3243678280
3243838280
3241950280
3242846280
3241662280
3244190280
3242590280
3246666838
3245758280
3247226838
3247354838
3246954838
3247722838
3247514838
3246014380
3246426838
3246602838
3245470280
3246110380
3244670280
3245214280
3243806280
3244958280
3244606280
3242910280
3244734280
3241406280
3245534280
3242270280
3246954838
3244574280
3246922838
3246986838
3246014380
3247018838
3245214280
3246826838
3245118280
3243966280
3244478280
3240382280
3240830280
3236169672
3238686180
3238558180
3237705672
3240350280
3241118280
3243870280
3244958280
3247146838
3246874838
3246586838
3247306838
3246682838
3245534280
3244574280
3242142280
3238814180
3225188864
3222244864
3227877264
3237321672
3236873672
3237833672
3239646280
3238846180
3241022280
3241886280
3243422280
3244030280
3244318280
3245150280
3243966280
3243998280
3242174280
3240990280
3237129672
3228645264
3223140864
3234441672
3235529672
3227237264
3237833672
3239582280
3238174180
3239582280
3238846180
3239710280
3239870280
3239678280
3240222280
3238238180
3238078180
3237641672
3236553672
3238686180
3238238180
3236489672
3235593672
3238142180
3236617672
3238558180
3238814180
3238366180
3238974180
3238846180
3239710280
3239806280
3239838280
3240030280
3235593672
3239582280
3239774280
3238558180
3238078180
3238078180
3239806280
3239934280
3240222280
3238814180
3240606280
3239518280
3237641672
3239326180
3239678280
3240734280
3241310280
3239870280
3244254280
3242494280
3244830280
3243358280
3243774280
3243038280
3242526280
3242142280
3241726280
3238910180
3240414280
3233865672
3236489672
3240574280
3238334180
3240606280
3241758280
3244446280
3245630280
3247370838
3247594838
3247482838
3247466838
3247162838
3246366380
3245342280
3243454280
3240990280
3238366180
3230281672
3226469264
3236105672
3239038180
3233225672
3240606280
3243742280
3240382280
3245470280
3242814280
3246826838
3244094280
3246794838
3243038280
3243454280
3239838280
3240606280
3231113672
3231817672
3235081672
3236041672
3231497672
3236553672
3240350280
3238526180
3239838280
3237641672
3238654180
3239486280
3238686180
3238046180
3235593672
3235145672
3231497672
3236425672
3232585672
3232329672
3236041672
3231497672
3231433672
3228901264
3231433672
3226725264
3226213264
3228389264
3221216256
3228645264
3227621264
3162112000
3228005264
1072452608
3227877264
3209115648
3162112000
3197399040
1071172608
1014628352
1080265616
1069380608
1083502024
1079625616
1076169216
3227365264
3199447040
3230281672
3223012864
3218656256
3162112000
1067332608
1080777616
1082478024
1086638024
1091586532
1093282632
1092962632
1086062024
1085614024
1085742024
1070148608
1058560000
3230409672
3232457672
3208091648
1062144000
1071172608
1075657216
1088558024
1082542024
1077449216
1082990024
1082478024
1084974024
1088366024
1070148608
1091362532
1087278024
1084014024
1074889216
3162112000
3231689672
3218400256
3221732864
3212699648
3224036864
3196375040
1067844608
1062144000
1073220608
1066308608
1056059392
1048891392
1072964608
3199447040
1082862024
3217120256
1087854024
3223140864
1078601616
3232009672
3227109264
3229897672
3237961672
3230793672
3222116864
3233289672
3230985672
3231689672
3190546432
3224548864
1082057616
1083182024
1084014024
1084718024
1083374024
1074377216
1069380608
3232841672
3229961672
3240926280
3239038180
3237577672
3233161672
3231305672
3209115648
1078601616
1078857616
1091842532
1095458632
1088750024
1086318024
1095202632
1091298532
1084910024
1092866632
1081417616
1085934024
1078217216
1083246024
1073220608
1078857616
3162112000
1074121216
3199447040
1084142024
1076169216
1095938632
1091394532
1096290632
1096610632
1096674632
1096226632
1094914632
1094914632
1091618532
1091618532
1090594532
1084974024
1090818532
1091874532
1091330532
1090658532
1082926024
1094946632
1098146632
1098498632
1100863190
1101359190
1102575240
1102911240
1102175240
1101327190
1102287240
1099663190
1092098632
1093730632
1092642632
1092386632
1097890632
1099087190
1096002632
1099599190
1099615190
1099807190
1101151190
1102303240
1104591240
1104079240
1103871240
1102239240
1102671240
1102543240
1099327190
1099983190
1100127190
1100511190
1101759190
1101215190
1100239190
1100511190
1099823190
1099615190
1099487190
1099727190
1099103190
1096546632
1098530732
1096994632
1098498632
1096322632
1072964608
1100383190
1099887190
1102031240
1102047240
1096482632
1102175240
1097890632
1100751190
1099855190
1093794632
1100143190
1094754632
1099807190
1096226632
1099599190
1097570632
1095330632
1098530732
1095970632
1099711190
1098306632
1097346632
1099487190
1097122632
1099359190
1098658732
1100751190
1099311190
1097058632
1101151190
1099519190
1100239190
1100911190
1098306632
1094818632
1098786732
1095714632
1098975190
1097986632
1100063190
1097186632
1099743190
1099807190
1100831190
1101679190
1101775190
1101727190
1100847190
1101295190
1101887190
1101519190
1100783190
1100927190
1100767190
1100719190
1100959190
1102351240
1102799240
1101631190
1101999240
1102687240
1103247240
1102639240
1103263240
1103135240
1102847240
1103567240
1102367240
1101983190
1102175240
1101695190
1102367240
1101151190
1103311240
1102895240
1102655240
1102943240
1103263240
1103327240
1103711240
1103311240
1101759190
1102703240
1101423190
1102351240
1101855190
1102447240
1103439240
1102831240
1103055240
1102879240
1103071240
1102943240
1103039240
1103823240
1103039240
1103215240
1101855190
1101759190
1102047240
1100863190
1102799240
1100655190
1102783240
1101087190
1102239240
1101791190
1102815240
1102543240
1102239240
1102815240
1102559240
1102111240
1102431240
1102239240
1102287240
1101663190
1100639190
1101663190
1100463190
1102799240
1100655190
1101903190
1100255190
1101791190
1099551190
1101135190
1099599190
1101535190
1099583190
1101167190
1099839190
1102287240
1099823190
1101135190
1099695190
1101183190
1099999190
1101151190
1101007190
1101135190
1101119190
1101039190
1101263190
1101583190
1101215190
1101775190
1101087190
1100975190
1100831190
1100799190
1100735190
1100511190
1100751190
1100415190
1100383190
1100447190
1100511190
1100511190
1100895190
1101519190
1100863190
1101007190
1100399190
1100271190
1099487190
1098402632
1093922632
1087406024
1088046024
1082862024
1076937216
1078729616
3210651648
1073220608
3209627648
1073220608
1076681216
1083694024
1081801616
1074633216
3212699648
3214560256
3214048256
3214560256
3214816256
3162112000
3213792256
3162112000
3217376256
1052987392
3211163648
1058048000
3162112000
3162112000
3185229824
3214560256
3162112000
3174793216
3206555648
3162112000
3212187648
3207067648
3217632256
3206043648
3217632256
3207067648
3162112000
3207067648
3213792256
3212187648
3211675648
3213536256
3207067648
3162112000
3206555648
3211675648
3213536256
3207579648
3208091648
3203543040
3162112000
3209115648
3208091648
3214304256
3206043648
3212187648
3204507648
3162112000
3206043648
3162112000
3213024256
3205531648
3212187648
3208091648
3162112000
3204507648
3162112000
3207067648
3207067648
3214560256
3207579648
3208091648
3209627648
3162112000
3211163648
3162112000
3214560256
3210651648
3213024256
3214560256
3214560256
3213536256
3206043648
3213536256
3162112000
3214560256
3214816256
3220192256
3210139648
3214560256
3211675648
3162112000
3216096256
3213024256
3219680256
3215072256
3174793216
3215584256
3204507648
3215072256
3212699648
3218656256
3208091648
3192594432
3215584256
3162112000
3215072256
3212187648
3214560256
3213536256
3162112000
3214560256
3213536256
3216608256
3213536256
3211163648
3213536256
3162112000
3212187648
3212187648
3218400256
3208603648
3204507648
3210139648
3162112000
3214304256
3213536256
3215328256
3212187648
3194642432
3213024256
3162112000
3212699648
3210139648
3216608256
3208091648
3162112000
3211675648
3210139648
3216096256
3213792256
3162112000
3213024256
3212187648
3214560256
3213536256
3212187648
3208603648
3162112000
3211675648
3211163648
3216608256
3209115648
3162112000
3208091648
3206555648
3215072256
3210651648
3214048256
3207067648
3162112000
3209115648
3211163648
3216352256
3211675648
3201495040
3212187648
3162112000
3214048256
3210651648
3216608256
3209627648
3214560256
3209115648
3162112000
3213024256
3213280256
3215584256
3211163648
3208091648
3207579648
3208603648
3212699648
3213024256
3214560256
3213536256
3162112000
3216096256
3211163648
3216096256
3213280256
3162112000
3213536256
3213536256
3216608256
3214560256
3162112000
3213792256
3210139648
3219680256
3211163648
3162112000
3212187648
3214560256
3216608256
3215328256
3162112000
3214560256
3216096256
3216608256
3216608256
3162112000
3218144256
3214560256
3218656256
3217120256
3162112000
3217376256
3216608256
3218656256
3219680256
3212187648
3219424256
3204507648
3221476864
3214560256
3218656256
3217888256
3162112000
3215584256
3218400256
3216608256
3218656256
3162112000
3218400256
3215072256
3218656256
3218144256
3181133824
3215840256
3215584256
3217632256
3214560256
3206555648
3212187648
3196375040
3215584256
3213792256
3216608256
3215072256
3162112000
3214304256
3214048256
3217632256
3214304256
3206043648
3214048256
3212699648
3217120256
3214560256
3217632256
3214048256
3162112000
3214304256
3215072256
3215584256
3215584256
3213536256
3215072256
3162112000
3214816256
3214304256
3214048256
3214560256
3207067648
3212187648
3212699648
3216096256
3212187648
3216608256
3212187648
3162112000
3213536256
3212187648
3216608256
3213280256
3162112000
3213024256
3214304256
3212187648
3216096256
3162112000
3212699648
3214048256
3214560256
3214816256
3200471040
3214560256
3208603648
3216608256
3213536256
3185229824
3213536256
3213280256
3214560256
3213536256
3210139648
3213024256
3204507648
3215328256
3213536256
3212187648
3213536256
3162112000
3214816256
3212187648
3215584256
3214560256
3162112000
3213792256
3162112000
1014628352
3223780864
3162112000
3214816256
3213024256
3216608256
3215584256
3162112000
3214304256
3214048256
3212187648
3215072256
3208603648
3216096256
3215072256
3198423040
3215072256
3213792256
3216096256
3214816256
3207067648
3213536256
3212699648
3216608256
3214560256
3162112000
3213536256
3215328256
3215840256
3215584256
3203543040
3214304256
3212699648
3216608256
3214560256
3210139648
3213280256
3212699648
3214304256
3214816256
3214048256
3213536256
3162112000
3211675648
3213536256
3214048256
3218144256
3199447040
3213536256
3162112000
3214304256
3214560256
3213536256
3214560256
3162112000
3214560256
3212187648
3212187648
3215584256
3203543040
3212187648
3204507648
3213536256
3210651648
3212187648
3208091648
3162112000
3212187648
3162112000
1014628352
3221348864
3162112000
3208091648
3162112000
1048891392
3222244864
3162112000
3210139648
3209115648
3203543040
3197399040
3162112000
3174793216
3199447040
1061120000
3220704256
3162112000
3210139648
3207067648
3207067648
1049915392
1077577216
3216096256
3211163648
3208091648
3185229824
3190546432
3198423040
3162112000
3174793216
3213280256
3206043648
3199447040
3162112000
1060096000
3162112000
3203543040
3218656256
3162112000
3194642432
1058048000
3210139648
3218144256
1072196608
1057536000
1051963392
3212187648
3203543040
1066820608
3220192256
3208603648
3199447040
1058560000
3190546432
3216352256
3162112000
3185229824
1059072000
3212187648
3199447040
1071940608
3206043648
3220960256
3208091648
3213536256
3212187648
3162112000
1069124608
3190546432
3162112000
1041014784
3208091648
3194642432
3208603648
1071172608
3220960256
3162112000
3194642432
3222756864
3201495040
3162112000
1064704000
3218400256
1048891392
1048891392
3222372864
3204507648
3214048256
3213024256
3208091648
1049915392
1069124608
3219424256
1055035392
3194642432
3224548864
3162112000
3213536256
3162112000
3199447040
3201495040
1071172608
3223268864
3213536256
3212187648
3211163648
1071172608
1058048000
3194642432
3203543040
3181133824
1070916608
3224804864
1061120000
3194642432
3223012864
3162112000
3199447040
1050939392
1041014784
3194642432
1059072000
3221216256
3204507648
3213024256
3162112000
1069124608
3188498432
3162112000
1057536000
3205531648
3162112000
3220448256
1057024000
1057024000
1048891392
3162112000
3203543040
1065216000
3212187648
3194642432
1073220608
3162112000
3185229824
3203543040
3205019648
1072196608
1033650176
1057024000
1048891392
1057024000
3162112000
3203543040
1065540608
1014628352
1055035392
1071172608
1051963392
1057024000
3203543040
3194642432
1073220608
1050939392
1048891392
1014628352
1057024000
1068612608
1055035392
1055035392
1014628352
1055035392
1061120000
1054011392
1064704000
1041014784
1055035392
1048891392
1054011392
1060608000
1041014784
3162112000
1066052608
1048891392
1051963392
1014628352
1052987392
1071172608
1050939392
1048891392
3194642432
1058560000
1072196608
1050939392
1048891392
3199447040
1058560000
1069124608
1052987392
1052987392
1057024000
1056059392
1052987392
1014628352
1057024000
1069124608
1052987392
3206043648
3206555648
1054011392
3212699648
1057024000
1052987392
1071172608
1059072000
3205531648
3224036864
3200471040
3162112000
1057536000
1047158784
3194642432
1058560000
1072196608
1054011392
3207067648
3208091648
1052987392
3162112000
1065216000
1054011392
3162112000
3162112000
1062656000
1037746176
3210651648
3208603648
3207067648
3162112000
1048891392
1050939392
1069124608
1057024000
3174793216
3203543040
1063168000
1072196608
1050939392
3199447040
3199447040
1064192000
3204507648
1062656000
1048891392
1057024000
1059072000
1064704000
1048891392
1057536000
1048891392
1057536000
1060608000
1048891392
1055035392
1052987392
1057024000
1071172608
1054011392
3199447040
3203543040
1066564608
3162112000
3162112000
1055035392
3190546432
1054011392
1041014784
1048891392
3162112000
3162112000
3162112000
3207067648
1048891392
3162112000
3162112000
3185229824
3201495040
3174793216
3162112000
3162112000
3185229824
3194642432
3201495040
1067076608
3181133824
3162112000
3203543040
3199447040
3162112000
3190546432
3201495040
3208091648
3209115648
3208603648
3181133824
1063168000
3201495040
3174793216
3162112000
3190546432
3209115648
3218144256
1063168000
3162112000
3199447040
3162112000
3207067648
3208091648
3220704256
3194642432
1073220608
3194642432
3162112000
1041014784
3199447040
3162112000
3211163648
3221348864
3206043648
1066820608
3162112000
3185229824
3162112000
3162112000
3196375040
3185229824
3213536256
3215072256
1073220608
3192594432
3185229824
3203543040
3214816256
1075529216
3162112000
3185229824
1014628352
3194642432
1068868608
3162112000
3174793216
3199447040
3162112000
3162112000
1048891392
3162112000
1014628352
3162112000
1067588608
1048891392
1052987392
1033650176
3162112000
1065540608
1049915392
1056059392
1041014784
1048891392
1052987392
1050939392
3162112000
1056059392
1049915392
1014628352
1055035392
1062144000
1055035392
1067076608
1043062784
1048891392
1041014784
3174793216
1071172608
1050939392
1045110784
1014628352
3185229824
1069124608
3162112000
1051963392
1014628352
3162112000
1057024000
3162112000
3162112000
1041014784
3194642432
3211163648
1067332608
3162112000
1048891392
1050939392
3185229824
3209115648
1069124608
3194642432
3162112000
1014628352
3190546432
3181133824
3220704256
3188498432
1065796608
3162112000
3162112000
1014628352
3203543040
3220704256
3162112000
1075529216
3162112000
1048891392
3203543040
3209115648
1074505216
3203543040
3204507648
3221988864
3217120256
3194642432
1066820608
3162112000
3221476864
3210651648
3212187648
1066052608
3162112000
3213536256
3220704256
3218656256
3216352256
3162112000
1057024000
3198423040
3210139648
3219168256
3162112000
3222756864
3212699648
3214816256
3220704256
3203543040
1066308608
3162112000
3222756864
3215840256
3216096256
1060608000
3174793216
3223012864
3206043648
3194642432
3224292864
3220448256
3217120256
3162112000
1064704000
3199447040
3212187648
3223396864
3220704256
3220192256
3204507648
3206043648
1067332608
3211163648
3222756864
3208091648
1062656000
3162112000
3223908864
3206043648
1014628352
3224036864
3162112000
1066052608
3201495040
3212187648
3222756864
3200471040
3219680256
3200471040
1063168000
3200471040
3218912256
3197399040
1067076608
3211675648
3220704256
3194642432
1062144000
3162112000
3223396864
3215072256
3194642432
1067076608
3202519040
3222756864
3188498432
1068100608
3199447040
3204507648
1061120000
3205019648
3222884864
3214304256
3162112000
1065216000
3162112000
3208091648
3221216256
3162112000
3198423040
1066564608
3208091648
3221216256
3162112000
1065796608
3190546432
3209115648
3221988864
3162112000
3215072256
3190546432
1065216000
3205019648
3212699648
3181133824
1065216000
3208091648
3222372864
3162112000
3218656256
3174793216
1067332608
3205019648
3220960256
3214560256
3192594432
1065216000
3205019648
3212699648
3214560256
3190546432
1048891392
3223652864
3204507648
3197399040
1048891392
3224548864
3216352256
3162112000
3181133824
1065796608
3214560256
3222756864
3162112000
3217632256
3218144256
3216608256
3174793216
1076041216
3210139648
3201495040
1033650176
3227621264
3213536256
3221216256
3216864256
3221604864
3218656256
3212699648
3216096256
3162112000
1057024000
3213024256
3224804864
3217120256
3222628864
3223012864
3221216256
3212699648
3219168256
3220192256
3220704256
3162112000
1075529216
3212187648
3225700864
3221988864
3222372864
3212699648
3221988864
3218656256
3216608256
3218656256
3216352256
3203543040
1065216000
3162112000
3224292864
3206043648
3162112000
3229769672
3214816256
3224036864
3221732864
3196375040
3218912256
3218400256
3218656256
3162112000
1073220608
3208603648
3211675648
1057024000
3226725264
3204507648
3220704256
3218400256
3216608256
3217632256
3196375040
3185229824
1068100608
3203543040
3222756864
3214816256
3216608256
3217888256
3181133824
3185229824
1067332608
3212187648
3223524864
3162112000
3218656256
3216864256
3215584256
3188498432
1074505216
3203543040
3219936256
3203543040
3217632256
3162112000
3192594432
1067332608
3199447040
3222500864
3208603648
3217632256
3218400256
3213024256
3209115648
3162112000
1061120000
3181133824
3219168256
3212187648
3208603648
3218656256
3210139648
3194642432
1066820608
3162112000
3223524864
3212699648
3216608256
3216864256
3162112000
3206043648
1049915392
3222756864
3213280256
3162112000
3162112000
1064704000
3216608256
3222884864
3162112000
3220704256
3218656256
3220704256
3214048256
3212699648
3217120256
3209627648
3162112000
1066052608
3203543040
3225060864
3216352256
3206555648
3217376256
3217888256
3221732864
3214560256
3162112000
3217376256
3214304256
3216608256
3212699648
3217632256
3216608256
3217120256
3162112000
3218656256
3216096256
3220192256
3217632256
3212699648
3221216256
3218656256
3218656256
3219168256
3221732864
3223012864
3220960256
3214816256
3219680256
3222244864
3222756864
3219168256
3206555648
3220704256
3221216256
3223524864
3221988864
3217888256
3222756864
3222884864
3213792256
3220960256
3222372864
3224804864
3221476864
3217888256
3224676864
3222500864
3214816256
3221860864
3222500864
3224804864
3221988864
3216864256
3223908864
3223012864
3215328256
3222116864
3223012864
3224548864
3221348864
3212699648
3223012864
3222116864
3221988864
3221988864
3220960256
3223012864
3223396864
3215840256
3221476864
3223012864
3224036864
3220704256
3206555648
3222244864
3221732864
3223012864
3221732864
3213792256
3222244864
3221348864
3223012864
3218656256
3206555648
3221732864
3219680256
3223012864
3218656256
3204507648
3220704256
3219680256
3223524864
3218144256
3198423040
3220192256
3219168256
3222500864
3218656256
3212699648
3221476864
3218912256
3212699648
3216608256
3219680256
3223012864
3218912256
3196375040
3218656256
3220448256
3221988864
3218656256
3212699648
3221216256
3218144256
3213792256
3218912256
3219168256
3224548864
3218656256
3196375040
3220704256
3219680256
3213536256
3218656256
3220448256
3222500864
3218656256
3204507648
3219680256
3219936256
3223012864
3218144256
3204507648
3220960256
3221476864
3221988864
3217632256
3212699648
3221216256
3219680256
3223012864
3220192256
3212699648
3221476864
3220704256
3219168256
3218656256
3218912256
3222244864
3219680256
3208603648
3221216256
3221988864
3221988864
3218912256
3206555648
3220448256
3221988864
3223524864
3219680256
3204507648
3222500864
3221348864
3223012864
3220960256
3204507648
3222244864
3220704256
3223012864
3221476864
3215840256
3222500864
3221988864
3223780864
3220704256
3212699648
3220704256
3222500864
3221476864
3221988864
3206555648
3223012864
3221604864
3224036864
3221988864
3212699648
3222756864
3223268864
3223012864
3224036864
3216608256
3223780864
3214816256
3224292864
3222628864
3226597264
3222500864
3216864256
3221476864
3224292864
3224292864
3222500864
3220960256
3221732864
3221348864
3223268864
3222500864
3221988864
3222756864
3212699648
3222500864
3222500864
3223012864
3222244864
3204507648
3221604864
3222244864
3221988864
3223012864
3204507648
3222500864
3219680256
3224548864
3219936256
3212699648
3220192256
3221476864
3224036864
3220704256
3204507648
3219680256
3221604864
3223012864
3219424256
3213280256
3218400256
3221604864
3220704256
3221476864
3215328256
3221988864
3212699648
3222756864
3217632256
3223780864
3218144256
3208603648
3219168256
3221348864
3222500864
3220704256
3204507648
3221476864
3220704256
3223012864
3219680256
3212699648
3221216256
3220192256
3221988864
3218656256
3219424256
3223012864
3219424256
3213792256
3219680256
3221988864
3221988864
3222756864
3216608256
3222244864
3214816256
3223140864
3219680256
3222500864
3220192256
3216864256
3221988864
3221988864
3220448256
3221476864
3216864256
3223012864
3219936256
3223908864
3220448256
3212699648
3222884864
3221216256
3225060864
3220960256
3208603648
3222116864
3223012864
3223524864
3222500864
3213792256
3223012864
3221476864
3224036864
3221860864
3219680256
3222116864
3222500864
3223012864
3221604864
3212699648
3221988864
3219936256
3224548864
3219424256
3213792256
3220192256
3222500864
3223012864
3221476864
3216864256
3220704256
3221860864
3210651648
3220192256
3220960256
3221988864
3221860864
3204507648
3221860864
3216096256
3223012864
3215072256
3214816256
3217888256
3217632256
3200471040
3215072256
3219168256
3217632256
3218656256
3188498432
3220192256
3212187648
3213280256
3213024256
3214816256
3217632256
3214048256
3162112000
3212187648
3211163648
3217632256
3212187648
3162112000
3212187648
3205531648
3216096256
3210139648
3162112000
3206555648
3208091648
3211675648
3208091648
3162112000
3210139648
3162112000
3212187648
3162112000
3162112000
1045110784
3209627648
1066052608
3210651648
1060608000
3209115648
1043062784
3162112000
1050939392
3162112000
3203543040
3181133824
1068100608
1052987392
3174793216
1014628352
3174793216
1071172608
3162112000
1057536000
3207067648
1065796608
3162112000
1068356608
3202519040
1065216000
3212187648
1077577216
3199447040
1068356608
1048891392
1057024000
1074505216
3162112000
1072196608
3215584256
1074249216
3205531648
1075145216
3196375040
1071684608
3162112000
1057024000
1067332608
1077065216
1095266632
1095586632
1095266632
1100175190
1101215190
1098927190
1093122632
1072452608
3234889672
3226597264
3236041672
1093378632
1090594532
3229897672
1100415190
1094530632
1096418632
1097538632
1092354632
1095906632
1087214024
1082990024
1057536000
3162112000
1089134024
3231497672
1087598024
1084782024
1075017216
1082478024
3224676864
1081033616
1068356608
1078985616
1088366024
1077577216
1082862024
1086510024
1073476608
1054011392
3204507648
3222500864
3225060864
3238558180
3230857672
3234057672
3240222280
3238110180
3238238180
3242654280
3240350280
3236233672
3231497672
3231177672
3228261264
1060096000
3211163648
3162112000
1049915392
3233993672
3228133264
3232649672
3228261264
3217632256
3221860864
3231689672
3226853264
3225188864
3232393672
3227109264
3231945672
3215584256
3162112000
1077449216
1079753616
1077705216
1070404608
1066308608
3227749264
3229285264
3236233672
3230985672
3221732864
3224036864
3225700864
3199447040
3222372864
3194642432
1063168000
1081673616
1086638024
1090530532
1084526024
1086702024
1083694024
1077065216
3224804864
3230409672
3235785672
3238174180
3233097672
3181133824
3221988864
3224292864
3208091648
3210139648
1067076608
1073865216
1085934024
1082222024
1071428608
1082990024
1071428608
3162112000
3217632256
3238398180
3236297672
3236937672
3233673672
3238046180
3230665672
3234697672
3230793672
3225060864
3220448256
3224164864
1070916608
3218144256
3220704256
1055035392
3220960256
3230409672
3235785672
3238238180
3236041672
3231497672
3238462180
3237641672
3234633672
3240222280
3238974180
3238046180
3233545672
3240190280
3240638280
3239070180
3239998280
3239870280
3240510280
3239038180
3242142280
3241886280
3240894280
3241982280
3239774280
3243422280
3241694280
3241822280
3242494280
3239870280
3241982280
3242430280
3241886280
3242910280
3241982280
3242526280
3241918280
3243198280
3241470280
3244446280
3243582280
3243966280
3244254280
3244734280
3245214280
3245566280
3245726280
3245790280
3243966280
3245822280
3243326280
3244958280
3242398280
3243038280
3240894280
3239870280
3242846280
3243294280
3244254280
3245790280
3244990280
3247466838
3246714838
3248362838
3248154838
3247850838
3247626838
3247290838
3246842838
3245246280
3244830280
3240094280
3241630280
3233481672
3239454280
3242142280
3240894280
3244830280
3246014380
3247754838
3248330838
3248938838
3248106838
3247626838
3247546838
3246826838
3244926280
3242942280
3243166280
3241118280
3241374280
3240030280
3239134180
3238238180
3238334180
3241854280
3241534280
3244830280
3244638280
3247466838
3247402838
3247994838
3247978838
3244478280
3246410838
3244510280
3243550280
3243038280
3241086280
3239678280
3230473672
3231753672
3239806280
3239582280
3239070180
3240862280
3242750280
3241918280
3244574280
3245502280
3246730838
3247274838
3247626838
3247642838
3246970838
3246666838
3244734280
3243358280
3241022280
3233481672
3229705672
3237577672
3238878180
3235593672
3241310280
3242174280
3243678280
3245118280
3246698838
3247242838
3246970838
3248026838
3247418838
3246794838
3247402838
3245982280
3244574280
3239358180
3238302180
3228389264
3237577672
3241662280
3240606280
3240670280
3243454280
3245118280
3246334380
3247722838
3247914838
3247754838
3247786838
3246714838
3247418838
3247290838
3246698838
3245374280
3242174280
3240670280
3237641672
3237065672
3240062280
3242142280
3241502280
3242942280
3245342280
3247418838
3247978838
3248810838
3248458838
3247338838
3246970838
3247626838
3246270380
3246682838
3245854280
3245342280
3242334280
3239710280
3239198180
3238590180
3241502280
3242974280
3245982280
3247114838
3247738838
3248970838
3248250838
3248234838
3248282838
3247722838
3246826838
3247226838
3246570838
3246634838
3246238380
3245310280
3242558280
3243582280
3240350280
3242782280
3242654280
3244574280
3246206380
3246842838
3248490838
3248602838
3248042838
3247818838
3247738838
3247850838
3246602838
3247786838
3247402838
3246270380
3246986838
3246666838
3246666838
3245278280
3244350280
3243902280
3243070280
3242014280
3242910280
3242910280
3243998280
3243070280
3246570838
3246842838
3247882838
3248058838
3247850838
3247178838
3246746838
3246858838
3244478280
3245214280
3240382280
3240350280
3232521672
3233545672
3240542280
3236937672
3241822280
3244606280
3242302280
3246906838
3245246280
3248042838
3247146838
3247466838
3247402838
3246014380
3244830280
3241918280
3238686180
3230473672
3229897672
3237065672
3238334180
3237961672
3239070180
3243294280
3243230280
3243422280
3246238380
3244478280
3246938838
3245246280
3247450838
3246698838
3246442838
3245086280
3241630280
3239326180
3229285264
3232137672
3238622180
3240286280
3239870280
3241886280
3243230280
3243486280
3245918280
3246474838
3247978838
3247658838
3247786838
3247290838
3246014380
3246650838
3243742280
3243806280
3237897672
3236809672
3236617672
3236105672
3240478280
3242142280
3243166280
3245310280
3244990280
3247546838
3247834838
3248394838
3247626838
3247258838
3247466838
3246714838
3246046380
3245886280
3243422280
3242782280
3235593672
3239166180
3239966280
3242142280
3243614280
3244030280
3247130838
3248010838
3249098838
3248522838
3247978838
3247866838
3247034838
3246762838
3246410838
3246938838
3245214280
3246366380
3243998280
3245502280
3243294280
3246826838
3244574280
3247882838
3246014380
3248154838
3247946838
3248106838
3248010838
3246842838
3247498838
3247802838
3247338838
3247274838
3246714838
3247178838
3246890838
3247338838
3247290838
3246014380
3247290838
3247226838
3247594838
3247498838
3247098838
3247242838
3247098838
3247722838
3247258838
3246922838
3247338838
3247098838
3247306838
3247082838
3246890838
3246954838
3246014380
3246650838
3246442838
3246570838
3246142380
3244478280
3245342280
3245214280
3244574280
3246046380
3244574280
3245854280
3243454280
3246634838
3245214280
3247274838
3246302380
3247242838
3246698838
3246014380
3246922838
3246014380
3246570838
3244062280
3242174280
3240062280
3239358180
3238046180
3239486280
3241374280
3240862280
3241918280
3243710280
3245726280
3247146838
3247626838
3247354838
3247770838
3246810838
3247210838
3246810838
3244158280
3243422280
3238878180
3236041672
3233737672
3236233672
3239806280
3240126280
3240990280
3243038280
3244702280
3246586838
3246714838
3248154838
3248106838
3247562838
3247210838
3247338838
3246014380
3243454280
3244094280
3241278280
3238750180
3234121672
3236489672
3240478280
3239358180
3242398280
3243038280
3246698838
3247082838
3247738838
3248394838
3247482838
3247706838
3247978838
3246698838
3245214280
3244990280
3242206280
3244638280
3238174180
3242078280
3240222280
3239742280
3241150280
3243198280
3246142380
3247210838
3248362838
3248042838
3247850838
3246970838
3247738838
3247178838
3247386838
3247354838
3246110380
3245790280
3243198280
3243806280
3240894280
3242046280
3240094280
3242654280
3242558280
3244894280
3246682838
3247226838
3248618838
3247882838
3248202838
3248106838
3247082838
3246858838
3246458838
3246826838
3246666838
3245982280
3245918280
3243454280
3243966280
3241150280
3242622280
3240094280
3242334280
3241726280
3242430280
3244414280
3247098838
3247114838
3248266838
3248234838
3247194838
3246458838
3247434838
3245598280
3246442838
3243518280
3241918280
3238366180
3236169672
3237321672
3238366180
3239518280
3240542280
3240894280
3243294280
3244190280
3246410838
3246826838
3246842838
3247290838
3247082838
3246570838
3245694280
3242878280
3240542280
3233545672
3234249672
3235785672
3237961672
3238046180
3238078180
3238750180
3239902280
3242398280
3242654280
3242174280
3243998280
3246270380
3244702280
3246522838
3240382280
3244190280
3235593672
3239710280
3239902280
3239870280
3240734280
3241502280
3241886280
3242462280
3241438280
3242014280
3241918280
3241502280
3241790280
3240190280
3240830280
3240542280
3241118280
3241054280
3240894280
3241406280
3241150280
3242846280
3241566280
3243422280
3242590280
3242430280
3243550280
3245406280
3243166280
3244318280
3243358280
3242974280
3243454280
3242974280
3243710280
3243678280
3243614280
3243518280
3244318280
3243806280
3244798280
3243966280
3243966280
3244862280
3244062280
3244958280
3245086280
3244638280
3245598280
3245598280
3244478280
3245310280
3245214280
3246410838
3245598280
3244798280
3246110380
3246698838
3245214280
3246014380
3246014380
3246410838
3244670280
3246762838
3245406280
3244990280
3244734280
3246682838
3244286280
3246014380
3244990280
3245790280
3243550280
3245214280
3243998280
3246270380
3244958280
3246858838
3244670280
3246426838
3243966280
3246506838
3244766280
3246442838
3245214280
3242942280
3244062280
3244894280
3243934280
3243838280
3241918280
3242142280
3242590280
3240862280
3241374280
3238974180
3240606280
3242430280
3241502280
3243998280
3241918280
3244830280
3245086280
3245406280
3246602838
3244990280
3244318280
3244862280
3244446280
3244126280
3241918280
3241630280
3239998280
3238974180
3237321672
3238398180
3238430180
3239102180
3242334280
3243774280
3247146838
3247194838
3246014380
3246826838
3247370838
3245982280
3244542280
3246570838
3243710280
3242046280
3243102280
3242430280
3242654280
3242142280
3243422280
3242622280
3243454280
3244638280
3246762838
3246698838
3246682838
3246954838
3246238380
3246014380
3246238380
3245982280
3246442838
3246474838
3244606280
3245470280
3245246280
3245630280
3246522838
3246570838
3246014380
3245118280
3246474838
3245886280
3246634838
3246698838
3245374280
3246206380
3246410838
3246826838
3246746838
3246826838
3246650838
3246014380
3246810838
3246826838
3246954838
3246826838
3246474838
3246634838
3246270380
3246874838
3247082838
3246698838
3246570838
3246014380
3246666838
3246570838
3247050838
3246858838
3246270380
3246778838
3246506838
3247082838
3247274838
3246618838
3246442838
3246810838
3247466838
3246858838
3246474838
3246986838
3246970838
3246906838
3247114838
3246810838
3246506838
3246714838
3246762838
3246366380
3246890838
3246394838
3244990280
3246302380
3245662280
3245982280
3245470280
3243966280
3244542280
3244158280
3244702280
3244126280
3243006280
3243678280
3243198280
3245086280
3243230280
3244670280
3243870280
3243966280
3244670280
3245566280
3245342280
3245918280
3244830280
3244446280
3242046280
3242334280
3239838280
3239326180
3233417672
3234377672
3238590180
3237897672
3240542280
3242782280
3243934280
3246794838
3246842838
3247418838
3247130838
3246826838
3245822280
3244478280
3243038280
3240734280
3237961672
3230537672
3227237264
3238110180
3238462180
3239070180
3241950280
3242750280
3246426838
3246714838
3247994838
3247722838
3246634838
3246442838
3246270380
3245406280
3241854280
3244638280
3237321672
3240894280
3233033672
3237641672
3240990280
3239678280
3242590280
3244126280
3245470280
3247562838
3247738838
3247338838
3246922838
3247178838
3247114838
3244990280
3245534280
3245086280
3244958280
3243934280
3243038280
3242782280
3241150280
3242782280
3241694280
3244190280
3243486280
3246014380
3246762838
3247738838
3247914838
3247018838
3247146838
3247866838
3246778838
3245406280
3245246280
3246906838
3246554838
3247210838
3246954838
3246142380
3246986838
3246142380
3247210838
3247018838
3247690838
3247402838
3247274838
3247338838
3246334380
3247210838
3246714838
3246794838
3247018838
3247466838
3247338838
3247466838
3247370838
3246826838
3247098838
3246458838
3247370838
3247210838
3247434838
3247514838
3247338838
3247178838
3246458838
3247242838
3246490838
3247530838
3246666838
3247386838
3246970838
3246890838
3246302380
3244990280
3246618838
3246366380
3245726280
3245886280
3243806280
3244510280
3241918280
3243678280
3243646280
3243422280
3244318280
3243870280
3246238380
3244990280
3247482838
3246970838
3247706838
3247626838
3246698838
3245214280
3245054280
3242270280
3240638280
3236297672
3234249672
3235017672
3239582280
3239998280
3239934280
3241918280
3243934280
3245086280
3247466838
3247466838
3246586838
3246634838
3245214280
3246506838
3245406280
3243038280
3242078280
3234569672
3231241672
3231305672
3238046180
3240094280
3238814180
3242174280
3241918280
3245854280
3247482838
3247722838
3247498838
3247082838
3246826838
3246014380
3244958280
3244094280
3242238280
3240734280
3237577672
3233225672
3233545672
3240414280
3238846180
3242398280
3243806280
3246954838
3247466838
3247482838
3247722838
3246714838
3247146838
3247050838
3246698838
3245406280
3244478280
3245150280
3242622280
3244958280
3241374280
3241822280
3240606280
3240894280
3240382280
3242910280
3242654280
3245502280
3246014380
3248042838
3247930838
3247402838
3247530838
3247098838
3246714838
3246410838
3246954838
3246506838
3246238380
3246174380
3245374280
3246366380
3245534280
3246046380
3245566280
3244990280
3245854280
3245694280
3246698838
3245374280
3246014380
3246078380
3244830280
3245310280
3244094280
3244446280
3241598280
3242942280
3240286280
3241918280
3241278280
3243678280
3241598280
3246874838
3243198280
3247690838
3246474838
3247722838
3247370838
3246270380
3244030280
3245374280
3242238280
3241918280
3231689672
3234377672
3231497672
3234953672
3238238180
3240094280
3240222280
3240990280
3242558280
3243454280
3245150280
3246270380
3247210838
3246794838
3244990280
3244702280
3241918280
3240094280
3229157264
3218656256
3234185672
3233545672
3228133264
3234569672
3240414280
3237833672
3239454280
3240190280
3239582280
3240894280
3238078180
3240286280
3238078180
3240030280
3238718180
3238558180
3238526180
3238078180
3238462180
3239294180
3238814180
3238942180
3238334180
3238366180
3234505672
3239838280
3239326180
3236297672
3238910180
3235849672
3238814180
3238430180
3238046180
3238814180
3237641672
3238942180
3235785672
3239774280
3237321672
3239358180
3239230180
3241918280
3239166180
3240894280
3239742280
3239742280
3232265672
3239454280
3231305672
3239454280
3229541264
3237641672
3236041672
3230601672
3238430180
3240830280
3234313672
3240798280
3239358180
3241726280
3241502280
3244446280
3243518280
3241406280
3243166280
3242846280
3238942180
3241342280
3241918280
3240798280
3241950280
3238974180
3237961672
3235721672
3239198180
3240510280
3241630280
3242782280
3243966280
3246634838
3248074838
3248106838
3247178838
3246014380
3247258838
3242622280
3244862280
3241214280
3238366180
3237449672
3219936256
3231433672
3240830280
3239326180
3236809672
3239102180
3240830280
3235657672
3243102280
3244318280
3242782280
3246302380
3240638280
3246954838
3238622180
3246410838
3233225672
3241406280
3231945672
3231497672
3226725264
3209115648
3232457672
3229769672
3229285264
3236745672
3220448256
3239326180
3236809672
3233545672
3239838280
3239198180
3238206180
3229769672
3238302180
3216352256
3226213264
3218656256
3231625672
1080649616
3230025672
1085998024
3213536256
1085614024
1078729616
1083374024
1082926024
1078729616
3203543040
3203543040
3230025672
3229285264
3233801672
3224164864
1057024000
1071172608
1074121216
1084206024
1090094024
1086510024
1086318024
1092386632
1093666632
1091842532
1088494024
1086318024
1088750024
1085998024
1067844608
3205531648
3222116864
3215072256
1075913216
1077961216
1075017216
1088558024
1090658532
1091778532
1082222024
1083502024
1085038024
1077449216
1089070024
1078089216
1092450632
1069380608
1085806024
1077577216
1082606024
1083438024
1073476608
1084654024
1084014024
1083886024
1083950024
1079625616
1073220608
1063680000
3214304256
3203543040
3215584256
1068356608
1050939392
1077065216
1078729616
1083950024
1084654024
1084910024
1083246024
1083950024
1085230024
1069892608
1079113616
3213792256
3219936256
3225060864
3220960256
3228133264
1069380608
3220960256
1083886024
1069636608
1083950024
3212187648
1077705216
3231049672
3219936256
3233609672
3233545672
3222884864
3227109264
3230921672
3221988864
3204507648
1063680000
1084462024
1091778532
1093826632
1088110024
1092386632
1094402632
1088238024
1088046024
1086830024
1082670024
1079753616
1076553216
3162112000
3212187648
3162112000
3206043648
1062656000
1081801616
1086574024
1091362532
1094306632
1098498632
1098594732
1094978632
1094690632
1096898632
1096386632
1095138632
1091266532
1092386632
1094562632
1089518024
1091522532
1094402632
1089390024
1091106532
1094946632
1094818632
1096834632
1096098632
1099087190
1099135190
1099887190
1100959190
1100895190
1102223240
1101887190
1102223240
1101727190
1099567190
1099487190
1094882632
1096450632
1093762632
1099215190
1099327190
1096034632
1099999190
1100831190
1101151190
1102399240
1103823240
1103775240
1104111240
1103455240
1101711190
1103167240
1101839190
1101647190
1100287190
1099935190
1101423190
1100703190
1101775190
1101983190
1102207240
1100639190
1100255190
1102159240
1100015190
1097922632
1099903190
1095810632
1100191190
1098658732
1100175190
1100255190
1101807190
1102431240
1102623240
1101903190
1101023190
1102095240
1100511190
1099743190
1100287190
1098658732
1099359190
1097250632
1098242632
1094402632
1096610632
1097186632
1096482632
1099615190
1098498632
1100447190
1099647190
1100959190
1100255190
1100255190
1100911190
1100623190
1099967190
1097346632
1100255190
1097986632
1100495190
1099103190
1098498632
1100031190
1099423190
1102223240
1099871190
1099727190
1101407190
1099487190
1099743190
1100639190
1100751190
1099711190
1100383190
1100975190
1101103190
1102623240
1102735240
1101775190
1102079240
1102751240
1101695190
1102159240
1102287240
1100783190
1101775190
1102607240
1101743190
1101983190
1103215240
1103311240
1102495240
1102543240
1103679240
1103903240
1103647240
1103103240
1102911240
1102943240
1103311240
1102687240
1102511240
1102719240
1102687240
1102815240
1103071240
1104079240
1103391240
1102975240
1103007240
1103551240
1103391240
1101695190
1102799240
1102303240
1102287240
1102607240
1102879240
1102239240
1103231240
1103823240
1103119240
1103455240
1103071240
1102479240
1103503240
1103119240
1103055240
1103135240
1102863240
1102175240
1102063240
1101711190
1100335190
1100495190
1095842632
1098146632
1099519190
1096706632
1099695190
1096898632
1100751190
1095970632
1100383190
1098274632
1100063190
1099471190
1099935190
1100527190
1099359190
1100095190
1099343190
1098943190
1099647190
1095586632
1099119190
1097122632
1094210632
1092354632
1094178632
1095010632
1092642632
1091906532
1096194632
1095618632
1091778532
1092898632
1094754632
1090094024
1089390024
1092354632
1088110024
1096098632
1089518024
1090222024
1095682632
1091618532
1085998024
1091362532
1090286024
1090158024
1092482632
1093378632
1089646024
1091330532
1085614024
1083054024
1081801616
1080137616
1071940608
3204507648
3162112000
1071172608
1075273216
3223012864
3199447040
3221732864
3199447040
3204507648
3205019648
3217376256
3174793216
3220704256
1057024000
3219680256
1074505216
3216096256
1067076608
3216096256
1060096000
3215328256
1054011392
3162112000
3162112000
3216352256
3207067648
3213536256
3185229824
3209627648
3212699648
3213536256
3211163648
3216608256
3205019648
3162112000
3207067648
3209115648
3215072256
3212187648
3208091648
3213536256
3162112000
3211163648
3210651648
3203543040
3213024256
3211163648
3208091648
3162112000
3213024256
3206555648
3211163648
3208091648
3212187648
3210139648
3162112000
3206555648
3210139648
3213536256
3208091648
3208091648
3207067648
3162112000
3207579648
3206043648
3213024256
3207067648
3212187648
3210651648
3162112000
3205019648
3206555648
3209115648
3208603648
3212187648
3210139648
3162112000
3209115648
3162112000
3207067648
3209627648
3216608256
3205019648
3212187648
3205531648
3174793216
3210651648
3162112000
3212699648
3208603648
3216608256
3214048256
3214560256
3216096256
3214560256
3214560256
3162112000
3212187648
3212699648
3213792256
3214048256
3220448256
3210139648
3216608256
3208091648
3204507648
3213536256
3212699648
3214560256
3214304256
3216608256
3213536256
3215584256
3213536256
3162112000
3211675648
3214304256
3215072256
3213280256
3215584256
3212187648
3190546432
3212187648
3162112000
3214560256
3214560256
3212187648
3213536256
3212187648
3212187648
3162112000
3214816256
3162112000
3215584256
3196375040
3219680256
3197399040
3214560256
3206043648
3162112000
3209115648
3206043648
3213024256
3205531648
3214560256
3208603648
3162112000
3210651648
3211163648
3213792256
3209115648
3212187648
3208603648
3162112000
3206043648
3210651648
3211675648
3212187648
3212187648
3208091648
3174793216
3208091648
3162112000
3211163648
3208091648
3216096256
3208091648
3210139648
3206043648
3162112000
3212187648
3207067648
3213536256
3208091648
3214560256
3210651648
3208091648
3208091648
3162112000
3208603648
3204507648
3214048256
3207579648
3216096256
3206043648
3205019648
3209115648
3162112000
3210651648
3207067648
3216608256
3208091648
3205531648
3206555648
3196375040
3210651648
3211163648
3214560256
3212187648
3162112000
3211163648
3162112000
3213536256
3211675648
3216096256
3212699648
3188498432
3213280256
3212699648
3216608256
3212187648
3216608256
3210139648
3162112000
3213536256
3213536256
3216096256
3214560256
3211163648
3214560256
3196375040
3215584256
3215584256
3218400256
3215584256
3215072256
3213536256
3162112000
3212699648
3218400256
3211675648
3220192256
3212187648
3216352256
3162112000
3215840256
3216096256
3215584256
3220192256
3214560256
3217376256
3162112000
3216608256
3213792256
3219424256
3214560256
3196375040
3213024256
3204507648
3216864256
3210651648
3220704256
3211163648
3212187648
3214560256
3162112000
3215328256
3214560256
3216608256
3213792256
3214560256
3214560256
3162112000
3214560256
3215072256
3215072256
3216608256
3216608256
3214304256
3162112000
3213280256
3162112000
3213792256
3215584256
3213536256
3215840256
3215584256
3213024256
3162112000
3212187648
3210651648
3213280256
3213792256
3216608256
3212187648
3162112000
3213280256
3214048256
3215072256
3214048256
3214560256
3212187648
3162112000
3214304256
3213024256
3215072256
3213024256
3206043648
3213280256
3162112000
3211675648
3190546432
1014628352
3221860864
3162112000
3213536256
3213536256
3215584256
3213280256
3206043648
3212187648
3204507648
3213792256
3214048256
3217632256
3213024256
3188498432
3212187648
3204507648
3213024256
3213536256
3216608256
3211675648
3162112000
3215072256
3185229824
3197399040
3223140864
3196375040
3214048256
3213280256
3218144256
3212187648
3208091648
3213536256
3212699648
3216608256
3213280256
3207579648
3213024256
3208603648
3216608256
3215584256
3218656256
3215328256
3162112000
3215072256
3215584256
3214560256
3218656256
3162112000
3214560256
3216096256
3215072256
3217632256
3214560256
3214560256
3162112000
3215584256
3213792256
3216608256
3217120256
3208091648
3215072256
3204507648
3215072256
3213024256
3218144256
3213280256
3212187648
3213280256
3162112000
3214560256
3212699648
3212187648
3216352256
3215584256
3213536256
3162112000
3213024256
3208603648
3212187648
3214048256
3214560256
3213536256
3162112000
3210139648
3181133824
3162112000
3222372864
3211675648
3209627648
3162112000
3211675648
3162112000
3185229824
3220448256
3197399040
3192594432
3162112000
3212187648
3207579648
3208091648
1050939392
1068612608
3162112000
3218912256
3211163648
3207067648
3212187648
3185229824
1073220608
3194642432
3162112000
1052987392
3213024256
1014628352
3216096256
3194642432
3208091648
3162112000
3194642432
1061120000
3207067648
3210139648
1060096000
3199447040
3162112000
3174793216
1063168000
3210139648
3203543040
1070916608
3197399040
3196375040
3196375040
3199447040
3199447040
3208603648
1067076608
3162112000
3162112000
1051963392
3209627648
1014628352
3210139648
1057024000
3213792256
3162112000
3162112000
1059072000
3208091648
3205019648
1067588608
3199447040
3212699648
3205019648
3190546432
1014628352
3216608256
3194642432
1066052608
3190546432
3218656256
3162112000
3206555648
3162112000
3201495040
3208091648
1067588608
3198423040
3206555648
3213280256
3162112000
3194642432
3207067648
1066820608
3219680256
3208603648
3203543040
3197399040
3216608256
3200471040
1070148608
1057024000
3198423040
3194642432
3220704256
3206043648
3215072256
3162112000
3211163648
3162112000
1057024000
1055035392
3162112000
3222628864
3207067648
3221988864
3203543040
3203543040
3162112000
1064704000
1033650176
1057024000
3208091648
3223140864
3162112000
3209115648
3162112000
1050939392
3203543040
1059072000
1058560000
3162112000
3222244864
3203543040
3208091648
1058048000
3196375040
1050939392
1060608000
3201495040
1057536000
1073220608
1055035392
1058048000
3212187648
3219168256
3162112000
3162112000
1058048000
3198423040
1054011392
1068100608
1052987392
1056059392
1048891392
1057536000
1048891392
1057536000
1071172608
3198423040
3205019648
1059072000
1048891392
1066820608
1057024000
1048891392
1014628352
1051963392
3185229824
1052987392
1071172608
1050939392
1054011392
3194642432
1057536000
3185229824
1052987392
1069124608
1050939392
1041014784
3194642432
1054011392
3162112000
3162112000
3162112000
3194642432
1057536000
1052987392
1052987392
1064704000
3174793216
1041014784
3174793216
1049915392
1068100608
1048891392
1048891392
3203543040
1058048000
3162112000
1055035392
1048891392
1014628352
1049915392
1071172608
1052987392
1049915392
1014628352
1054011392
1071172608
1052987392
3196375040
3212187648
1065216000
1071172608
1054011392
3203543040
3215584256
1052987392
3208091648
1062656000
1060608000
1014628352
1058560000
1014628352
1058048000
3162112000
3217632256
3209115648
3212187648
1062144000
1059072000
1048891392
1064704000
1055035392
1057024000
1014628352
1057536000
1073220608
1057536000
3206555648
3227109264
3194642432
3162112000
1059072000
1043062784
3199447040
1056059392
1061120000
1057024000
1064704000
1055035392
1058048000
1048891392
1057536000
1071172608
1057024000
3205019648
3223012864
3185229824
3162112000
1056059392
3162112000
3199447040
1043062784
3190546432
3162112000
1069124608
3162112000
3197399040
3212187648
1067332608
3194642432
1050939392
1071684608
3162112000
1058560000
1033650176
1048891392
1014628352
3162112000
1071172608
3162112000
3162112000
3210139648
3196375040
3216608256
1064192000
3162112000
3181133824
3162112000
3203543040
3162112000
3174793216
3194642432
3162112000
3196375040
3194642432
3209115648
3199447040
3162112000
3221216256
3215072256
3208091648
1066564608
3162112000
3162112000
1069124608
3198423040
3205019648
3220704256
1057024000
3212699648
1060096000
3162112000
3208091648
3208091648
3217632256
1058048000
3162112000
3209115648
3209627648
1048891392
3205019648
3219680256
1051963392
1073220608
3197399040
3162112000
3203543040
3216096256
1075273216
3190546432
3199447040
3202519040
3202519040
3162112000
3219424256
3215840256
3212187648
1068868608
1063680000
1048891392
1056059392
3190546432
3185229824
3194642432
3196375040
3162112000
3194642432
3185229824
3210139648
3212187648
1075529216
1048891392
1056059392
1052987392
3162112000
1052987392
3162112000
1071172608
1048891392
1050939392
1014628352
3162112000
1065216000
3162112000
1069124608
1055035392
3181133824
1014628352
1048891392
1014628352
1050939392
1067076608
1050939392
1064704000
1052987392
3162112000
1014628352
3174793216
1066820608
3162112000
3162112000
1048891392
3162112000
1014628352
1037746176
1069124608
3174793216
3204507648
1066308608
3162112000
1014628352
1050939392
1068612608
3162112000
3162112000
3174793216
3208091648
1066308608
3190546432
3162112000
3197399040
3219424256
3208091648
1066820608
1069124608
3162112000
3162112000
3197399040
3211163648
1057024000
3204507648
3212699648
3188498432
1067076608
3205019648
3208091648
1058048000
3203543040
3222500864
3194642432
1073220608
3205019648
3200471040
1057024000
3218144256
1048891392
3207067648
3213280256
3216352256
3197399040
1041014784
3225572864
3215584256
3192594432
1071172608
3208091648
3223140864
3222756864
3214560256
3221988864
3185229824
1069380608
3207067648
3214816256
3217120256
3207067648
3194642432
3223396864
3214048256
3215840256
3162112000
1059072000
3199447040
3214304256
3224164864
3218656256
3221216256
3208603648
3219680256
3206555648
1066308608
3205531648
3223908864
3216608256
3210139648
1058048000
3162112000
3222884864
3208091648
1041014784
3225060864
3218656256
3215840256
3162112000
1066564608
3162112000
3209115648
3217632256
3194642432
3222628864
3196375040
3216864256
3205019648
1065216000
3206043648
3217632256
3203543040
1073220608
3206043648
3211675648
1041014784
3224420864
3210139648
3188498432
1069124608
3203543040
3210651648
1065216000
3203543040
3214816256
3214304256
3203543040
1059072000
3197399040
3213280256
3190546432
1069124608
3208091648
3210139648
1063168000
3207067648
3212699648
3214560256
3196375040
1066308608
3205019648
3222500864
3185229824
1075529216
3206555648
3199447040
1052987392
3225060864
3162112000
3199447040
1060608000
3224036864
3162112000
1069380608
3210651648
3220960256
3216096256
3216608256
3218656256
3162112000
1075529216
3199447040
3201495040
1057024000
3224292864
3162112000
3214048256
3215072256
3194642432
1064192000
3194642432
3222116864
3162112000
3217632256
3216352256
3216608256
3194642432
1073220608
3208603648
3222116864
3212187648
3222116864
3218656256
3220448256
3162112000
3162112000
1066564608
3213536256
3223652864
3220704256
3221732864
3208603648
3219168256
3217376256
3220192256
3218144256
3214560256
3174793216
1073220608
3213536256
3223780864
3223012864
3221988864
3212699648
3221216256
3219424256
3222500864
3217888256
3210651648
3216352256
3188498432
1057024000
3197399040
3224420864
3216864256
3220960256
3223268864
3218656256
3221988864
3219424256
3204507648
3217120256
3216608256
3203543040
1065216000
3162112000
3224676864
3218400256
3224548864
3221860864
3196375040
3218656256
3218656256
3218656256
3174793216
1075529216
3210139648
3222500864
3215584256
3222244864
3214560256
3218656256
3162112000
3185229824
1067332608
3215072256
3223908864
3211163648
3220960256
3214816256
3219168256
3215840256
3216608256
3162112000
1075529216
3198423040
3201495040
1057024000
3226853264
3162112000
3218912256
3216608256
3219680256
3215584256
3162112000
1069380608
3162112000
3223652864
3212187648
3218656256
3208091648
1071172608
3220704256
3211675648
3203543040
1065540608
3162112000
3222884864
3196375040
3217632256
3216608256
3218656256
3213024256
3162112000
1052987392
1058560000
3223396864
3210139648
3214560256
3215584256
3162112000
3162112000
1060096000
3226085264
3213536256
3210651648
3218144256
3212699648
3218656256
3216096256
3218656256
3213280256
3162112000
3212187648
3213024256
3194642432
1063168000
3162112000
3223396864
3214048256
3218656256
3222244864
3162112000
3217632256
3218400256
3217632256
3218656256
3206555648
3216608256
3215328256
3220704256
3215584256
3208603648
3216864256
3217888256
3221988864
3218400256
3208603648
3218144256
3220192256
3221988864
3218656256
3206555648
3218656256
3221216256
3220704256
3221216256
3215584256
3221604864
3220960256
3222244864
3220704256
3222500864
3221988864
3212699648
3222884864
3221988864
3221988864
3222116864
3216864256
3223396864
3222628864
3222500864
3221604864
3222756864
3224548864
3221988864
3214816256
3222756864
3222756864
3225060864
3222244864
3212699648
3222500864
3222756864
3224036864
3222244864
3212699648
3222500864
3223012864
3224036864
3221860864
3212699648
3223012864
3222500864
3225060864
3221860864
3212699648
3222244864
3221476864
3224036864
3221216256
3206555648
3223012864
3221476864
3224036864
3221988864
3215840256
3221604864
3220960256
3222500864
3220448256
3223012864
3219936256
3204507648
3220960256
3221348864
3221988864
3219168256
3214304256
3219424256
3218400256
3220960256
3220448256
3221988864
3220192256
3200471040
3220192256
3221476864
3222500864
3219168256
3204507648
3219168256
3220448256
3221604864
3217888256
3214048256
3218656256
3218912256
3220704256
3219168256
3218656256
3219936256
3212699648
3221476864
3220448256
3218656256
3217120256
3212699648
3221732864
3218912256
3220704256
3219168256
3212699648
3221216256
3218400256
3220704256
3221216256
3196375040
3221732864
3219936256
3221988864
3220192256
3212699648
3220448256
3214816256
3220704256
3219424256
3223012864
3219680256
3204507648
3221476864
3219680256
3221988864
3219680256
3220192256
3221216256
3212699648
3221216256
3221216256
3222500864
3221216256
3204507648
3220704256
3222372864
3224036864
3221216256
3207579648
3221216256
3220960256
3222756864
3220704256
3223012864
3222372864
3208603648
3221988864
3221988864
3223908864
3221604864
3212699648
3222116864
3221988864
3223524864
3221604864
3223012864
3222116864
3212699648
3220960256
3223396864
3223524864
3224292864
3219680256
3223012864
3212699648
3222884864
3222372864
3224420864
3222628864
3223012864
3223396864
3213792256
3223396864
3222116864
3224548864
3222244864
3225060864
3221988864
3214816256
3221988864
3222500864
3224420864
3220704256
3222756864
3221988864
3212699648
3222500864
3222244864
3223012864
3221988864
3220704256
3221860864
3204507648
3221216256
3221476864
3223780864
3220704256
3217120256
3221348864
3216864256
3223012864
3218912256
3221988864
3219680256
3196375040
3221732864
3216608256
3224804864
3215328256
3218144256
3217632256
3212699648
3220192256
3220960256
3222756864
3219168256
3215584256
3220192256
3204507648
3220960256
3219168256
3223012864
3216096256
3213792256
3217632256
3221216256
3221732864
3220704256
3213536256
3221216256
3216864256
3221476864
3219680256
3222500864
3218912256
3212699648
3220704256
3221604864
3223012864
3220704256
3204507648
3220960256
3221348864
3221988864
3221732864
3219680256
3220704256
3212699648
3220704256
3221860864
3223012864
3221476864
3212699648
3220704256
3220960256
3222244864
3221476864
3221988864
3222372864
3204507648
3222628864
3220192256
3224036864
3219168256
3224804864
3219680256
3212699648
3219168256
3222372864
3222500864
3222884864
3221732864
3223012864
3162112000
3223140864
3217632256
3224548864
3218656256
3215840256
3218144256
3216864256
3221476864
3221988864
3221988864
3221348864
3216864256
3222628864
3219424256
3224036864
3220192256
3212699648
3218656256
3220448256
3222500864
3221216256
3204507648
3220704256
3216352256
3221476864
3216352256
3214048256
3216096256
3215840256
3220192256
3215584256
3214048256
3212187648
3214816256
3217632256
3215840256
3212187648
3214816256
3196375040
3216352256
3207067648
3220704256
3196375040
3162112000
3205019648
3214304256
3210139648
3214560256
3194642432
3211675648
3162112000
3214304256
3174793216
3215584256
3192594432
3162112000
3190546432
3194642432
3203543040
3208091648
1058560000
3205531648
3162112000
3205019648
3188498432
3199447040
3190546432
3162112000
3162112000
3194642432
3199447040
3162112000
1069124608
3162112000
1052987392
3194642432
1049915392
1057024000
1056059392
1064704000
3194642432
1061120000
1014628352
1063168000
1071172608
1067076608
3162112000
1061120000
1061120000
1068868608
1068612608
1064704000
1065216000
3194642432
1084014024
1083502024
1092354632
1091746532
3220960256
1065796608
1066820608
1082990024
1086318024
1096098632
1075401216
1106895290
3229705672
1106575290
1095714632
1099231190
1086254024
1090914532
3213792256
3199447040
1048891392
1092770632
1085038024
1083566024
1097122632
1092098632
1091618532
1090978532
1067332608
1063680000
1085038024
1089390024
1088046024
1092002632
1081801616
1086830024
1092738632
1086574024
1075913216
1073220608
1076169216
3232457672
1014628352
3227365264
1076937216
1075657216
1080649616
3214304256
1054011392
3218656256
3226213264
3208603648
3218656256
1075529216
3199447040
1076041216
1061120000
1062656000
3185229824
3228645264
3231497672
3238334180
3238142180
3237065672
3236937672
3235913672
3237641672
3236617672
3237449672
3242526280
3231945672
3215328256
3162112000
1083374024
1076681216
1086318024
1077321216
1086766024
3209627648
3214816256
3230537672
3233865672
3232201672
3234377672
3238078180
3233289672
3230729672
3232457672
3221732864
1076937216
1086318024
1092290632
1091170532
1090626532
1087726024
1083182024
3208091648
3224292864
3234057672
3231305672
3233801672
3228389264
3214048256
3227109264
1058048000
1071172608
1084142024
1091330532
1088878024
1085166024
1086574024
1082734024
1076169216
1064192000
3230793672
3227493264
3236105672
3237193672
3232201672
3233225672
3229961672
3223012864
3213024256
1077577216
1082350024
3208091648
1086446024
1061120000
1058048000
3205531648
3222756864
3231433672
3229285264
3236297672
3233929672
3233993672
3235657672
3231945672
3231753672
3229285264
3232905672
3224036864
3237257672
3236041672
3233929672
3238046180
3239102180
3238430180
3240414280
3239838280
3239582280
3240094280
3239902280
3238334180
3239390180
3240510280
3240190280
3239198180
3241566280
3241246280
3241118280
3241182280
3240062280
3241758280
3239870280
3241662280
3242494280
3242782280
3243070280
3243166280
3242654280
3240894280
3242718280
3242814280
3243262280
3244510280
3244030280
3244350280
3243070280
3244574280
3243966280
3244958280
3244222280
3244830280
3243966280
3243262280
3243326280
3241406280
3242750280
3243806280
3243550280
3244510280
3245470280
3245566280
3245502280
3246730838
3246458838
3247610838
3247850838
3247882838
3247658838
3247466838
3246890838
3245950280
3244094280
3240382280
3238910180
3232521672
3238622180
3238142180
3243550280
3244318280
3245470280
3246938838
3247338838
3248186838
3247610838
3247738838
3247306838
3246922838
3245598280
3242910280
3240446280
3237641672
3235017672
3237641672
3230921672
3235017672
3241310280
3241214280
3240638280
3243806280
3244478280
3245598280
3246078380
3247338838
3246906838
3247082838
3247050838
3244478280
3244574280
3239582280
3240350280
3229705672
3226597264
3232713672
3233545672
3237193672
3237705672
3242910280
3243326280
3243294280
3244638280
3243966280
3246110380
3245470280
3246570838
3245214280
3246174380
3242622280
3241918280
3237897672
3238462180
3236553672
3239582280
3240222280
3241342280
3241150280
3243070280
3244350280
3245214280
3246474838
3246698838
3247370838
3246714838
3247354838
3246810838
3246698838
3244894280
3242494280
3239070180
3234313672
3234761672
3239774280
3240990280
3239486280
3241150280
3243966280
3244286280
3246938838
3247354838
3248170838
3248170838
3246970838
3247146838
3247242838
3246954838
3245342280
3245342280
3240094280
3238334180
3236553672
3235593672
3241118280
3242622280
3242910280
3245470280
3245502280
3247722838
3247226838
3248538838
3247530838
3247722838
3248090838
3247338838
3246394838
3246270380
3243902280
3243934280
3240542280
3240158280
3238558180
3241150280
3241918280
3243966280
3245054280
3247722838
3247946838
3248506838
3248458838
3247226838
3247770838
3247914838
3247210838
3246410838
3246014380
3244286280
3243966280
3241502280
3241566280
3239838280
3241150280
3242174280
3244254280
3245982280
3247722838
3248282838
3248250838
3248074838
3247850838
3248218838
3247562838
3246650838
3246986838
3246014380
3245662280
3243774280
3242654280
3238814180
3236617672
3239486280
3239390180
3241822280
3244158280
3245470280
3247050838
3246874838
3248282838
3247738838
3247082838
3247306838
3247178838
3244830280
3243198280
3239710280
3236681672
3227109264
3237193672
3240094280
3238270180
3238846180
3243678280
3243198280
3244574280
3245950280
3246014380
3246954838
3246938838
3246890838
3246602838
3243934280
3242654280
3235081672
3231177672
3226725264
3237577672
3238686180
3237769672
3239678280
3240382280
3241886280
3243550280
3243486280
3244702280
3244190280
3245214280
3242942280
3244734280
3242046280
3243422280
3239582280
3239806280
3239006180
3237641672
3240702280
3239198180
3242398280
3244574280
3243934280
3246238380
3245118280
3247146838
3247050838
3247594838
3246826838
3246442838
3245438280
3242174280
3240478280
3232585672
3231433672
3238814180
3238846180
3238974180
3241566280
3243838280
3244510280
3246014380
3247082838
3247994838
3248042838
3247354838
3247722838
3247226838
3244990280
3245854280
3243934280
3242270280
3238750180
3233801672
3238430180
3240478280
3242398280
3243390280
3244990280
3246986838
3247738838
3248618838
3248202838
3247850838
3247594838
3246970838
3246954838
3246970838
3246762838
3246014380
3244446280
3243838280
3242430280
3243038280
3241374280
3244382280
3243422280
3246714838
3247466838
3248618838
3248362838
3248074838
3247610838
3248362838
3247418838
3246858838
3247370838
3246458838
3246938838
3246442838
3246954838
3246826838
3246014380
3246890838
3246618838
3247178838
3247178838
3246714838
3247338838
3247146838
3247338838
3247322838
3246634838
3246762838
3246458838
3246442838
3245374280
3245470280
3244126280
3242174280
3242494280
3241758280
3241630280
3243326280
3242782280
3244446280
3244606280
3246730838
3247946838
3247834838
3247722838
3247530838
3247002838
3246014380
3245758280
3241694280
3242910280
3235529672
3238302180
3237833672
3235593672
3240030280
3239582280
3243934280
3244830280
3246014380
3247162838
3247354838
3247946838
3247690838
3246698838
3245950280
3242174280
3240638280
3233161672
3231433672
3237769672
3237961672
3237129672
3240126280
3243038280
3243678280
3245470280
3246826838
3247226838
3247722838
3247370838
3247338838
3246490838
3244222280
3243294280
3240766280
3238302180
3233481672
3236041672
3238558180
3239710280
3240766280
3242430280
3244702280
3246794838
3247466838
3248138838
3247610838
3247178838
3246618838
3246986838
3245662280
3244702280
3242878280
3239870280
3236809672
3234121672
3239806280
3240734280
3239870280
3243614280
3243966280
3247466838
3247722838
3249258838
3248042838
3247226838
3247594838
3246826838
3246634838
3246366380
3244574280
3243326280
3238846180
3240030280
3238654180
3239646280
3241470280
3242910280
3245022280
3246270380
3247978838
3248122838
3248170838
3247722838
3247978838
3247466838
3246698838
3246794838
3246014380
3245534280
3245054280
3243678280
3243102280
3241022280
3241054280
3241502280
3241918280
3243934280
3244446280
3246602838
3246714838
3248042838
3247658838
3247466838
3247290838
3246174380
3246522838
3245374280
3244574280
3242974280
3240606280
3238974180
3233545672
3238750180
3239198180
3241118280
3242878280
3243454280
3246650838
3246970838
3247850838
3247450838
3246014380
3246634838
3245470280
3244190280
3242334280
3234825672
3232841672
3227749264
3232713672
3238014180
3239262180
3238686180
3239870280
3242334280
3242718280
3245470280
3245758280
3246014380
3246078380
3245054280
3245598280
3242110280
3240478280
3232713672
3231113672
3233993672
3235785672
3233545672
3237385672
3238494180
3239454280
3239582280
3240382280
3241182280
3242270280
3242462280
3242654280
3242398280
3241502280
3240126280
3238750180
3237961672
3238494180
3237705672
3237641672
3239454280
3240126280
3240158280
3240894280
3239870280
3240606280
3242014280
3241630280
3240990280
3241918280
3241118280
3240958280
3241758280
3241854280
3242078280
3241790280
3240894280
3241246280
3242014280
3242654280
3242622280
3241374280
3242654280
3241790280
3243550280
3242878280
3242910280
3242718280
3241918280
3243102280
3242750280
3243518280
3243646280
3243582280
3243934280
3245726280
3244446280
3245054280
3244222280
3244958280
3243966280
3245150280
3244734280
3244222280
3244670280
3243454280
3244030280
3244894280
3243902280
3245342280
3244254280
3243966280
3244510280
3245214280
3244702280
3246394838
3244478280
3245822280
3245534280
3246238380
3244702280
3243006280
3243550280
3242558280
3243294280
3242206280
3243166280
3241950280
3241150280
3242078280
3241118280
3243166280
3242750280
3243454280
3244734280
3245214280
3245598280
3245118280
3242430280
3243646280
3241342280
3240862280
3240222280
3239870280
3241886280
3240350280
3243934280
3242622280
3242430280
3243614280
3243102280
3244382280
3243390280
3240894280
3242814280
3242558280
3241630280
3241310280
3238142180
3239198180
3240190280
3241886280
3242878280
3243678280
3244830280
3244478280
3245534280
3245790280
3245470280
3244446280
3242686280
3243358280
3241438280
3242142280
3240510280
3241374280
3240158280
3240382280
3241502280
3244638280
3243934280
3246206380
3246442838
3245726280
3245246280
3245822280
3243870280
3245822280
3244574280
3243198280
3244894280
3244190280
3244958280
3244766280
3244574280
3244702280
3244478280
3244958280
3243998280
3245854280
3245086280
3244478280
3245854280
3246698838
3245982280
3245822280
3245246280
3245534280
3245246280
3246698838
3246046380
3246014380
3245982280
3245342280
3246666838
3246666838
3246238380
3246110380
3246014380
3246410838
3246682838
3246634838
3246506838
3246014380
3246366380
3245118280
3246570838
3246650838
3246174380
3246458838
3246270380
3247002838
3246986838
3246238380
3246458838
3246586838
3246634838
3246890838
3246110380
3246474838
3246458838
3246682838
3246746838
3246570838
3246078380
3246014380
3246618838
3245310280
3246698838
3246366380
3244222280
3246046380
3245534280
3245342280
3244958280
3243966280
3243966280
3244094280
3243550280
3243966280
3242654280
3243774280
3241918280
3244446280
3242270280
3244958280
3243518280
3243422280
3244318280
3243070280
3244318280
3244190280
3244670280
3243262280
3242910280
3241502280
3239102180
3239326180
3234633672
3237577672
3237001672
3238590180
3239358180
3241406280
3243166280
3245182280
3246366380
3246890838
3246014380
3246522838
3244446280
3245214280
3242206280
3239486280
3236297672
3227749264
3231049672
3238942180
3237897672
3238430180
3240126280
3242270280
3244318280
3246570838
3247050838
3246714838
3246682838
3245502280
3246842838
3245342280
3243934280
3243198280
3239870280
3238526180
3229897672
3234505672
3239198180
3238686180
3240702280
3241022280
3244862280
3245278280
3247850838
3247514838
3246522838
3246570838
3246270380
3246110380
3244766280
3245470280
3243038280
3242942280
3240446280
3241534280
3238750180
3241470280
3240094280
3243230280
3243198280
3246810838
3247210838
3248074838
3247562838
3247210838
3247242838
3246014380
3246762838
3247194838
3246522838
3245726280
3246698838
3245470280
3243966280
3246078380
3245694280
3246698838
3246794838
3247146838
3247098838
3246270380
3247242838
3246842838
3246890838
3246874838
3247402838
3247050838
3247082838
3247018838
3246014380
3247082838
3246078380
3247226838
3247098838
3247402838
3247370838
3246922838
3247066838
3246714838
3247226838
3247450838
3247018838
3247018838
3246922838
3246602838
3244990280
3246366380
3243966280
3245598280
3243038280
3245726280
3242398280
3244478280
3243710280
3245790280
3245598280
3247354838
3246442838
3247306838
3246014380
3246570838
3246014380
3246634838
3245342280
3243934280
3243294280
3239358180
3238878180
3235849672
3237705672
3239838280
3240862280
3241438280
3242270280
3244862280
3246714838
3247210838
3248298838
3247210838
3245854280
3244990280
3243550280
3242718280
3238942180
3237577672
3229641672
3230921672
3239870280
3239870280
3240062280
3242398280
3241886280
3243966280
3245342280
3246970838
3246698838
3246618838
3246698838
3245214280
3243966280
3242814280
3240382280
3238686180
3235657672
3236297672
3239326180
3236105672
3239390180
3243006280
3244318280
3246634838
3247562838
3247658838
3246586838
3246826838
3246458838
3246238380
3244222280
3244926280
3241118280
3241374280
3237321672
3236105672
3237833672
3240478280
3240990280
3244030280
3245278280
3247626838
3246778838
3247594838
3247194838
3247210838
3246954838
3246014380
3245854280
3245822280
3244894280
3244958280
3243550280
3243166280
3240638280
3242430280
3242974280
3243902280
3246238380
3244862280
3247418838
3247482838
3247402838
3247274838
3247146838
3246762838
3246014380
3246506838
3246206380
3245982280
3244574280
3243966280
3244574280
3243742280
3244414280
3244062280
3242686280
3244958280
3240382280
3246046380
3241214280
3247370838
3243614280
3247594838
3245886280
3246270380
3246506838
3245118280
3247146838
3244894280
3245214280
3244830280
3242430280
3240830280
3238046180
3236937672
3235977672
3235593672
3239582280
3237769672
3242014280
3243678280
3244830280
3246698838
3246014380
3247402838
3246714838
3245726280
3245374280
3243678280
3241630280
3232777672
3230281672
3220960256
3232073672
3234761672
3238046180
3237513672
3238078180
3240094280
3238078180
3241342280
3241854280
3242782280
3243198280
3242462280
3243230280
3240382280
3242014280
3241022280
3236553672
3237769672
3225188864
3230537672
3235849672
3239070180
3236489672
3237961672
3239326180
3237641672
3239326180
3238302180
3239550280
3238302180
3235593672
3237769672
3236809672
3238558180
3238302180
3237641672
3238366180
3238430180
3239454280
3239134180
3236617672
3239038180
3239326180
3239198180
3240062280
3238910180
3239454280
3238334180
3239966280
3238302180
3238686180
3239774280
3236617672
3239390180
3237129672
3239710280
3239646280
3240382280
3240094280
3241150280
3242718280
3242462280
3243134280
3242910280
3242686280
3242910280
3241918280
3240606280
3241630280
3240062280
3240798280
3238430180
3234185672
3232969672
3237257672
3240542280
3240030280
3239870280
3243294280
3243486280
3247146838
3246922838
3247802838
3247786838
3246014380
3246922838
3246698838
3244446280
3243742280
3240254280
3238686180
3232265672
3231177672
3238654180
3239102180
3237321672
3240702280
3242910280
3242078280
3243454280
3244510280
3245950280
3246366380
3246666838
3245726280
3244958280
3241918280
3240030280
3236425672
3226085264
3227877264
3236297672
3237705672
3229285264
3238430180
3237961672
3239454280
3242270280
3238622180
3240926280
3239358180
3239230180
3234889672
3238430180
3238046180
3229961672
3235401672
3231113672
3231433672
3237513672
3229285264
3234697672
3233545672
3232457672
3237769672
3229157264
3234633672
3229285264
3225700864
3217376256
1061632000
3162112000
1077065216
1069892608
1074633216
3218144256
3222500864
3226213264
3231945672
3230857672
3229157264
3227365264
3225060864
1062144000
1071172608
1083438024
1085230024
1092386632
1088878024
1092386632
1091746532
1090094024
1085038024
1084910024
1069380608
1059072000
3227237264
3230729672
3231497672
3220704256
1057024000
1065796608
1074121216
1087022024
1088174024
1088430024
1086446024
1086894024
1086702024
1092354632
1091074532
1088558024
1085998024
1073476608
3194642432
3229897672
3231241672
3214304256
1054011392
1064704000
1065216000
1062656000
1069380608
1074121216
1076297216
1062656000
1079113616
1071428608
1081033616
1080521616
1086574024
1085550024
1084398024
1083950024
3212699648
3162112000
3232841672
3236169672
3221732864
3227109264
3229961672
3229413264
3212699648
3231689672
3223012864
3232201672
3162112000
3194642432
1079625616
1083438024
1081417616
1084014024
1072452608
1056059392
3230793672
3238430180
3240382280
3240030280
3238814180
3234889672
3234249672
3225188864
3213024256
1048891392
1080777616
1091714532
1093794632
1089518024
1091330532
1093602632
1087022024
1080777616
1087662024
1065216000
1076937216
3162112000
3162112000
3228261264
3221988864
3229413264
1048891392
1064704000
1089070024
1088430024
1099119190
1097538632
1096290632
1097346632
1096290632
1092546632
1092930632
1086190024
1090158024
1090850532
1087022024
1090530532
1087598024
1088750024
1091330532
1092354632
1090722532
1097986632
1091970632
1098786732
1096738632
1098594732
1099471190
1099391190
1097762632
1099615190
1099167190
1099935190
1098242632
1100239190
1095042632
1098786732
1094434632
1096802632
1098722732
1096258632
1100239190
1099359190
1099663190
1100543190
1101519190
1102303240
1104127240
1103823240
1102479240
1098466632
1103199240
1100895190
1099567190
1101359190
1098959190
1101439190
1100079190
1101983190
1101615190
1101519190
1100703190
1098722732
1100255190
1098018632
1100623190
1099343190
1087982024
1100767190
1099007190
1100095190
1099903190
1100831190
1101407190
1102175240
1102399240
1101247190
1099807190
1099999190
1099279190
1099039190
1098850732
1097986632
1096482632
1092354632
1094434632
1093026632
1094914632
1096866632
1083182024
1097698632
1099247190
1096482632
1100415190
1099215190
1100895190
1089582024
1101279190
1099327190
1099391190
1101471190
1100751190
1100431190
1099695190
1099743190
1099487190
1099215190
1096738632
1095586632
1096738632
1098210632
1099423190
1100095190
1100623190
1099423190
1100463190
1100575190
1101519190
1101727190
1100447190
1101007190
1101375190
1101103190
1099967190
1100863190
1101071190
1100319190
1101519190
1101599190
1101247190
1101791190
1102623240
1102527240
1102287240
1103695240
1102975240
1103311240
1102879240
1103007240
1102687240
1102495240
1102559240
1102303240
1102799240
1102223240
1102095240
1101983190
1101935190
1102175240
1102959240
1103567240
1103423240
1103407240
1103071240
1102911240
1103135240
1102751240
1102799240
1102559240
1102591240
1102575240
1102799240
1102815240
1103119240
1103567240
1103039240
1103055240
1102815240
1103103240
1103311240
1102623240
1102783240
1102047240
1102271240
1102015240
1102719240
1103695240
1102991240
1103311240
1102303240
1102031240
1103391240
1101279190
1102543240
1101071190
1102687240
1100767190
1101359190
1101263190
1100287190
1100623190
1099487190
1100015190
1099487190
1100511190
1100495190
1101087190
1099583190
1101407190
1099487190
1102031240
1099167190
1101119190
1099103190
1101727190
1099727190
1101247190
1099087190
1100687190
1097890632
1100783190
1097570632
1101775190
1097282632
1101119190
1096738632
1100815190
1098178632
1100959190
1097794632
1100511190
1098018632
1100767190
1097506632
1100623190
1095906632
1099039190
1090286024
1095714632
1093474632
1089390024
1094402632
1093954632
1091970632
1091682532
1092962632
1092002632
1092962632
1092002632
1091010532
1092098632
1085678024
1089838024
1081801616
1084206024
1083694024
1077193216
1084974024
3218656256
1074761216
3210139648
1074505216
3215328256
3162112000
3214816256
3185229824
3223012864
3174793216
3218400256
3162112000
3216608256
1041014784
3219680256
1049915392
3162112000
3162112000
3162112000
3185229824
3197399040
3210139648
3197399040
3162112000
3207067648
3204507648
3214560256
3208091648
3216608256
3211163648
3194642432
3213024256
3162112000
3210651648
3208603648
3216608256
3207067648
3215584256
3208091648
3162112000
3208091648
3209115648
3212187648
3207067648
3213536256
3203543040
3162112000
3203543040
3206555648
3213280256
3208091648
3212187648
3206043648
3162112000
3197399040
3162112000
3203543040
3211675648
3212187648
3207067648
3208091648
3209115648
3162112000
3209627648
3188498432
3207067648
3213536256
3210139648
3210139648
3203543040
3208091648
3162112000
3209115648
3206555648
3212187648
3211675648
3214560256
3213536256
3216608256
3211163648
3162112000
3215072256
3196375040
3216608256
3211675648
3220704256
3209115648
3211675648
3209627648
3208603648
3212187648
3214560256
3220192256
3212187648
3205019648
3213792256
3162112000
3216352256
3213280256
3218144256
3214816256
3162112000
3213536256
3208603648
3217632256
3210139648
3211675648
3215328256
3162112000
3213024256
3214048256
3216608256
3214048256
3162112000
3211163648
3212187648
3218656256
3210651648
3214560256
3211675648
3162112000
3212187648
3211163648
3216608256
3212187648
3207579648
3211675648
3208603648
3211675648
3212187648
3215584256
3210139648
3162112000
3212187648
3210139648
3216608256
3210651648
3162112000
3214304256
3213024256
3216608256
3214816256
3162112000
3210651648
3211163648
3215072256
3211675648
3208091648
3212187648
3162112000
3212187648
3212699648
3215072256
3209115648
3162112000
3210139648
3211163648
3215584256
3210139648
3185229824
3211675648
3206555648
3213024256
3208091648
3216608256
3209115648
3162112000
3211675648
3204507648
3215584256
3209627648
3214560256
3212187648
3162112000
3212699648
3211163648
3215584256
3212187648
3203543040
3210651648
3208603648
3213792256
3213536256
3212187648
3214816256
3208603648
3213024256
3213536256
3212187648
3213024256
3162112000
3215072256
3212699648
3214560256
3213280256
3162112000
3213792256
3215584256
3214560256
3217376256
3162112000
3215584256
3215840256
3216096256
3215072256
3162112000
3214304256
3217120256
3214560256
3218144256
3162112000
3218144256
3214560256
3220704256
3214304256
3196375040
3215328256
3215584256
3218656256
3217120256
3216608256
3217376256
3196375040
3216352256
3217120256
3219680256
3217120256
3188498432
3217888256
3216608256
3218656256
3218144256
3203543040
3216096256
3213792256
3218656256
3214560256
3214304256
3210651648
3204507648
3216608256
3213536256
3220704256
3213536256
3162112000
3212187648
3214816256
3215584256
3216608256
3212187648
3215584256
3162112000
3216352256
3214560256
3216608256
3216608256
3201495040
3214048256
3196375040
3215584256
3213024256
3219680256
3213792256
3207067648
3213024256
3162112000
3216096256
3213536256
3218144256
3213024256
3162112000
3213536256
3212699648
3216608256
3213536256
3212187648
3213024256
3162112000
3213792256
3213536256
3215584256
3213536256
3162112000
3211163648
3214048256
3214560256
3216096256
3162112000
3213536256
3206555648
3214560256
3213536256
3211163648
3214048256
3212699648
3214560256
3212699648
3211675648
3211675648
3207067648
3216608256
3209115648
3202519040
3213536256
3209115648
3216608256
3213536256
3196375040
3213024256
3213792256
3216096256
3213536256
3212187648
3208091648
3196375040
3215840256
3211163648
3216608256
3212187648
3204507648
3214560256
3214560256
3207579648
3212187648
3214304256
3216608256
3213024256
3162112000
3213792256
3214048256
3214560256
3216096256
3200471040
3216608256
3215072256
3210139648
3213792256
3208603648
3216608256
3214816256
3209115648
3214048256
3213536256
3217632256
3214560256
3162112000
3215072256
3214560256
3214560256
3216096256
3162112000
3213536256
3216096256
3214304256
3217632256
3181133824
3214048256
3215584256
3215584256
3215840256
3208091648
3213024256
3208603648
3214816256
3211675648
3216608256
3214560256
3162112000
3213024256
3208603648
3210651648
3219680256
3162112000
3213536256
3212699648
3212187648
3214560256
3208091648
3209627648
3196375040
3213280256
3211163648
3212187648
3209115648
3162112000
3210139648
3162112000
3162112000
3221732864
3162112000
3210651648
3162112000
1048891392
3221476864
3162112000
3210139648
3208091648
3203543040
3201495040
3162112000
3181133824
3199447040
1014628352
3220192256
3162112000
3210139648
3162112000
1014628352
3217376256
3162112000
3162112000
1062144000
3210139648
3217632256
3162112000
3213536256
3204507648
3185229824
1049915392
3203543040
3218656256
3162112000
1052987392
1055035392
3212187648
3202519040
1069124608
3219168256
3162112000
1033650176
3217632256
3162112000
3194642432
1061632000
3203543040
3218400256
3206555648
1047158784
1072196608
3213536256
3190546432
1041014784
3202519040
1063680000
3216096256
3162112000
1057024000
3207067648
3199447040
3214304256
3162112000
3213792256
3162112000
3185229824
3207579648
1048891392
3216608256
3162112000
3208091648
3162112000
3196375040
3207579648
1014628352
3217888256
3162112000
3181133824
1065216000
3212187648
3222244864
3190546432
3212187648
3204507648
3203543040
1049915392
1061120000
3213536256
3212699648
3212187648
3213280256
3215584256
3206555648
3162112000
1045110784
1062144000
3214560256
3224036864
3162112000
3215584256
1048891392
3194642432
3219168256
3162112000
3215328256
1051963392
3198423040
3192594432
1073220608
3222372864
3212187648
3194642432
1051963392
3213792256
3209627648
3174793216
1041014784
3181133824
1069892608
1058048000
3207067648
3227621264
3203543040
3212699648
3206043648
3205531648
1014628352
1057024000
1069124608
1056059392
1059072000
3212187648
3162112000
1069124608
3218656256
3198423040
3162112000
1066820608
1052987392
1014628352
1057024000
3162112000
3220448256
3162112000
1045110784
3205531648
1073220608
1049915392
1048891392
1014628352
1055035392
1073220608
1052987392
3194642432
3207067648
1066308608
3162112000
1057024000
1050939392
3174793216
1047158784
1071172608
1041014784
1041014784
1041014784
1058048000
1071172608
1055035392
1049915392
3194642432
1058048000
1071172608
1057024000
1056059392
1014628352
1057024000
1072196608
1045110784
1055035392
1014628352
1057024000
1062656000
1045110784
1050939392
1063168000
1052987392
1052987392
1014628352
1055035392
1071172608
1051963392
1052987392
1014628352
1059072000
1069124608
1041014784
1056059392
1062656000
1055035392
1051963392
1014628352
1057024000
1073220608
1050939392
3206043648
3196375040
1067332608
1050939392
1014628352
1060096000
1069124608
3209115648
3219936256
3212187648
1056059392
1073220608
1048891392
1055035392
1014628352
1057024000
1069124608
1054011392
3208091648
3225060864
3207067648
3162112000
1059584000
1051963392
1057024000
1059072000
1064704000
