3239070180
3239614280
3240254280
3240606280
3240542280
3240574280
3240766280
3239358180
3241022280
3240542280
3241374280
3240958280
3240862280
3240286280
3239102180
3240478280
3240190280
3240254280
3240862280
3240606280
3240062280
3239518280
3239582280
3237641672
3239454280
3239070180
3239454280
3239134180
3238814180
3238302180
3237641672
3238302180
3238430180
3238942180
3239198180
3238686180
3237769672
3235593672
3237705672
3237129672
3238686180
3237705672
3238558180
3237193672
3234569672
3236169672
3233545672
3236425672
3236873672
3235273672
3236233672
3234761672
3234505672
3232521672
3233673672
3231497672
3234313672
3234121672
3234313672
3233737672
3234889672
3233225672
3233481672
3232585672
3230153672
3231433672
3229285264
3231369672
3230985672
3231433672
3231049672
3231433672
3230665672
3231433672
3230473672
3227493264
3231177672
3229961672
3231433672
3231433672
3231945672
3232457672
3232201672
3232201672
3230921672
3233545672
3230473672
3232713672
3232457672
3235977672
3233865672
3233545672
3232841672
3230473672
3233865672
3233737672
3233993672
3233289672
3233993672
3233097672
3229961672
3232905672
3231497672
3234249672
3233481672
3235017672
3233865672
3233481672
3232777672
3229961672
3232905672
3232521672
3235081672
3233481672
3233481672
3232073672
3230473672
3232265672
3231433672
3233481672
3233673672
3231817672
3232969672
3230473672
3233097672
3231433672
3234889672
3233865672
3233353672
3233929672
3230473672
3233865672
3234121672
3233929672
3233545672
3233481672
3233353672
3230473672
3233673672
3232841672
3234249672
3233417672
3233993672
3233161672
3230985672
3232969672
3231497672
3232969672
3232841672
3233481672
3232457672
3233225672
3232585672
3229285264
3231817672
3230985672
3231945672
3232393672
3231945672
3231817672
3227365264
3230729672
3229285264
3231433672
3230857672
3232201672
3231177672
3229285264
3231177672
3230473672
3232265672
3230921672
3230921672
3229705672
3223652864
3228901264
3227237264
3229157264
3227109264
3227621264
3227749264
3221604864
3226597264
3225572864
3228133264
3226341264
3222116864
3226085264
3225188864
3226981264
3226085264
3225572864
3225060864
3216864256
3224548864
3225060864
3224804864
3223012864
3223012864
3221988864
3212699648
3223012864
3216864256
3223268864
3223524864
3226085264
3223524864
3222244864
3224420864
3220960256
3226085264
3226341264
3228133264
3227237264
3225060864
3226085264
3226213264
3226981264
3228133264
3230153672
3227365264
3227109264
3227621264
3223140864
3229285264
3227621264
3230217672
3229157264
3229157264
3228389264
3223140864
3228133264
3227749264
3227237264
3227749264
3227109264
3226085264
3227109264
3225572864
3220960256
3227877264
3226213264
3226085264
3226853264
3229641672
3226853264
3229897672
3227109264
3223140864
3228261264
3228517264
3226213264
3228645264
3229157264
3226853264
3225316864
3227365264
3225188864
3228261264
3229897672
3230409672
3229641672
3228133264
3229641672
3225188864
3230153672
3230345672
3230665672
3230153672
3228645264
3228133264
3225188864
3229541264
3230153672
3229157264
3229157264
3223140864
3227493264
3229285264
3203543040
3220960256
3223268864
3228005264
3223140864
3229897672
3230665672
3229029264
3229157264
3222116864
3224548864
3223652864
3223012864
3223908864
3226597264
3223780864
3212699648
3224036864
3223396864
1062656000
3202519040
3206043648
3221988864
3222372864
3227109264
3225700864
3220960256
3225572864
3224164864
3223524864
3221860864
3212699648
3219680256
3221348864
3214560256
3214304256
3208091648
3214048256
3206555648
3218656256
3217632256
3220704256
3219680256
3196375040
3220960256
3221860864
3215584256
3216864256
3162112000
3213024256
3216608256
1073476608
1058560000
3203543040
3214560256
3212699648
3222756864
3223012864
3226085264
3223524864
3218144256
3222244864
3206555648
3220960256
3219936256
1069380608
3162112000
3208091648
3216608256
3196375040
3222244864
3226213264
3221604864
3224292864
3223012864
3224292864
3218912256
3224676864
3225700864
1048891392
3215584256
3216096256
3224036864
3220960256
3227365264
3226853264
3208091648
3218912256
3223012864
3226085264
3225188864
3229641672
3228901264
3227877264
3199447040
1073220608
3214816256
3225316864
1014628352
3221988864
3223396864
3230409672
3229705672
3218144256
3226725264
3226085264
3227621264
3224676864
3225188864
3220960256
3229897672
3229769672
3219168256
3216096256
3162112000
3220192256
3220960256
3231305672
3228645264
3218656256
3225957264
3212187648
3210139648
3220960256
3231369672
3231241672
3223012864
3223908864
3208091648
1054011392
3204507648
3228261264
3232969672
3223268864
3225316864
3216608256
1047158784
1074505216
3218144256
3229961672
3211675648
3228133264
3227109264
3201495040
1063680000
3221216256
3223140864
3225188864
3208603648
1060096000
3215840256
1057024000
3214048256
3221348864
3227365264
3162112000
3220704256
3230473672
3203543040
3214048256
1041014784
3196375040
3213280256
3225316864
3220960256
3162112000
3206043648
1065216000
3206043648
3162112000
3221732864
3220960256
1052987392
3215584256
1066308608
3208091648
3196375040
3223908864
3221860864
1061120000
3214048256
1066308608
3174793216
3162112000
3223140864
3226981264
1014628352
3217120256
1071172608
3174793216
3208603648
3225060864
3224548864
3220704256
3216608256
3212699648
3220192256
3162112000
1067332608
3213536256
1065216000
3208603648
3214816256
3224292864
3205531648
1061120000
3219168256
1059072000
1066308608
1077577216
3214048256
3227493264
3210139648
3223908864
3162112000
1056059392
3162112000
1065216000
3219168256
3162112000
1057024000
1062144000
3224036864
3230921672
3231497672
3229769672
3227109264
3222500864
3218656256
3162112000
3207067648
3217888256
3194642432
3174793216
1071172608
1052987392
1061120000
3229157264
3221604864
3208091648
3218912256
3206555648
3218144256
3233993672
3228133264
3227109264
3220960256
3224804864
3231305672
3221476864
3227109264
3220704256
3223396864
3196375040
3222244864
3229833672
3217632256
3226085264
3162112000
3221216256
3217120256
3219680256
3216608256
3212699648
3216608256
3224548864
3220704256
3220448256
3209115648
3217632256
3226725264
3216096256
3222244864
3214560256
3216864256
3212699648
3218656256
3217632256
3218656256
3215584256
3204507648
3212187648
3215328256
3162112000
3192594432
1064704000
1052987392
1066820608
1072196608
1070404608
1073220608
3218656256
3225828864
3232969672
3225444864
3208603648
3214560256
3204507648
1048891392
1063168000
1076553216
1071428608
1074889216
3219680256
1059072000
3221732864
3211675648
3162112000
1045110784
1061632000
1065216000
1069380608
1079625616
3211163648
3222500864
3236297672
3225828864
3204507648
3217376256
3218144256
1014628352
1048891392
1074505216
1067588608
1073220608
3220704256
3162112000
1059072000
1059072000
1075529216
1064704000
1067332608
3229897672
3214560256
3162112000
3213536256
3216864256
3208091648
3220704256
3212187648
3206043648
3162112000
3194642432
3162112000
3211163648
3181133824
3212187648
3205019648
3203543040
3212187648
3162112000
3216096256
3217120256
3222500864
3222628864
3226085264
3228133264
3225188864
3231049672
3246586838
3221476864
3224676864
3225060864
3227749264
3221604864
3229641672
3229641672
3230409672
3230217672
3230665672
3229897672
3225188864
3230473672
3229961672
3230921672
3246554838
3218144256
3221860864
3220960256
3230409672
3246474838
3225060864
3225316864
3226725264
3232265672
3231497672
3246762838
3246334380
3208091648
3216608256
3222116864
3232201672
3233033672
3234633672
3246762838
3246698838
3197399040
3206043648
3227493264
3227237264
3233481672
3233993672
3235017672
3246714838
3245246280
1057024000
3185229824
3226085264
3228517264
3227237264
3232265672
3232905672
3233481672
3246698838
3245246280
1061632000
3246538838
1066308608
1061120000
3174793216
3223012864
3220960256
3230089672
3228517264
3229641672
3227877264
3224164864
3224804864
3246522838
1059072000
1063168000
1073220608
3199447040
3205019648
3212187648
3210139648
3192594432
3209115648
3196375040
3214560256
3209627648
3216608256
3213536256
3162112000
3214560256
1056059392
3219680256
3203543040
3221988864
3214816256
3216096256
3218144256
3212699648
3221476864
3215584256
3224036864
3221476864
3213792256
3220704256
3204507648
3246110380
1066308608
1014628352
3174793216
3196375040
3217632256
3222116864
3224932864
3223012864
3227109264
3224292864
3216864256
3246666838
3246238380
1073476608
1073476608
3162112000
3210139648
3214816256
3229157264
3229413264
3232713672
3246746838
3245246280
3244862280
1074889216
1062144000
3212187648
3224804864
3229897672
3229961672
3246826838
3246366380
3212187648
3218656256
3246698838
3246570838
3162112000
3213792256
3223140864
3246826838
3230665672
3234889672
3246794838
3245374280
3246442838
3162112000
3246634838
3246506838
3215584256
3224420864
3246014380
3246586838
3219680256
3246666838
3229769672
3246826838
3246570838
3245246280
3246334380
3162112000
3226597264
3233993672
3246954838
3246046380
3245374280
3245982280
3246014380
3246474838
1069380608
3219168256
3246714838
3246634838
3246474838
3245118280
3246458838
3162112000
3230153672
3234633672
3246698838
3245950280
3245598280
3245630280
3244606280
3246238380
1079113616
1057024000
3227237264
3246890838
3246570838
3246570838
3246302380
3234569672
3206043648
3226725264
3246570838
3246618838
3246570838
3246458838
3244990280
1073476608
3162112000
3246794838
3224420864
3229157264
3246602838
3244990280
3246394838
1068612608
3208603648
3246682838
3246570838
3235337672
1075529216
3219936256
3224548864
3246442838
3246238380
3245662280
1072964608
3162112000
3246730838
3201495040
3243934280
3246522838
3245054280
1074377216
3162112000
3224932864
3246666838
3246762838
3246410838
1077065216
3162112000
3223140864
3246762838
3246570838
3246634838
3235785672
1064192000
3245406280
3246490838
3246570838
1067332608
3214048256
3246602838
3246014380
3246538838
3246174380
1066308608
3207067648
3246014380
3246554838
3206555648
3246810838
3246394838
3244990280
3246394838
1069380608
3217888256
3246666838
3245886280
3246302380
3246014380
3246634838
3246206380
1069892608
3211163648
3246014380
3246554838
3223012864
3246762838
3245534280
3245118280
3245950280
3246410838
3246442838
1069380608
3218656256
3246458838
3243966280
3245374280
3246522838
3245342280
3246490838
3246442838
1047158784
3246014380
3245534280
3227877264
3245470280
3245214280
3241918280
3244894280
3244734280
3245598280
3246238380
3246302380
3246366380
3246270380
3246474838
3203543040
3231433672
3245534280
3242686280
3239710280
3243294280
3244702280
3245662280
3244734280
3246110380
3246394838
3246602838
1061120000
3222116864
3245918280
3246826838
3242910280
3245534280
3241918280
3244382280
3245918280
3246426838
3246014380
3244990280
3246410838
1071428608
3223012864
3246238380
3243454280
3244190280
3244254280
3246410838
3246366380
3246238380
3245886280
3243966280
1075785216
3208091648
3246890838
3245214280
3244990280
3245470280
3246458838
3246238380
1075273216
3246366380
3245918280
3246014380
3246442838
3245886280
1073476608
3197399040
3246014380
3245470280
3246570838
3245982280
3246334380
3244990280
1075657216
3246270380
3246426838
1069636608
3246570838
3245022280
3246014380
3246366380
3246078380
3242526280
1075657216
3162112000
3246506838
3246142380
3244318280
3246506838
3246238380
3245854280
3245246280
1075401216
3246014380
3245790280
3246506838
3246634838
3246238380
1077577216
3212187648
3246014380
3242910280
3246142380
3244574280
3244638280
3244478280
3246046380
3246410838
3246570838
3245470280
3245982280
1074889216
3196375040
3244830280
3246014380
3241502280
3243518280
3243966280
3245694280
3245086280
3246570838
3246206380
3244990280
3246334380
3246334380
3246698838
3245214280
3244990280
3246490838
3246426838
3246666838
3246334380
3244990280
3245182280
3245726280
3243678280
3244702280
3244446280
3244574280
3244670280
3245726280
3244958280
3245214280
3245470280
3244990280
3245022280
3244926280
3245918280
3245374280
3243454280
3244574280
3243422280
3244958280
3245470280
3244478280
3244062280
3243806280
3245214280
3244894280
3243198280
3243486280
3243934280
3244958280
3244638280
3242430280
3244286280
3244574280
3243934280
3244830280
3244094280
3245214280
3244926280
3242942280
3244414280
3244510280
3244766280
3244574280
3244254280
3244670280
3243230280
3245342280
3245406280
3243198280
3244062280
3245022280
3245470280
3244926280
3244478280
3244574280
3244350280
3245790280
3245854280
3243966280
3243294280
3244894280
3246570838
3245566280
3244574280
3245534280
3245630280
3245662280
3245598280
3246302380
3245726280
3243966280
3245534280
3245214280
3245982280
3246174380
3244990280
3245694280
3245118280
3245982280
3245502280
3245950280
3245918280
3244990280
3245726280
3245534280
3246442838
3245822280
3244222280
3245662280
3245182280
3246366380
3246302380
3243966280
3246078380
3245694280
3245470280
3245822280
3244606280
3245342280
3245086280
3245982280
3246046380
3243454280
3245406280
3245214280
3245918280
3246014380
3244990280
3244446280
3244894280
3245982280
3245374280
3243198280
3244766280
3244766280
3245470280
3245470280
3244990280
3244030280
3243198280
3245662280
3244766280
3244446280
3244734280
3242942280
3243678280
3243390280
3244958280
3245022280
3244254280
3244222280
3243198280
3244446280
3244702280
3244190280
3243934280
3243966280
3243294280
3240894280
3244702280
3242622280
3241918280
3243358280
3240286280
3243934280
3242654280
3243678280
3242270280
3242430280
3242590280
3242846280
3242910280
3243422280
3241918280
3242270280
3241406280
3243230280
3244926280
3242334280
3242718280
3241150280
3242238280
3240318280
3242398280
3240958280
3241630280
3241118280
3239358180
3240542280
3238974180
3240638280
3241982280
3241086280
3243422280
3240286280
3242270280
3238846180
3241278280
3237513672
3243102280
3241758280
3243806280
3242206280
3242302280
3242430280
3241534280
3243230280
3242910280
3244446280
3243550280
3243262280
3243294280
3243454280
3243806280
3244574280
3243934280
3244510280
3241918280
3244830280
3241150280
3244574280
3243166280
3245214280
3243358280
3243966280
3243550280
3243614280
3244382280
3245758280
3242910280
3245406280
3242174280
3244830280
3242590280
3245854280
3244414280
3245214280
3244446280
3243966280
3244670280
3244094280
3245182280
3244766280
3245438280
3244638280
3242942280
3244958280
3243358280
3245598280
3245022280
3244158280
3244190280
3242686280
3245790280
3244702280
3244350280
3244478280
3245054280
3243742280
3245086280
3244638280
3243422280
3242046280
3245086280
3244958280
3243038280
3244798280
3242046280
3242654280
3245150280
3242270280
3243806280
3241758280
3242814280
3239870280
3242590280
3238942180
3242398280
3241406280
3239486280
3239998280
3242846280
3240478280
3243518280
3237833672
3242686280
3236105672
3240862280
3239838280
3240350280
3238814180
3241150280
3238782180
3237641672
3238494180
3240670280
3237193672
3240446280
3232009672
3238302180
3229833672
3238238180
3226853264
3232137672
3222884864
3226213264
3226469264
3230921672
3208091648
3221604864
3212699648
3217632256
3215584256
3218656256
3216608256
3162112000
3192594432
1058048000
1033650176
3162112000
3162112000
1061120000
1059072000
1069636608
1069124608
1076553216
1073732608
1085678024
1081801616
1080905616
1089582024
1085806024
1078985616
1086574024
1084526024
1087022024
1088814024
1091874532
1086062024
1090978532
1092098632
1091618532
1092674632
1093154632
1091138532
1092386632
1092322632
1094402632
1093442632
1096034632
1093186632
1094114632
1095170632
1097986632
1093826632
1097698632
1094498632
1095714632
1095330632
1096962632
1096482632
1094882632
1094690632
1096354632
1098242632
1096930632
1093922632
1097506632
1096770632
1094402632
1098018632
1098959190
1097154632
1095202632
1098975190
1099695190
1099983190
1099871190
1100607190
1100415190
1101407190
1102671240
1103663240
1104463240
1103071240
1102447240
1104159240
1104479240
1103759240
1103791240
1105359290
3243838280
3238302180
1100767190
1104895240
1097474632
1104367240
1105871290
1102207240
1102031240
1102879240
1102511240
1106911290
1104895240
1105359290
1103727240
1100751190
1101823190
1102015240
1103327240
1104847240
1105711290
1105391290
1105743290
1105151240
1105103240
1103839240
1105183240
1105855290
1105343290
1106383290
1105503290
1105263240
1104415240
1103167240
1103215240
1104639240
1105071240
1104639240
1105215240
1105071240
1105279290
1105551290
1105375290
1105871290
1104783240
1105247240
1105311290
1105583290
1105375290
1105791290
1106383290
1105375290
1105423290
1102863240
1103807240
1104991240
1105055240
1105263240
1105423290
1105871290
1105503290
1105343290
1105055240
1104607240
1106127290
1105519290
1105391290
1105503290
1105599290
1105663290
1105519290
1105743290
1103919240
1103871240
1104607240
1105119240
1105871290
1105375290
1105391290
1105247240
1105311290
1104719240
1104559240
1105871290
1105439290
1105471290
1105503290
1105503290
1106127290
1105247240
1104847240
1103071240
1104047240
1104927240
1104943240
1105743290
1105279290
1105487290
1105343290
1105439290
1105375290
1105151240
1106127290
1105503290
1105535290
1105375290
1105519290
1105119240
1103967240
1103695240
1104111240
1104847240
1104351240
1104783240
1105135240
1105279290
1105247240
1105391290
1106127290
1105487290
1105423290
1105455290
1105359290
1105183240
1105119240
1105391290
1104575240
1104847240
1104831240
1105071240
1104607240
1105119240
1105471290
1105071240
1105871290
1105215240
1105023240
1104927240
1105183240
1104863240
1104943240
1105615290
1104927240
1104351240
1104607240
1105087240
1104735240
1104735240
1105871290
1104895240
1104927240
1104639240
1104959240
1104991240
1104671240
1105359290
1104863240
1104607240
1104607240
1104927240
1104479240
1104607240
1105007240
1104927240
1105103240
1104463240
1105007240
1104575240
1104815240
1104543240
1104943240
1104895240
1105007240
1105807290
1105167240
1105103240
1105023240
1105263240
1105055240
1105359290
1105743290
1105359290
1105359290
1105183240
1105247240
1105023240
1105215240
1105135240
1105295290
1105759290
1105455290
1105871290
1105471290
1105519290
1105247240
1105455290
1105375290
1105631290
1105711290
1105631290
1106383290
1105599290
1105743290
1105503290
1105535290
1105343290
1104943240
1105119240
1105055240
1105439290
1105039240
1105871290
1105407290
1105871290
1105471290
1105631290
1105375290
1105503290
1105183240
1105583290
1105247240
1105487290
1106383290
1105551290
1105615290
1105279290
1104959240
1102943240
1103535240
1105023240
1104799240
1105103240
1105119240
1105407290
1105311290
1105519290
1105503290
1105535290
1106319290
1105599290
1105871290
1105503290
1105551290
1105135240
1104319240
1103823240
1103663240
1104239240
1104095240
1104495240
1104735240
1104943240
1105871290
1105407290
1105551290
1105439290
1105567290
1105375290
1105615290
1105855290
1105519290
1105743290
1105103240
1104367240
1103839240
1104319240
1104831240
1104463240
1105615290
1105247240
1104863240
1105183240
1105551290
1105999290
1105727290
1105871290
1105631290
1105551290
1105439290
1105647290
1106127290
1104991240
1103999240
1102815240
1103775240
1105231240
1104287240
1104655240
1105151240
1105327290
1105247240
1105583290
1105871290
1105375290
1105535290
1105439290
1105519290
1105567290
1105663290
1106383290
1105183240
1104351240
1102815240
1103631240
1104479240
1104671240
1105743290
1105439290
1105439290
1105247240
1105535290
1104607240
1104991240
1106015290
1105471290
1105871290
1105583290
1105567290
1105311290
1105535290
1105551290
1105119240
1104335240
1104479240
1104847240
1104927240
1105455290
1106255290
1105407290
1105327290
1104095240
1104927240
1105807290
1105551290
1105871290
1105551290
1105567290
1105407290
1105631290
1105999290
1105471290
1105071240
1104687240
1104687240
1105375290
1105263240
1105615290
1105375290
1105375290
1104991240
1104623240
1105871290
1105311290
1105263240
1105375290
1105631290
1106127290
1105727290
1105567290
1105263240
1105247240
1104159240
1104191240
1105103240
1104735240
1104847240
1105311290
1105487290
1105247240
1105375290
1106127290
1105295290
1105807290
1105263240
1105567290
1105695290
1105519290
1105871290
1103839240
1102623240
1103391240
1104207240
1104719240
1104351240
1104959240
1104991240
1105119240
1105119240
1105615290
1105823290
1105439290
1105871290
1105535290
1105599290
1105151240
1105039240
1104687240
1103135240
1103439240
1103999240
1104047240
1103839240
1104831240
1105343290
1104879240
1105615290
1105103240
1105167240
1105023240
1105343290
1105151240
1105295290
1105679290
1105215240
1105103240
1104607240
1104783240
1103903240
1104719240
1105167240
1104911240
1105327290
1104863240
1105119240
1105119240
1105071240
1105871290
1105311290
1105423290
1105247240
1105167240
1105247240
1104767240
1104847240
1102959240
1102639240
1103967240
1104607240
1104287240
1104735240
1105487290
1104927240
1104863240
1104735240
1104991240
1105359290
1105183240
1105263240
1104927240
1105087240
1105615290
1104991240
1104847240
1103487240
1103519240
1103903240
1104831240
1104847240
1105039240
1104735240
1104607240
1104223240
1104655240
1104607240
1105615290
1104799240
1104991240
1105263240
1105151240
1105295290
1105055240
1105103240
1104863240
1105087240
1105615290
1104927240
1105311290
1104863240
1104767240
1105231240
1104495240
1104911240
1104479240
1105071240
1105103240
1104767240
1104959240
1104991240
1104991240
1105615290
1105135240
1105583290
1104671240
1105263240
1105743290
1104671240
1105599290
1104383240
1104991240
1105279290
1105055240
1105071240
1104927240
1105103240
1105183240
1105039240
1105807290
1105119240
1104927240
1104287240
1104895240
1104847240
1104863240
1104719240
1104767240
1104543240
1104927240
1104671240
1105679290
1104495240
1105071240
1104911240
1105055240
1104863240
1105055240
1105807290
1104527240
1103903240
1103071240
1103055240
1103839240
1103775240
1104591240
1104415240
1104767240
1104479240
1104847240
1105359290
1104815240
1104751240
1104671240
1104879240
1105279290
1104831240
1104815240
1103839240
1102831240
1102719240
1103679240
1104335240
1103727240
1104607240
1104511240
1104879240
1105615290
1104863240
1104767240
1104495240
1104735240
1104959240
1104991240
1105615290
1105007240
1103967240
1104031240
1103103240
1103007240
1103887240
1104847240
1104255240
1104767240
1104863240
1105055240
1104671240
1104623240
1105231240
1104943240
1105023240
1104671240
1104991240
1105487290
1104847240
1104847240
1104415240
1103871240
1103711240
1104447240
1105199240
1104959240
1105359290
1104927240
1104799240
1104351240
1104479240
1105519290
1104863240
1105359290
1105055240
1105087240
1104991240
1105087240
1105407290
1104895240
1104847240
1104399240
1104223240
1104511240
1105023240
1104863240
1104959240
1105327290
1104543240
1105103240
1104927240
1104799240
1104863240
1105199240
1105519290
1105135240
1105615290
1105119240
1104943240
1104671240
1104543240
1104847240
1104735240
1104783240
1104863240
1105215240
1104991240
1105071240
1105359290
1104943240
1105391290
1104735240
1105119240
1105407290
1105311290
1105615290
1104863240
1104399240
1103711240
1103839240
1104847240
1104479240
1104639240
1104735240
1105119240
1105631290
1105135240
1105295290
1104959240
1105375290
1105375290
1105231240
1105871290
1104943240
1103855240
1102943240
1103247240
1103935240
1104079240
1104335240
1104351240
1104831240
1105487290
1105199240
1105295290
1105151240
1105311290
1105871290
1105359290
1105199240
1104735240
1104447240
1104015240
1102015240
1103007240
1103103240
1103711240
1104527240
1104575240
1104495240
1104479240
1104879240
1105487290
1105231240
1105167240
1104991240
1105151240
1105551290
1104623240
1104191240
1103583240
1103647240
1103839240
1103839240
1104207240
1103919240
1103983240
1104159240
1104495240
1104847240
1104799240
1104479240
1104607240
1104671240
1105231240
1104879240
1104719240
1104351240
1104287240
1104223240
1104287240
1104527240
1104223240
1104479240
1104415240
1104879240
1104847240
1104783240
1104671240
1105055240
1104847240
1105103240
1104943240
1105071240
1105375290
1105247240
1105295290
1105135240
1105199240
1105247240
1105055240
1105359290
1104863240
1105215240
1105359290
1105247240
1104863240
1104927240
1105279290
1105871290
1105567290
1105279290
1105375290
1105343290
1105871290
1105439290
1105567290
1105151240
1105471290
1106127290
1105423290
1105503290
1105151240
1105455290
1105871290
1105231240
1105183240
1104671240
1105263240
1105359290
1105199240
1105263240
1105247240
1105615290
1105871290
1105631290
1105519290
1105423290
1105535290
1106063290
1105407290
1105135240
1104383240
1104127240
1103599240
1103279240
1103759240
1103775240
1104207240
1104479240
1104975240
1105871290
1105231240
1105343290
1105183240
1105503290
1106127290
1105471290
1104959240
1104415240
1103551240
1101903190
1102431240
1101007190
1102111240
1102143240
1102879240
1103663240
1104463240
1103951240
1104143240
1104079240
1104271240
1103519240
1103679240
1103855240
1103247240
1102927240
1103231240
1101119190
1102815240
1102335240
1102415240
1102383240
1102783240
1102175240
1103071240
1102303240
1101663190
1102671240
1100959190
1100991190
1101023190
1100719190
1101823190
1101071190
1101775190
1101343190
1102047240
1101791190
1102719240
1102543240
1102175240
1100959190
1101471190
1101535190
1102735240
1101743190
1102031240
1101359190
1102799240
1101151190
1101855190
1102543240
1101215190
1101151190
1101599190
1101631190
1101215190
1102239240
1102799240
1102223240
1102591240
1101663190
1101887190
1103631240
1102303240
1102943240
1102495240
1103295240
1102799240
1102879240
1103871240
1102111240
1102719240
1103055240
1102239240
1102047240
1103007240
1102687240
1103823240
1103359240
1102783240
1103327240
1103263240
1104335240
1103647240
1103551240
1103711240
1104159240
1104847240
1104223240
1104351240
1103999240
1104223240
1104847240
1104271240
1104127240
1104175240
1104447240
1104287240
1104175240
1104847240
1103727240
1103663240
1103327240
1103231240
1103647240
1103199240
1103567240
1103279240
1102271240
1103391240
1102911240
1104623240
1103775240
1104847240
1104111240
1104367240
1103455240
1103455240
1102799240
1101119190
1100991190
1096866632
1099199190
1100367190
1099423190
1100751190
1100143190
1101279190
1101535190
1103231240
1104847240
1104079240
1102463240
1103839240
1102879240
1103311240
1100831190
1099007190
1095202632
1095074632
1095362632
1095330632
1096322632
1096994632
1098498632
1099119190
1100063190
1100751190
1101631190
1102303240
1101615190
1101167190
1100383190
1099839190
1100495190
1094882632
1092098632
1091106532
1091298532
1093922632
1092898632
1093762632
1093250632
1093698632
1093474632
1094914632
1096418632
1096354632
1099215190
1098082632
1099103190
1099295190
1097698632
1100031190
1094114632
1096962632
1094786632
1092578632
1095586632
1094306632
1094882632
1095906632
1095938632
1095682632
1098306632
1098018632
1097602632
1098786732
1099023190
1099727190
1098338632
1098466632
1100335190
1099087190
1098975190
1101071190
1100255190
1098911190
1101135190
1101055190
1099727190
1099903190
1100575190
1100255190
1100703190
1101279190
1101407190
1101903190
1101535190
1100335190
1101423190
1102271240
1101151190
1102335240
1101311190
1101327190
1101391190
1100447190
1100239190
1100927190
1102079240
1100639190
1101631190
1102031240
1101663190
1101647190
1101055190
1101887190
1100895190
1100607190
1101391190
1101087190
1101263190
1100559190
1101151190
1100895190
1100575190
1100895190
1101407190
1100495190
1101951190
1101903190
1100447190
1101183190
1100895190
1097602632
1098338632
1099871190
1099215190
1092994632
1098210632
1093410632
1095874632
1094722632
1098082632
1096962632
1098626732
1098818732
1099743190
1099423190
1094402632
1096802632
1093922632
1096354632
1092130632
1091554532
1072708608
1064704000
3196375040
1086638024
1086126024
1074633216
1085294024
1093410632
1093378632
1098911190
1098530732
1100895190
1099103190
1092290632
1093666632
1074505216
1014628352
3233993672
3234377672
3217632256
1080393616
1091394532
1083438024
1083246024
1079241616
1067332608
1082990024
1091106532
1086958024
1092354632
1082862024
1061120000
3208091648
3174793216
3214560256
3223012864
1083438024
1084014024
3197399040
3228645264
1085038024
1077577216
3236809672
3226341264
3217632256
1082158024
1090914532
1072708608
1083950024
1091362532
1083566024
1048891392
1070916608
1085742024
1076553216
3227749264
1087086024
1085998024
3162112000
1081545616
1092322632
3224804864
3174793216
1087982024
1069892608
3217120256
1082734024
1082606024
1064192000
1081801616
1092226632
1079113616
3233481672
1091170532
3199447040
3203543040
1092962632
1088046024
1073732608
3233865672
1094882632
3217888256
1075529216
1093122632
1091330532
1084526024
3210139648
1098274632
1094818632
1093890632
1092514632
1090094024
1079241616
1082286024
1084334024
3174793216
1073220608
1082057616
1077705216
1070916608
1078345216
1075657216
1078729616
1090094024
1092098632
3238942180
1074121216
3221476864
1087470024
1081801616
1087022024
1088750024
1075401216
1050939392
1079113616
3219680256
3225828864
3229285264
3240030280
3246714838
3236489672
3240510280
3233481672
1056059392
3232393672
1061632000
3196375040
1072964608
3220448256
1075785216
3231817672
3162112000
3239838280
3230985672
3242526280
3241438280
3240094280
3241982280
3239358180
3239326180
3240478280
3240094280
3237961672
3236105672
3240478280
3239614280
3239294180
3241118280
3240926280
3240222280
3239998280
3242206280
3242110280
3241374280
3242718280
3240894280
3242558280
3239006180
3243678280
3243198280
3240638280
3243230280
3241246280
3244062280
3242462280
3243294280
3242654280
3242942280
3243390280
3244126280
3244446280
3245182280
3243518280
3246110380
3245214280
3247210838
3245854280
3246618838
3245310280
3246334380
3244446280
3244286280
3237641672
3239582280
3225060864
3233481672
3239454280
3237641672
3238686180
3240958280
3243166280
3242334280
3244830280
3245214280
3243198280
3243646280
3240862280
3241886280
3240734280
3239870280
3239262180
3236041672
3231433672
3230857672
3237641672
3239038180
3231689672
3236937672
3240414280
3234057672
3240606280
3239326180
3243166280
3239230180
3241502280
3239646280
3238846180
3235785672
3240382280
3230409672
3227365264
3238846180
3236873672
3225700864
3238814180
3240990280
3237321672
3239134180
3238846180
3238846180
3239134180
3240286280
3239934280
3237897672
3240158280
3239678280
3240798280
3241022280
3240606280
3241502280
3239870280
3240734280
3239742280
3241310280
3240926280
3240638280
3241374280
3241918280
3241630280
3242494280
3239870280
3242270280
3242366280
3241630280
3242366280
3239870280
3241726280
3240254280
3241886280
3240638280
3242782280
3241758280
3242430280
3243134280
3245502280
3244958280
3246970838
3246174380
3246570838
3246014380
3245342280
3243262280
3243550280
3239230180
3234569672
3232457672
3233225672
3241118280
3241214280
3240894280
3245118280
3245246280
3247626838
3247594838
3247402838
3246890838
3246714838
3246586838
3244478280
3245534280
3243070280
3243390280
3239966280
3238334180
3235273672
3238014180
3240030280
3241374280
3243294280
3245406280
3246014380
3247642838
3247866838
3246986838
3247146838
3247594838
3246014380
3242974280
3246634838
3240894280
3244478280
3240990280
3243806280
3239262180
3244190280
3239134180
3243934280
3240478280
3244990280
3242270280
3247210838
3244574280
3246506838
3246506838
3245918280
3242430280
3244158280
3239998280
3242142280
3232585672
3237577672
3233353672
3230473672
3235785672
3237001672
3238142180
3240350280
3241822280
3242814280
3243070280
3245470280
3246142380
3246238380
3245470280
3244382280
3242782280
3239102180
3236233672
3204507648
3203543040
3231689672
3230793672
3229641672
3236809672
3238910180
3234057672
3239710280
3238686180
3241118280
3239998280
3240382280
3240798280
3241406280
3240670280
3242078280
3239582280
3241150280
3233545672
3238686180
3235529672
3236553672
3239006180
3237257672
3238782180
3239870280
3240830280
3241630280
3243166280
3243454280
3242238280
3244094280
3241918280
3244030280
3241374280
3242398280
3238046180
3235081672
3234569672
3234057672
3237385672
3239198180
3239070180
3240158280
3240894280
3242910280
3243966280
3245598280
3246730838
3246922838
3246014380
3244222280
3244574280
3243454280
3242846280
3240286280
3239326180
3233481672
3229961672
3236297672
3234441672
3240990280
3242398280
3244510280
3246506838
3246970838
3247434838
3246762838
3246046380
3246570838
3245118280
3244766280
3244830280
3243806280
3244062280
3241150280
3242942280
3241566280
3243806280
3243422280
3243454280
3245214280
3245502280
3247082838
3246410838
3246014380
3246046380
3244030280
3245982280
3244702280
3242942280
3244478280
3243710280
3244670280
3244190280
3244446280
3244734280
3242942280
3245534280
3244190280
3245406280
3245118280
3243710280
3244766280
3243070280
3244190280
3242526280
3242654280
3241118280
3239358180
3239134180
3238046180
3239582280
3239006180
3239102180
3241822280
3242270280
3243934280
3245342280
3244958280
3245470280
3243966280
3244446280
3242686280
3242526280
3239966280
3237193672
3232841672
3224164864
3230921672
3235785672
3237577672
3237513672
3239870280
3241054280
3244222280
3243294280
3244990280
3244382280
3242526280
3240894280
3239774280
3232009672
3234249672
3231113672
3232457672
3236041672
3234249672
3235529672
3237641672
3239390180
3241246280
3243038280
3243422280
3244062280
3244062280
3242942280
3242750280
3242974280
3240478280
3239614280
3235273672
3234121672
3231497672
3231177672
3236361672
3239806280
3239070180
3243422280
3242718280
3243966280
3244446280
3244990280
3244894280
3244158280
3243166280
3241406280
3238846180
3237065672
3237065672
3235017672
3236553672
3239966280
3240478280
3241918280
3243742280
3245118280
3246634838
3245726280
3246794838
3245534280
3243198280
3242846280
3242590280
3241118280
3239038180
3238430180
3238046180
3237641672
3240094280
3240926280
3243806280
3244766280
3243966280
3246970838
3245502280
3246922838
3246602838
3244798280
3244446280
3243454280
3243550280
3243006280
3241822280
3242366280
3238846180
3242014280
3237385672
3243166280
3240190280
3244382280
3242526280
3243966280
3243902280
3244798280
3244318280
3243902280
3242558280
3242878280
3241406280
3241182280
3240446280
3240094280
3239998280
3238494180
3240158280
3238846180
3241726280
3241374280
3243614280
3243294280
3243806280
3243838280
3241918280
3241758280
3239870280
3239326180
3237065672
3236553672
3232329672
3232457672
3231881672
3232521672
3236425672
3239006180
3238814180
3243902280
3240126280
3245502280
3244990280
3247530838
3245502280
3243422280
3247722838
3244222280
3247530838
3247562838
3247786838
3247066838
3246270380
3245342280
3245246280
3243870280
3243806280
3244062280
3244062280
3242942280
3244350280
3243358280
3244414280
3243102280
3241502280
3240606280
3238846180
3239838280
3239070180
3239838280
3238622180
3239326180
3238046180
3237641672
3238526180
3238846180
3239454280
3239006180
3239582280
3239326180
3238334180
3239198180
3239294180
3239838280
3239550280
3239774280
3238686180
3237641672
3238878180
3238558180
3239326180
3238814180
3239326180
3238430180
3236745672
3238526180
3236617672
3238270180
3238270180
3238174180
3237513672
3236105672
3235721672
3232521672
3235465672
3235401672
3236041672
3235529672
3234505672
3234185672
3232265672
3234121672
3231497672
3233865672
3234633672
3232585672
3231945672
3231945672
3231497672
3230409672
3230921672
3227237264
3231369672
3231561672
3231689672
3230665672
3229897672
3230345672
3226213264
3230665672
3230921672
3231433672
3230665672
3227877264
3231177672
3229705672
3231433672
3231369672
3232713672
3231945672
3229541264
3232457672
3229285264
3232137672
3233225672
3232457672
3232585672
3229285264
3231945672
3232137672
3232201672
3233161672
3232457672
3231945672
3229285264
3232393672
3231369672
3234505672
3233289672
3232201672
3233225672
3230473672
3233481672
3232777672
3233417672
3233225672
3230921672
3231369672
3229285264
3232073672
3232585672
3233481672
3231881672
3229961672
3232777672
3231817672
3233353672
3233289672
3229285264
3232521672
3232713672
3232201672
3233481672
3233481672
3232649672
3231497672
3233225672
3232777672
3234761672
3233097672
3230985672
3232841672
3232265672
3234441672
3233673672
3233481672
3232585672
3229961672
3232393672
3232329672
3233993672
3232969672
3231561672
3232393672
3229961672
3232713672
3232457672
3233993672
3232329672
3232713672
3231689672
3229285264
3231689672
3231625672
3232137672
3231177672
3230409672
3230217672
3229961672
3230793672
3230665672
3230921672
3230217672
3223652864
3230793672
3230025672
3230409672
3230153672
3225188864
3229705672
3229541264
3229897672
3229157264
3223140864
3227365264
3226853264
3229897672
3227621264
3223140864
3227109264
3227493264
3228133264
3226981264
3220960256
3226085264
3226085264
3226853264
3225444864
3216864256
3225828864
3225444864
3226085264
3224420864
3216864256
3223780864
3223524864
3224420864
3223012864
3220704256
3222500864
3216864256
3223524864
3222500864
3224036864
3224164864
3216864256
3223652864
3224164864
3224036864
3223396864
3212699648
3223140864
3223012864
3224036864
3224036864
3216864256
3224292864
3225316864
3226085264
3225572864
3223396864
3225060864
3222116864
3227493264
3227365264
3229157264
3228133264
3223140864
3227749264
3227877264
3229157264
3226853264
3224548864
3225828864
3225188864
3227365264
3226853264
3229157264
3227109264
3220960256
3227749264
3227621264
3226597264
3227109264
3226597264
3226213264
3220960256
3228645264
3229029264
3226853264
3227621264
3225828864
3225828864
3225188864
3228645264
3226469264
3229157264
3227365264
3223140864
3228133264
3228133264
3229157264
3228645264
3223140864
3228389264
3230601672
3226597264
3228645264
3223268864
3227109264
3229641672
3228133264
3227749264
3225316864
3227621264
3226725264
3229897672
3229413264
3225188864
3229541264
3229541264
3229157264
3229413264
3227621264
3228645264
3227237264
3228133264
3227621264
3226853264
3226597264
3223140864
3226597264
3226085264
3225060864
3224036864
3212699648
3223140864
3222884864
1065216000
3202519040
3162112000
3221988864
3223012864
3224036864
3225572864
3216864256
3223396864
3223268864
3220704256
3221348864
3216864256
3221216256
3218656256
3206555648
3216608256
3217376256
3217632256
3216608256
3212699648
3215584256
3214816256
3218656256
3218144256
3200471040
3214304256
3217632256
3216352256
3214560256
3208091648
3214560256
3212699648
3219168256
3218144256
3214560256
3215584256
3214816256
3217120256
3218400256
3219680256
3217632256
3196375040
3217376256
3218656256
3212187648
3216352256
3208091648
3214560256
3188498432
3219424256
3221216256
3216352256
3218656256
3204507648
3218656256
3221860864
3218656256
3222244864
3218656256
3223012864
3222116864
3226085264
3225316864
3227109264
3225444864
3220960256
3225572864
3225188864
1014628352
3214048256
3212699648
3222244864
3224420864
1052987392
3215072256
3220960256
3227109264
3228645264
3228005264
3229641672
3220960256
3197399040
3219680256
1061120000
3215072256
3220960256
3230025672
3229769672
3232457672
3226597264
3162112000
3220192256
3226341264
3232201672
3226085264
3225188864
3230217672
3227493264
3217632256
3222244864
3224804864
3228645264
3223140864
3215072256
3208603648
1027309568
3221860864
3223140864
3230793672
3221732864
3208091648
3225957264
3222116864
3215072256
3200471040
1057024000
3221604864
3162112000
3221988864
3229705672
3231177672
3217632256
3199447040
3220704256
3222116864
3228645264
3219680256
1014628352
3220704256
1065796608
1072964608
3213792256
3223652864
3228901264
3231433672
3229157264
3206555648
3162112000
3216864256
1064192000
3214560256
1061120000
3203543040
1077577216
3206043648
3224932864
1057024000
3215584256
3219168256
3223396864
3162112000
3213280256
3220960256
1065796608
3205531648
3213792256
3222500864
3222500864
3225060864
3217888256
1073220608
3162112000
3217120256
1069380608
3192594432
3162112000
3218656256
3223396864
1057024000
3208091648
1077577216
3162112000
3216352256
3220704256
3222756864
3204507648
1052987392
3206043648
1069380608
3205531648
1078601616
3205019648
3221988864
1065216000
3213536256
3204507648
3219936256
3218656256
1048891392
3181133824
1073220608
3185229824
3214816256
3224676864
3225828864
3185229824
1057024000
3213536256
1048891392
3192594432
1073220608
3215584256
3226341264
3212187648
1048891392
1073220608
3216352256
3205019648
1057024000
3224804864
3162112000
3190546432
3219680256
3201495040
3224932864
3196375040
3203543040
3201495040
1048891392
1056059392
1073220608
3222244864
3216608256
3201495040
3205531648
3162112000
3185229824
3185229824
3206043648
3221988864
3188498432
3211163648
3221988864
3214560256
3215584256
3162112000
3208603648
3217888256
3211163648
3213536256
3203543040
3207579648
3196375040
3213536256
3213280256
3208091648
3213280256
3204507648
3215584256
3210139648
3196375040
3212187648
3216608256
3214560256
3213280256
3162112000
3212187648
3223012864
3214560256
3215072256
3162112000
3215840256
3224932864
3212187648
3216608256
3162112000
3207067648
3197399040
3174793216
3162112000
1052987392
1048891392
1064192000
1073220608
1068612608
1072708608
3219680256
3174793216
3224164864
3218656256
3162112000
1071172608
1064192000
1070404608
3226085264
3226085264
3225188864
3223268864
3219168256
3203543040
1051963392
1075529216
1068868608
1074889216
3216608256
1064704000
3212699648
3194642432
1059072000
1067332608
3162112000
1066564608
1067332608
1072196608
3162112000
3224164864
3230025672
3218656256
3208091648
1064704000
1059072000
1067332608
3212187648
1060096000
1076553216
1067332608
1072708608
3223012864
3197399040
3223140864
3220704256
3210139648
3194642432
3194642432
3162112000
1043062784
1052987392
1052987392
1060608000
1067076608
1057024000
1065216000
1061120000
1063168000
1073220608
1061632000
1065796608
3230153672
3219680256
3206555648
3221476864
3225957264
3219680256
3222884864
3222500864
3225828864
3220960256
3228645264
3231305672
3228133264
3229705672
3220960256
3227109264
3225957264
3227109264
3226981264
3217888256
3226853264
3214560256
3230921672
3224548864
3225188864
3228517264
3229769672
3231177672
3231177672
3229285264
3230665672
3230473672
3231433672
3246586838
3242174280
1059072000
3190546432
3224036864
3227621264
3225700864
3232265672
3246634838
3224036864
3223268864
3225188864
3230921672
3231497672
3232329672
3246666838
3246442838
1061632000
3162112000
3222628864
3221732864
3231433672
3230345672
3231753672
3246602838
3246442838
1061120000
3162112000
3213792256
3226597264
3225316864
3229897672
3230921672
3232073672
3246826838
3219680256
3212699648
3225700864
3221988864
3246922838
3210139648
3162112000
3222244864
3212187648
3230409672
3222756864
3223140864
3225572864
3226213264
3224292864
3222884864
3204507648
3217632256
3190546432
3220192256
3194642432
3162112000
3199447040
3162112000
3214560256
3190546432
3174793216
3203543040
3162112000
3213536256
3194642432
3210139648
3206043648
3162112000
3207067648
3209627648
3212187648
3206555648
3194642432
3208603648
3162112000
3216352256
1050939392
3220704256
3210139648
3162112000
3216608256
3174793216
3223524864
3207067648
3212699648
3217376256
3209627648
3223780864
3219424256
3220704256
3221476864
3220960256
3222372864
3246538838
1057024000
1059584000
3162112000
3217888256
3207067648
3246570838
3190546432
3162112000
3221860864
3224036864
3228645264
3228133264
3246458838
3246602838
1069380608
1062144000
3214560256
3223140864
3227621264
3246666838
3246426838
1069636608
1073220608
3221732864
3216096256
3246922838
3222372864
3222116864
3231433672
3246714838
3246698838
3246474838
1066308608
3198423040
3246014380
3244190280
3246522838
1048891392
3217632256
3229961672
3246858838
3246602838
3246698838
3244126280
3162112000
3224804864
3230665672
3246810838
3233737672
3246206380
3246046380
3245054280
3246458838
3246366380
1065216000
3210139648
3246014380
3246602838
3246490838
3216608256
3227109264
3246394838
3246474838
3225444864
3246826838
3246442838
3246682838
3246442838
1071172608
3221732864
3232201672
3246570838
3246602838
3245982280
3246506838
3244990280
1072452608
3188498432
3246826838
3246538838
3206043648
3221988864
3246014380
3246618838
3208091648
3246826838
3246506838
1071172608
3218144256
3229641672
3246442838
3246602838
3244990280
3246366380
1074121216
1041014784
3246570838
3246046380
1066052608
3200471040
3246810838
3243742280
3174793216
3216096256
3246014380
3246698838
3246238380
1075657216
1067076608
3246142380
3246174380
1071428608
1058560000
3246538838
3196375040
3220704256
3246682838
3246554838
3244766280
1079625616
1060096000
3217632256
3246922838
3246506838
3244478280
1072708608
1054011392
3246826838
3246442838
1073220608
3209627648
3227621264
3246890838
3246538838
3245118280
3246302380
1072452608
1014628352
3246698838
3245118280
1061632000
3212187648
3246570838
3246442838
3246014380
3246506838
1075145216
1061120000
3246602838
3246458838
3246538838
1069636608
3212187648
3246666838
3245118280
3246538838
1062144000
3246666838
3246490838
3243198280
3162112000
3246554838
3246538838
3246586838
3245118280
1066820608
3218656256
3246698838
3245694280
3244990280
3245982280
3245278280
3246570838
1070916608
3162112000
3246618838
3231177672
3245918280
3246014380
3243294280
3245534280
3243966280
3246302380
3246302380
3245726280
3245022280
1069124608
3225316864
3246302380
3245598280
3243326280
3243454280
3245086280
3246014380
3245150280
3246206380
3246522838
3245982280
1066308608
3216864256
3245854280
3244254280
3244574280
3244766280
3243454280
3246174380
3246142380
3246110380
3246206380
3246206380
1063168000
3223780864
3246014380
3245854280
3231753672
3241886280
3245054280
3242302280
3244830280
3245406280
3244990280
3246270380
3246238380
3246442838
1075017216
3162112000
3246762838
3231113672
3245982280
3245342280
3242174280
3245854280
3246238380
3245982280
3246078380
3244990280
1075913216
1068100608
3246698838
3246302380
3246410838
3246442838
3246014380
3245278280
1074377216
3201495040
3246634838
3245022280
3244222280
3246206380
3246302380
3246410838
1075913216
1077577216
3246602838
3245630280
3246238380
3245758280
3246014380
1074889216
1051963392
3246334380
3244510280
3246014380
3246366380
3246458838
3246014380
3241790280
1079369616
1070660608
3246602838
3245662280
3246410838
3246014380
3246110380
3246174380
1075145216
1066308608
3244990280
3245054280
3246442838
3245982280
3246334380
3244990280
3234441672
3245406280
3246634838
3246426838
3244990280
1072964608
3220448256
3244702280
3243966280
3242686280
3245022280
3243646280
3246442838
3246302380
3246014380
3246174380
3246174380
1077833216
1064192000
3245342280
3245470280
3243358280
3243582280
3245342280
3244798280
3246302380
3246366380
3244990280
3246426838
3245886280
3246442838
3246174380
3246366380
3246538838
3246394838
3244990280
3246506838
3246522838
3246442838
3246490838
3246014380
3246366380
3245022280
3245086280
3244958280
3244958280
3245406280
3245470280
3245022280
3245534280
3244958280
3245694280
3245566280
3243966280
3245150280
3245598280
3245214280
3244702280
3244670280
3244958280
3244094280
3243966280
3245214280
3243806280
3244894280
3245438280
3243966280
3244574280
3244446280
3243966280
3244830280
3244062280
3245470280
3245342280
3244222280
3244446280
3244702280
3244798280
3244958280
3243934280
3245726280
3245726280
3243198280
3244574280
3245182280
3244958280
3245214280
3245502280
3244830280
3245086280
3244798280
3245278280
3244382280
3245982280
3245854280
3243966280
3245566280
3245534280
3245982280
3245918280
3244990280
3245982280
3244990280
3246442838
3246110380
3244478280
3246238380
3245438280
3246410838
3246238380
3244606280
3246110380
3245406280
3246538838
3246078380
3244478280
3245886280
3245694280
3246410838
3246078380
3244990280
3246366380
3245566280
3245278280
3246174380
3245822280
3246570838
3246366380
3244990280
3245822280
3245950280
3246506838
3246014380
3243966280
3246206380
3245726280
3244734280
3245982280
3245694280
3246238380
3246238380
3244990280
3245854280
3245950280
3245086280
3245662280
3245342280
3246238380
3245790280
3244734280
3245662280
3244190280
3245982280
3246110380
3244478280
3244862280
3244542280
3246442838
3245470280
3243454280
3245662280
3245470280
3244958280
3245278280
3244606280
3245470280
3244702280
3245150280
3245694280
3244990280
3243998280
3245470280
3244734280
3243166280
3242878280
3245662280
3244350280
3243454280
3244542280
3242910280
3244702280
3245054280
3242942280
3243646280
3243710280
3244382280
3245022280
3242942280
3242974280
3242846280
3243870280
3243422280
3243326280
3243550280
3241438280
3244446280
3242590280
3242686280
3243230280
3243934280
3242654280
3244510280
3242686280
3243582280
3242782280
3243934280
3243038280
3242430280
3241118280
3243358280
3240990280
3243134280
3241502280
3242398280
3239870280
3242462280
3241342280
3243550280
3241726280
3243486280
3242398280
3241246280
3243294280
3242974280
3243262280
3242910280
3242430280
3243550280
3245086280
3243678280
3244446280
3243966280
3244318280
3245214280
3244318280
3244766280
3243966280
3243326280
3245214280
3243934280
3245182280
3242942280
3244670280
3242910280
3245470280
3244638280
3243966280
3245022280
3244062280
3244446280
3245214280
3244222280
3244382280
3244094280
3245598280
3245150280
3245342280
3245214280
3246014380
3245342280
3246142380
3244510280
3245726280
3243454280
3245790280
3244318280
3245918280
3244638280
3243966280
3244638280
3244926280
3245342280
3245822280
3243966280
3245470280
3244894280
3245854280
3245758280
3244094280
3245214280
3243678280
3244894280
3245662280
3244286280
3245310280
3244958280
3244286280
3242494280
3243774280
3243678280
3245566280
3243422280
3244190280
3242942280
3244478280
3244158280
3244062280
3243710280
3243198280
3243550280
3243166280
3242814280
3243326280
3239870280
3242910280
3240510280
3242526280
3243966280
3239358180
3242910280
3240702280
3241630280
3244254280
3241406280
3239806280
3242206280
3240350280
3242878280
3239454280
3239742280
3239134180
3239454280
3240254280
3238686180
3238046180
3238558180
3238558180
3237833672
3232521672
3235209672
3220704256
3235017672
3227621264
3231497672
3224676864
3221476864
3229897672
3229157264
3232009672
3224676864
3223012864
3222116864
3225188864
3226085264
3216608256
3228901264
3188498432
3215328256
1066308608
3221988864
1057024000
3162112000
1045110784
1073732608
1075529216
1079113616
1076681216
1082990024
1074377216
1089838024
1082990024
1086062024
1084782024
1086958024
1087150024
1085038024
1088366024
1089070024
1088366024
1091874532
1089646024
1088430024
1093122632
1090978532
1092674632
1091618532
1090914532
1092610632
1092194632
1091170532
1092450632
1092322632
1096450632
1092386632
1097410632
1093794632
1095522632
1093890632
1096098632
1091650532
1098498632
1093474632
1096962632
1095586632
1096610632
1095938632
1097890632
1098975190
1096610632
1094178632
1097474632
1099215190
1097122632
1098018632
1097474632
1099167190
1097506632
1100255190
1097570632
1100799190
1098498632
1102527240
1100223190
1104607240
1100447190
1104847240
1102815240
1104159240
1104927240
1104191240
1105823290
1104607240
1104015240
1100287190
1101023190
1100511190
1102431240
1102287240
1105215240
1105727290
1103711240
1103743240
1104463240
1102687240
1091970632
1104863240
1104959240
1105375290
1103423240
1102287240
1102927240
1101535190
1104255240
1103327240
1106511290
1104735240
1102287240
1099775190
1103167240
1101087190
1104447240
1104847240
1104863240
1105311290
1105119240
1104927240
1104271240
1104767240
1105503290
1104863240
1105407290
1106063290
1105295290
1105807290
1104991240
1103935240
1103839240
1104575240
1105231240
1104255240
1104959240
1105375290
1105503290
1105871290
1105535290
1104143240
1104095240
1105759290
1106127290
1105279290
1105823290
1105519290
1105711290
1105375290
1105087240
1104335240
1103871240
1104975240
1104927240
1105055240
1106063290
1105455290
1105151240
1104863240
1103711240
1105103240
1105567290
1105391290
1105055240
1105487290
1106127290
1105535290
1105471290
1105119240
1104463240
1104847240
1104511240
1104831240
1104927240
1105407290
1105535290
1105359290
1105743290
1103967240
1104911240
1105311290
1105183240
1105871290
1105567290
1105503290
1105375290
1105183240
1104783240
1103407240
1104639240
1104863240
1104735240
1105871290
1105487290
1105439290
1104927240
1105503290
1104991240
1105087240
1105775290
1105247240
1105487290
1105375290
1105471290
1105359290
1104031240
1102367240
1103647240
1104607240
1104495240
1104799240
1105871290
1105247240
1105471290
1105151240
1105535290
1105999290
1105407290
1105663290
1105151240
1105727290
1105247240
1105455290
1105615290
1103071240
1104223240
1104415240
1103039240
1104079240
1105135240
1104847240
1104095240
1105119240
1105807290
1104943240
1105231240
1105119240
1105087240
1105743290
1105055240
1105199240
1104783240
1104847240
1104927240
1105055240
1105359290
1104815240
1104735240
1104735240
1105055240
1105807290
1104879240
1104511240
1104735240
1105151240
1104735240
1104879240
1105615290
1104815240
1104847240
1104607240
1104991240
1105119240
1104991240
1105615290
1105055240
1104751240
1104863240
1105215240
1105871290
1105423290
1105471290
1105247240
1105439290
1105567290
1105439290
1106127290
1105407290
1105327290
1105247240
1105119240
1105247240
1104863240
1104847240
1105055240
1105167240
1105119240
1105439290
1105871290
1105455290
1106063290
1105247240
1105311290
1105247240
1105535290
1105807290
1105631290
1106127290
1105567290
1104687240
1104511240
1104703240
1104351240
1104815240
1105871290
1105439290
1105615290
1105343290
1105423290
1104351240
1105375290
1105535290
1105343290
1105823290
1105407290
1105871290
1105519290
1105535290
1105183240
1104479240
1103839240
1103935240
1105359290
1105199240
1105231240
1105247240
1105455290
1105247240
1105471290
1105679290
1105295290
1106255290
1105311290
1105535290
1105439290
1105439290
1105247240
1105007240
1103695240
1102799240
1104239240
1104111240
1104495240
1105055240
1105215240
1105871290
1105391290
1105551290
1105439290
1105439290
1105295290
1105439290
1105807290
1105599290
1105935290
1105311290
1104847240
1102863240
1102879240
1103967240
1104063240
1104591240
1104735240
1105231240
1105151240
1105407290
1105247240
1105503290
1106127290
1105231240
1105647290
1105567290
1105439290
1105439290
1105471290
1105615290
1103967240
1102367240
1103215240
1104735240
1104927240
1104735240
1105487290
1105263240
1105567290
1105119240
1105471290
1105551290
1105439290
1105871290
1105423290
1105503290
1105439290
1105535290
1106127290
1104735240
1103759240
1103263240
1104495240
1104863240
1104703240
1106127290
1105503290
1105359290
1105247240
1104095240
1104863240
1105743290
1106127290
1105471290
1106127290
1105503290
1105535290
1105055240
1105023240
1104815240
1104271240
1104847240
1104879240
1105183240
1105183240
1105407290
1105871290
1103695240
1105199240
1105007240
1104879240
1105423290
1105759290
1105871290
1105615290
1105423290
1105375290
1105439290
1105871290
1105295290
1104831240
1104863240
1105151240
1105375290
1105471290
1105871290
1105087240
1104479240
1105247240
1105375290
1105359290
1105375290
1105791290
1105119240
1105439290
1106127290
1105487290
1105375290
1105151240
1105583290
1105807290
1105295290
1105327290
1104991240
1105215240
1104927240
1105375290
1106095290
1105471290
1105551290
1105311290
1105055240
1105247240
1105631290
1106063290
1105631290
1105807290
1105375290
1104927240
1104351240
1102991240
1104335240
1104671240
1103871240
1104351240
1105391290
1105583290
1105247240
1105743290
1105183240
1105439290
1105375290
1105359290
1106255290
1105567290
1105615290
1103903240
1102607240
1102303240
1103583240
1104559240
1104079240
1104223240
1104927240
1105279290
1105055240
1105151240
1105807290
1105487290
1105871290
1105119240
1105439290
1105375290
1105375290
1105583290
1104447240
1103311240
1102863240
1104063240
1104127240
1104335240
1104607240
1105039240
1105743290
1105183240
1105343290
1104671240
1105311290
1105119240
1105359290
1106127290
1105279290
1105439290
1104991240
1103935240
1103839240
1103439240
1103823240
1104319240
1104671240
1104607240
1105007240
1105871290
1104991240
1104911240
1104479240
1105359290
1105135240
1105407290
1105615290
1105343290
1105343290
1104863240
1104863240
1104335240
1103855240
1104127240
1104351240
1104831240
1105455290
1104975240
1104815240
1103487240
1104319240
1104863240
1104799240
1105615290
1105391290
1105087240
1104927240
1105327290
1105151240
1104831240
1105359290
1104655240
1105007240
1104543240
1104751240
1105807290
1105055240
1104703240
1104607240
1104831240
1105871290
1104815240
1104799240
1105183240
1104895240
1105615290
1105023240
1105119240
1104735240
1104959240
1105871290
1104959240
1104927240
1104767240
1104959240
1105487290
1104943240
1105103240
1104719240
1104943240
1105295290
1105183240
1105103240
1104607240
1105023240
1104991240
1105023240
1105551290
1104879240
1105215240
1104735240
1104719240
1105743290
1104655240
1105631290
1104351240
1104799240
1104927240
1104735240
1105871290
1104543240
1105215240
1104351240
1105151240
1104783240
1105183240
1105359290
1105119240
1104975240
1104607240
1105071240
1105359290
1104255240
1104079240
1102943240
1103727240
1104351240
1104287240
1104783240
1105039240
1104735240
1104607240
1104799240
1104847240
1104815240
1105135240
1104543240
1105183240
1105103240
1104639240
1103663240
1102703240
1102655240
1103455240
1103839240
1104527240
1104223240
1104671240
1104799240
1104799240
1105359290
1104623240
1104447240
1104607240
1104863240
1104799240
1105087240
1105359290
1104751240
1104319240
1103231240
1103039240
1103791240
1104159240
1104591240
1104575240
1104847240
1104735240
1104959240
1105103240
1104095240
1105055240
1104623240
1104479240
1104991240
1104991240
1105359290
1104735240
1104911240
1103455240
1104687240
1104719240
1104287240
1105359290
1104975240
1105135240
1104863240
1104575240
1104575240
1104799240
1105615290
1104767240
1105023240
1104607240
1104799240
1105215240
1105119240
1105743290
1105007240
1104719240
1104543240
1104495240
1104639240
1104911240
1105279290
1105135240
1105359290
1103999240
1104911240
1104479240
1104607240
1105375290
1105119240
1105615290
1105119240
1105087240
1104927240
1105119240
1105711290
1105087240
1105103240
1104815240
1104575240
1104623240
1104895240
1105807290
1105183240
1105103240
1105151240
1104687240
1104607240
1105375290
1105871290
1105007240
1105375290
1104991240
1105135240
1105743290
1104159240
1103679240
1103455240
1104031240
1104735240
1104655240
1104847240
1104991240
1105183240
1105183240
1105247240
1105743290
1105247240
1105295290
1105055240
1105295290
1105295290
1104671240
1102799240
1100863190
1102207240
1101503190
1103967240
1105103240
1104431240
1104607240
1104735240
1105087240
1105807290
1105279290
1105215240
1104991240
1105151240
1105807290
1105135240
1103071240
1103839240
1103199240
1100495190
1102799240
1101023190
1103199240
1104063240
1104575240
1104591240
1104655240
1104543240
1104927240
1105359290
1104735240
1104015240
1104031240
1104383240
1104095240
1103519240
1104271240
1104095240
1103823240
1103903240
1104015240
1104719240
1103999240
1104719240
1103743240
1104399240
1104703240
1103727240
1103951240
1104159240
1103919240
1103839240
1104239240
1104335240
1103967240
1104239240
1104399240
1104159240
1104591240
1104351240
1104591240
1104351240
1104351240
1104463240
1104351240
1104479240
1104735240
1104751240
1104703240
1104735240
1104799240
1105359290
1104991240
1105119240
1104991240
1105247240
1105871290
1105151240
1105231240
1104863240
1104799240
1105615290
1104495240
1105087240
1104495240
1105119240
1104783240
1104927240
1104575240
1105503290
1105119240
1105167240
1105119240
1105071240
1105503290
1105247240
1105871290
1105183240
1105439290
1105023240
1105087240
1105871290
1103647240
1105071240
1103455240
1105007240
1104847240
1104095240
1104847240
1104223240
1104671240
1105743290
1105055240
1105343290
1105023240
1105471290
1105871290
1105455290
1105375290
1105119240
1104735240
1105359290
1102495240
1101487190
1102687240
1102623240
1103391240
1103503240
1104239240
1104239240
1104687240
1105119240
1105007240
1105231240
1104591240
1103823240
1102303240
1102271240
1103823240
1103055240
1103679240
1102143240
1103071240
1102111240
1101871190
1103311240
1101503190
1101903190
1101663190
1102447240
1102687240
1102511240
1102543240
1102463240
1101343190
1101039190
1101807190
1100959190
1101855190
1101519190
1100735190
1100319190
1099359190
1099903190
1100175190
1099647190
1099727190
1099647190
1100543190
1100063190
1101615190
1101775190
1101535190
1099807190
1101663190
1100751190
1102415240
1101679190
1099935190
1101471190
1100031190
1101039190
1100559190
1101007190
1100591190
1098943190
1100767190
1100527190
1101135190
1101407190
1101263190
1100783190
1100639190
1100895190
1101535190
1100751190
1101167190
1098690732
1101471190
1100287190
1101775190
1101935190
1102303240
1101791190
1102239240
1103071240
1102719240
1102319240
1101279190
1101951190
1102575240
1101279190
1101343190
1101359190
1100703190
1101295190
1101567190
1101775190
1101887190
1102031240
1102463240
1102399240
1103567240
1103135240
1103359240
1103263240
1103711240
1104335240
1103727240
1102143240
1103711240
1103951240
1104559240
1104047240
1103535240
1103839240
1103679240
1103455240
1103311240
1102799240
1102975240
1099487190
1102175240
1101487190
1101663190
1101967190
1102159240
1102415240
1102831240
1102943240
1103759240
1103935240
1103647240
1102991240
1102847240
1101663190
1100767190
1099103190
1097218632
1095586632
1098466632
1097250632
1099231190
1099727190
1099631190
1099759190
1100607190
1102303240
1103567240
1102911240
1102415240
1102143240
1100511190
1100767190
1097250632
1095170632
1092034632
1092450632
1095330632
1093890632
1093890632
1092898632
1098434632
1094178632
1099999190
1098498632
1100863190
1099727190
1100559190
1099519190
1097378632
1098466632
1092002632
1091042532
1083950024
1083822024
1090286024
1084654024
1087854024
1091842532
1090882532
1082734024
1092130632
1091010532
1094146632
1093858632
1095810632
1095842632
1097122632
1096226632
1096290632
1093378632
1092514632
1084462024
1090690532
1093794632
1093154632
1091234532
1094402632
1094370632
1093762632
1092674632
1093890632
1093538632
1095170632
1097090632
1095938632
1098498632
1096738632
1094338632
1098786732
1099551190
1095458632
1099167190
1100751190
1097186632
1099727190
1100111190
1099743190
1097378632
1099743190
1100767190
1099391190
1100239190
1101151190
1101519190
1099487190
1101951190
1101087190
1100255190
1100479190
1100655190
1101263190
1099247190
1100367190
1101087190
1099423190
1099615190
1101567190
1100447190
1099455190
1101519190
1101631190
1099935190
1099679190
1101375190
1101023190
1099199190
1101263190
1102079240
1101615190
1100255190
1100047190
1100511190
1099407190
1099983190
1098306632
1097954632
1100255190
1100143190
1095970632
1097634632
1099295190
1098722732
1098242632
1100703190
1098991190
1094818632
1099007190
1097986632
1095682632
1096962632
1095074632
1091266532
1086574024
3211675648
3222116864
1084014024
3228645264
1059072000
1095426632
1093538632
1099119190
1100495190
1100639190
1099071190
1091618532
1093666632
1084270024
1081289616
3221604864
3236681672
3229285264
3235401672
1085550024
1088878024
1083246024
1088046024
1084078024
1079113616
1076681216
1082990024
1086190024
1086574024
1090094024
1079369616
1083438024
1067332608
3162112000
3216608256
3225060864
3216864256
1068612608
1082926024
3207067648
3235401672
3214560256
3230217672
3220960256
3220192256
3243326280
1080265616
3220704256
3209115648
1092642632
1088046024
1071940608
1076041216
1073476608
3229705672
3204507648
3230409672
1075529216
1082990024
1077833216
3220960256
1076809216
1089262024
3230409672
3234889672
1082478024
3238942180
3227237264
3236041672
3238558180
3235209672
3237321672
3232009672
3230153672
3239934280
1066308608
1055035392
1088814024
1090158024
1085550024
1085230024
1088686024
1082606024
1082478024
1090094024
1090882532
3243326280
1089262024
1050939392
1081929616
1085806024
1090094024
3209627648
3238238180
1088622024
3239422180
1079625616
1072708608
1076553216
1082606024
1080137616
1091330532
1085486024
3214816256
1091938532
1060608000
3226341264
1085550024
3227109264
1058560000
3229285264
3224036864
3240094280
3237065672
3239838280
3235657672
3235337672
3233545672
3229641672
1063168000
1071428608
1082414024
1080777616
1084014024
1083438024
3224804864
1067844608
3239454280
3229641672
3242910280
3242910280
3238846180
3242366280
3237321672
3241886280
3241246280
3237705672
3240254280
3240126280
3239486280
3239710280
3241054280
3240766280
3238590180
3240990280
3239326180
3242270280
3242398280
3240734280
3242174280
3241534280
3242078280
3243102280
3242654280
3243262280
3241406280
3243518280
3241438280
3244894280
3243326280
3243454280
3243966280
3246014380
3244382280
3247082838
3242526280
3247418838
3240766280
3247178838
3238494180
3246570838
3237897672
3243966280
3239870280
3244382280
3240350280
3243486280
3241406280
3244350280
3242942280
3246810838
3245758280
3247786838
3247322838
3246842838
3247658838
3247146838
3244926280
3246078380
3243966280
3243902280
3239742280
3235657672
3230217672
3231049672
3238430180
3238526180
3239806280
3242398280
3242302280
3245374280
3246506838
3247722838
3246618838
3246014380
3247018838
3246698838
3243934280
3243070280
3236233672
3229769672
1072964608
3223012864
3228645264
3236553672
3235913672
3237641672
3241310280
3242046280
3240606280
3243550280
3242718280
3244062280
3241918280
3244702280
3239326180
3245982280
3231369672
3243262280
3235465672
3236105672
3234505672
3235529672
3238558180
3239262180
3235849672
3239582280
3236745672
3240862280
3243294280
3238846180
3244382280
3240350280
3246570838
3241374280
3246826838
3240894280
3246458838
3239230180
3245502280
3233993672
3243678280
3235593672
3239582280
3236425672
3238462180
3239230180
3238846180
3240862280
3242334280
3243806280
3246046380
3246014380
3247466838
3247258838
3245982280
3246426838
3245854280
3244958280
3242430280
3242398280
3240222280
3237321672
3232457672
3234057672
3239198180
3238270180
3241502280
3243646280
3244574280
3247114838
3246970838
3247882838
3246954838
3246954838
3247338838
3246014380
3243870280
3245438280
3243422280
3243998280
3241630280
3242974280
3238334180
3243838280
3240958280
3245726280
3242782280
3246778838
3245214280
3246714838
3247194838
3246938838
3246570838
3246522838
3245310280
3245086280
3244222280
3244990280
3244094280
3245470280
3244318280
3244958280
3245150280
3243582280
3245982280
3244734280
3246142380
3246238380
3246238380
3245214280
3244766280
3244382280
3242174280
3243838280
3240894280
3243358280
3238558180
3242398280
3235593672
3239998280
3237385672
3241918280
3239454280
3243774280
3241886280
3246506838
3243006280
3246874838
3244478280
3244670280
3245406280
3244830280
3243326280
3240126280
3238878180
3224164864
3222756864
3232905672
3236041672
3233865672
3233545672
3238750180
3238846180
3239358180
3239998280
3242270280
3242110280
3243166280
3243582280
3243966280
3244958280
3245470280
3243902280
3242910280
3239838280
3236169672
3188498432
3218656256
3234057672
3233481672
3233417672
3238078180
3239166180
3238814180
3242334280
3241438280
3242942280
3243934280
3244478280
3245470280
3245086280
3245726280
3244190280
3242718280
3242014280
3238590180
3235337672
3222372864
3230409672
3238206180
3235593672
3236169672
3238718180
3242398280
3242270280
3245694280
3246142380
3246394838
3247002838
3245118280
3245086280
3246394838
3244702280
3243550280
3242142280
3240606280
3234569672
3233609672
3226341264
3238430180
3242014280
3238942180
3244862280
3243966280
3247434838
3247226838
3247002838
3246874838
3246270380
3245598280
3242878280
3246794838
3242654280
3243198280
3243006280
3242718280
3244414280
3244350280
3244446280
3246110380
3245502280
3246634838
3246650838
3245278280
3245918280
3246014380
3245662280
3245310280
3244958280
3244062280
3244638280
3243934280
3244126280
3243678280
3244574280
3244222280
3245598280
3246602838
3245982280
3245246280
3244990280
3245726280
3243838280
3244958280
3244414280
3243614280
3243358280
3241918280
3242142280
3240830280
3241630280
3239838280
3239870280
3239454280
3241886280
3240094280
3243678280
3240638280
3245086280
3242558280
3246046380
3244574280
3245214280
3244574280
3242206280
3242398280
3240606280
3239070180
3231433672
3227109264
3232329672
3234569672
3236937672
3234569672
3240542280
3240958280
3240894280
3243806280
3243006280
3245726280
3244926280
3245214280
3243166280
3240446280
3239518280
3229705672
3229413264
3227621264
3233353672
3234249672
3230153672
3238238180
3238334180
3238622180
3242782280
3242782280
3245950280
3245214280
3246238380
3244222280
3244638280
3240446280
3242782280
3233225672
3236297672
3224548864
3220960256
3239198180
3239134180
3239198180
3242366280
3242398280
3244126280
3244478280
3245662280
3245726280
3245214280
3245022280
3242782280
3243198280
3239614280
3240222280
3237385672
3236553672
3234761672
3235657672
3238686180
3239870280
3242910280
3244574280
3246538838
3246634838
3245502280
3245470280
3245502280
3244958280
3245374280
3242526280
3243550280
3239358180
3242174280
3238046180
3240990280
3239294180
3238846180
3241630280
3243166280
3244958280
3246442838
3246078380
3246490838
3245758280
3245854280
3246014380
3244318280
3243102280
3241918280
3241054280
3240766280
3238942180
3238078180
3236873672
3238046180
3238846180
3241502280
3242622280
3245918280
3245246280
3245502280
3246522838
3242686280
3245086280
3243294280
3242910280
3241886280
3239230180
3237833672
3231497672
3233225672
3235145672
3236425672
3237513672
3239646280
3243070280
3244478280
3245470280
3246458838
3246874838
3247322838
3247722838
3247498838
3246714838
3247338838
3246270380
3246906838
3243806280
3244446280
3243998280
3242942280
3244574280
3244222280
3245310280
3244318280
3245054280
3243230280
3241918280
3240958280
3241214280
3240798280
3239838280
3238846180
3238430180
3238654180
3239294180
3239838280
3240222280
3240158280
3238846180
3240510280
3240606280
3241182280
3240606280
3240862280
3240382280
3239102180
3240478280
3241374280
3240606280
3240894280
3240606280
3240094280
3238590180
3239902280
3239358180
3239518280
3239486280
3239326180
3238942180
3237641672
3238366180
3238782180
3239070180
3238686180
3238942180
3238334180
3236105672
3238590180
3237833672
3238430180
3238878180
3238302180
3238014180
3235593672
3237449672
3236425672
3235977672
3236489672
3235529672
3234889672
3232841672
3233929672
3232009672
3234057672
3234761672
3235273672
3234249672
3234761672
3233609672
3231497672
3233545672
3230473672
3232713672
3233545672
3233865672
3233289672
3232457672
3231817672
3231433672
3230793672
3226213264
3230665672
3229285264
3230921672
3231177672
3231433672
3230921672
3230921672
3230793672
3227237264
3231305672
3230473672
3232073672
3232649672
3233225672
3232393672
3232457672
3232713672
3230473672
3232521672
3233545672
3233865672
3233417672
3233481672
3232713672
3230473672
3232201672
3229961672
3232841672
3233225672
3233481672
3232841672
3233225672
3232969672
3230729672
3233161672
3232521672
3232969672
3233545672
3234505672
3233737672
3233865672
3233225672
3230473672
3233161672
3234121672
3234505672
3233033672
3233993672
3232329672
3229285264
3231305672
3231625672
3233353672
3232969672
3233993672
3233481672
3229705672
3233225672
3234185672
3233417672
3235785672
3235529672
3233609672
3232265672
3233353672
3231497672
3233737672
3233417672
3234377672
3232969672
3232969672
3232393672
3229961672
3233033672
3232457672
3233481672
3232713672
3233481672
3232713672
3232457672
3232457672
3229285264
3232137672
3231497672
3233161672
3232393672
3233481672
3231689672
3231177672
3231689672
3229285264
3231369672
3231177672
3232969672
3231497672
3230793672
3230921672
3230473672
3231369672
3230921672
3231433672
3230985672
3227749264
3230281672
3227237264
3230153672
3229897672
3230281672
3229029264
3224548864
3227493264
3226725264
3228645264
3227493264
3228901264
3226981264
3220960256
3226725264
3226597264
3227621264
3226085264
3225060864
3225316864
3222116864
3225572864
3225572864
3226597264
3224932864
3224292864
3223652864
3214816256
3223652864
3225060864
3223012864
3224292864
3223012864
3222884864
3212699648
3222884864
3223652864
3223908864
3224804864
3224036864
3224420864
3216864256
3226085264
3225060864
3227621264
3226597264
3223140864
3226853264
3225188864
3229705672
3227621264
3230409672
3228901264
3228133264
3228517264
3222116864
3228133264
3227621264
3227365264
3225828864
3226085264
3225700864
3220960256
3226085264
3227877264
3226085264
3226853264
3228133264
3227109264
3222372864
3227109264
3220960256
3227621264
3229641672
3226341264
3227237264
3228133264
3226597264
3223140864
3226213264
3226597264
3226981264
3227109264
3229157264
3227365264
3223396864
3228133264
3228773264
3229641672
3229413264
3229897672
3230025672
3225188864
3230153672
3230089672
3230409672
3230217672
3229157264
3230025672
3225188864
3229833672
3229833672
3208091648
3220704256
3220960256
3229413264
3229769672
3230281672
3230729672
3228645264
3228645264
3227237264
3229961672
3229769672
3230409672
3228389264
3223652864
3225957264
3225188864
3225316864
3224548864
3227109264
3224036864
3216864256
3224804864
3223652864
1059072000
3202519040
3204507648
3222116864
3222116864
3225957264
3224676864
3223012864
3223908864
3223652864
3224804864
3221988864
3218656256
3220704256
3216864256
3220704256
3219168256
3220704256
3217376256
3162112000
3217632256
3221216256
3213536256
3214560256
3162112000
3213536256
3216352256
3214560256
3216608256
3216608256
3215584256
3196375040
3219936256
3219936256
3217632256
3218400256
3214560256
3218144256
3212699648
3219680256
3218400256
3223012864
3221860864
3220704256
3220704256
3208603648
3220704256
3220960256
3216096256
3219168256
3220704256
3219168256
3212699648
3222628864
3223140864
3222500864
3225060864
3226085264
3224548864
3216864256
3225572864
3227109264
1045110784
3217632256
3222884864
3224804864
3216864256
3227109264
3227749264
3199447040
3219680256
3222244864
3226469264
3218912256
3225957264
3228517264
3230665672
3226341264
3205531648
1049915392
3219168256
3228133264
3230409672
3231433672
3230665672
3162112000
1048891392
3223140864
1055035392
3224036864
1014628352
3223012864
3221988864
3229833672
3225188864
3230409672
3221988864
3201495040
3225572864
3221476864
3216352256
3220960256
3230409672
3221476864
3203543040
3226981264
3190546432
1059584000
3216864256
3225060864
3231049672
3222500864
3228133264
3214304256
3194642432
3204507648
3174793216
3224932864
3207067648
3225572864
3203543040
3224548864
3222116864
3227493264
3217632256
1033650176
3221732864
1057024000
1072452608
3162112000
3224548864
3230921672
3215584256
3225188864
3227109264
3174793216
1069892608
3214304256
3212699648
3228133264
3226085264
3208091648
3219168256
1061120000
1074249216
3162112000
3221988864
3226597264
1014628352
3219680256
1068868608
3210651648
3217888256
3226341264
3218656256
3223012864
3224804864
3196375040
1058560000
3188498432
1073732608
3185229824
3194642432
3219168256
3216864256
3226213264
3226597264
3199447040
1068868608
1080649616
1048891392
3215328256
3231945672
3230345672
3231369672
3231817672
3216864256
3185229824
1065216000
1073476608
3181133824
3204507648
3225188864
3230153672
3215072256
3217120256
1052987392
1069380608
1079625616
3205531648
3221732864
3233481672
3223012864
3226213264
3231881672
3226341264
3216096256
3207579648
1072196608
1058560000
1066820608
1065216000
3217376256
3225572864
3230921672
3228133264
3223012864
3218912256
3174793216
3205019648
3206555648
3162112000
3162112000
1052987392
1051963392
1073220608
1055035392
3224292864
3220704256
3215072256
3199447040
3215328256
3219424256
3216096256
3218144256
3217632256
3215584256
3162112000
3216096256
3226981264
3216608256
3222500864
3218656256
3218912256
3204507648
3218656256
3229157264
3218656256
3224036864
3210139648
3220704256
3226853264
3218656256
3221988864
3214560256
3218400256
3212699648
3221216256
3226341264
3217632256
3221860864
3204507648
3219424256
3229897672
3218656256
3224292864
3162112000
3221860864
3213536256
3216608256
3212187648
3162112000
3203543040
3199447040
3203543040
1048891392
1073220608
1063168000
1068356608
3219680256
1054011392
1073220608
1065796608
1069892608
3224036864
3202519040
3223396864
3216608256
3162112000
1041014784
1057024000
1061120000
1068356608
1079113616
3205019648
3221216256
3235145672
3224292864
3213536256
3208091648
3162112000
1055035392
1061632000
1065216000
1069380608
1077577216
1073220608
1075657216
3220704256
3225572864
3230473672
3225828864
3225188864
3218656256
3212187648
3162112000
1049915392
1067076608
1061120000
1067844608
1065216000
1069124608
1076553216
1068100608
1070148608
3227109264
3228645264
3233545672
3232137672
3230409672
3229897672
3229285264
3226597264
3225572864
3216864256
3222756864
3243998280
1050939392
1050939392
1014628352
3199447040
3162112000
3208091648
3162112000
3220704256
3210139648
3224548864
3221732864
3220960256
3229285264
3234569672
3230409672
3246682838
3220704256
3220960256
3214816256
3226085264
3229541264
3229157264
3230409672
3229641672
3230921672
3225188864
3230985672
3231177672
3232201672
3231433672
3246014380
3245054280
3246238380
1070404608
1066052608
3214560256
3222500864
3226213264
3232073672
3246302380
3228133264
3246442838
3209627648
3225060864
3227237264
3233993672
3246698838
3228133264
3228645264
3227237264
3246238380
3224164864
3228645264
3246730838
3238814180
3205019648
3196375040
3228389264
3222116864
3246938838
3222372864
3222116864
3230345672
3232521672
3233417672
3232713672
3246014380
3246410838
3246366380
1071940608
1072964608
3162112000
3213536256
3219936256
3230409672
3228645264
3231945672
3230025672
3225188864
3228133264
3225572864
3246538838
1060096000
1073220608
3162112000
1058560000
3214560256
3197399040
3213536256
3210139648
3162112000
3215584256
1049915392
3222500864
3201495040
3212187648
3217376256
3162112000
3220704256
3216096256
3220704256
3218400256
3217632256
3218144256
3208603648
3217120256
3196375040
3221476864
3210139648
3224676864
3220704256
3214816256
3220960256
3213792256
3224036864
3221860864
3223012864
3222628864
3212699648
3246602838
1070148608
1057024000
3174793216
3220192256
3218656256
3216864256
3225316864
3218656256
3246730838
3204507648
3216608256
3223524864
3225188864
3246778838
3246458838
1065216000
1060096000
3200471040
3226597264
3222116864
3246794838
3222116864
3227877264
3246714838
3245502280
1060608000
3196375040
3246666838
3216096256
3225060864
3246698838
3246634838
3203543040
3208603648
3246714838
3218912256
3246810838
3228645264
3233993672
3246666838
3244990280
3246366380
3188498432
3246762838
3246634838
3243806280
3203543040
3223140864
3246762838
3243454280
3246826838
3246110380
3244446280
1065216000
3215840256
3246794838
3246014380
3246602838
3218656256
3246890838
3246538838
3246174380
3246426838
3162112000
3229157264
3234377672
3246602838
3246366380
3244574280
3245758280
3244734280
3246426838
1072196608
3207067648
3246666838
3246698838
3246366380
3215584256
3229833672
3246014380
3246366380
3220960256
3246682838
3246570838
3246570838
3246174380
1077577216
3208091648
3226469264
3246858838
3231945672
3246698838
3246458838
3244990280
3246490838
1070916608
3210139648
3246698838
3246046380
3185229824
3212699648
3246602838
3221732864
3246794838
3246506838
3245406280
1074249216
1062656000
3246698838
3208091648
3220704256
3246570838
3246014380
3246410838
1074377216
1041014784
3246538838
3245502280
1067588608
3162112000
3246762838
3217632256
3225060864
3246570838
3244734280
3246442838
1074249216
1041014784
3246602838
3246682838
1057536000
3162112000
3246618838
3219424256
3246634838
3246570838
3245310280
1067332608
3246206380
3246634838
1061120000
3212187648
3246602838
3246014380
3246506838
3246174380
3246442838
1076169216
1073220608
3246586838
3219680256
3246826838
3246490838
3245502280
3246410838
3246014380
1061120000
3220192256
3246442838
3246474838
3244990280
3246238380
3245598280
3246698838
1065216000
3214816256
3246366380
3246538838
3244638280
3246522838
3245790280
3246538838
3244990280
1067076608
3223012864
3246302380
3245470280
3244702280
3244894280
3243966280
3245886280
3246078380
3246442838
3246410838
3246238380
1054011392
3225188864
3246174380
3241086280
3242718280
3243646280
3242686280
3246046380
3245982280
3246602838
3246206380
3245342280
3246410838
3162112000
3231049672
3244766280
3244638280
3240222280
3240894280
3244766280
3245598280
3246238380
3246142380
3244990280
3246206380
3246238380
1048891392
3228389264
3244990280
3244190280
3240350280
3243550280
3244830280
3244478280
3245918280
3246410838
3246570838
1074249216
3162112000
3246506838
3246682838
3243550280
3246602838
3245982280
3246442838
3244990280
1072708608
3212187648
3245982280
3245278280
3244318280
3246110380
3245502280
3246506838
3246302380
3244830280
1076937216
1073220608
3246602838
3223268864
3246442838
3246110380
3242686280
3246238380
3246046380
3246602838
3246110380
1076681216
1072452608
3245246280
3246334380
3246426838
3246570838
3234505672
3244990280
3246426838
3246014380
1073476608
3162112000
3246014380
3245342280
3244990280
3245918280
3245406280
3246570838
3246302380
3239870280
1077449216
3246174380
3246366380
3245662280
3246570838
3246302380
3242942280
1070404608
3246586838
3244958280
3246270380
3245470280
3245054280
3244990280
3246442838
3246174380
3246538838
3246238380
3244990280
3246142380
3246110380
1070404608
3218144256
3243966280
3243294280
3246554838
3242526280
3245374280
3244478280
3244734280
3246238380
3246238380
3246238380
3245150280
3246110380
3245502280
3246426838
3245982280
3245246280
3245758280
3245598280
3245982280
3245598280
3244990280
3245278280
3245214280
3245982280
3245502280
3244734280
3245182280
3245822280
3245470280
3245502280
3244894280
3244830280
3243966280
3245502280
3245150280
3244830280
3245374280
3243454280
3244446280
3244446280
3244574280
3244958280
3243454280
3244190280
3242558280
3244574280
3244670280
3243934280
3244926280
3244510280
3243198280
3244638280
3243422280
3244958280
3245310280
3243966280
3244222280
3245054280
3245406280
3244254280
3244222280
3244638280
3244446280
3245470280
3245342280
3242942280
3244446280
3242974280
3245342280
3245406280
3243454280
3244766280
3244446280
3245918280
3245598280
3242942280
3245214280
3245470280
3245726280
3245470280
3245182280
3245054280
3244990280
3245726280
3245630280
3246238380
3245886280
3244478280
3245598280
3245758280
3245982280
3245918280
3245566280
3245470280
3245502280
3245662280
3245854280
3246238380
3245502280
3244222280
3245406280
3245406280
3246366380
3246174380
3244222280
3245278280
3245406280
3246442838
3245950280
3244990280
3245534280
3245566280
3245726280
3245502280
3245214280
3245662280
3244990280
3245854280
3244958280
3245470280
3246014380
3244990280
3245086280
3245118280
3245918280
3245534280
3244222280
3245470280
3245950280
3245470280
3245406280
3243198280
3244702280
3245086280
3244958280
3245470280
3244798280
3243390280
3242430280
3245214280
3244702280
3244830280
3245406280
3242942280
3243454280
3243934280
3244798280
3244414280
3244382280
3243998280
3243454280
3243806280
3243358280
3244446280
3244254280
3243198280
3243422280
3243166280
3243934280
3243550280
3241982280
3243614280
3241406280
3243038280
3244030280
3242654280
3242494280
3241406280
3242526280
3241566280
3242558280
3242974280
3241406280
3242590280
3242014280
3242398280
3242398280
3242654280
3241854280
3242942280
3241502280
3241822280
3240862280
3242782280
3241214280
3241374280
3239358180
3241598280
3241086280
3240990280
3242110280
3241886280
3240926280
3239102180
3241118280
3239870280
3242078280
3241630280
3242398280
3242078280
3241022280
3242590280
3241214280
3243006280
3243038280
3243294280
3243166280
3241918280
3243038280
3243102280
3242398280
3244702280
3243934280
3243390280
3241918280
3243454280
3242462280
3243934280
3244734280
3242974280
3244318280
3242942280
3245470280
3244510280
3244830280
3245150280
3242174280
3245726280
3241630280
3245982280
3244862280
3244894280
3243934280
3243198280
3244510280
3243966280
3245150280
3245470280
3243838280
3244702280
3243454280
3244030280
3241278280
3246238380
3244158280
3244222280
3244830280
3244254280
3244510280
3245982280
3244830280
3244062280
3243454280
3245374280
3244574280
3245214280
3244158280
3243198280
3242654280
3242654280
3243806280
3243486280
3242942280
3243422280
3244990280
3243358280
3245150280
3243422280
3242878280
3241918280
3242142280
3241886280
3242398280
3242654280
3242174280
3241214280
3240638280
3239774280
3244574280
3240830280
3242590280
3238462180
3240830280
3237577672
3243294280
3238558180
3240734280
3239070180
3238846180
3237769672
3238142180
3238110180
3239326180
3236041672
3241502280
3229285264
3238718180
3233737672
3237577672
3232137672
3235209672
3227621264
3229285264
3223012864
3222756864
3226597264
3231113672
3220960256
3224804864
3216096256
3225828864
3214816256
3212699648
3185229824
1061632000
3194642432
3210139648
1074505216
3162112000
1074377216
1073476608
1077449216
1075913216
1080265616
1081673616
1082222024
1087854024
1083054024
1085358024
1089582024
1088302024
1082862024
1088366024
1090414024
1091842532
1087662024
1093282632
1087598024
1092482632
1093378632
1093186632
1090882532
1093154632
1091266532
1092642632
1092098632
1097218632
1092322632
1094530632
1093154632
1095362632
1095842632
1095554632
1094850632
1095970632
1092770632
1097538632
1095362632
1096834632
1095522632
1095554632
1096482632
1096610632
1096450632
1097506632
1095490632
1094754632
1097634632
1098498632
1097474632
1099087190
1098530732
1098306632
1098594732
1098786732
1100367190
1098786732
1100191190
1099999190
1101615190
1101519190
1104607240
1103503240
1103583240
1104863240
1104591240
1104975240
1104847240
1103135240
1084142024
3246442838
3246302380
1101263190
1101375190
1105871290
1103551240
1102559240
1101279190
1102879240
1101087190
1106687290
1104207240
1104703240
1103375240
1101279190
1101631190
1101663190
1102015240
1103567240
1104671240
1105407290
1105119240
1104831240
1105375290
1104431240
1104847240
1105535290
1105471290
1105247240
1105711290
1105247240
1103903240
1104591240
1103839240
1104287240
1104095240
1104911240
1105439290
1105343290
1105871290
1105375290
1105599290
1105119240
1105007240
1105503290
1105695290
1105615290
1105567290
1105647290
1105375290
1105503290
1105519290
1103535240
1104079240
1104927240
1104911240
1104671240
1105359290
1105503290
1105695290
1105871290
1105247240
1104975240
1104879240
1105583290
1105727290
1105567290
1105871290
1105551290
1105567290
1104927240
1104063240
1104335240
1104847240
1105183240
1104607240
1105263240
1106063290
1105439290
1105359290
1104303240
1104943240
1105375290
1105391290
1105999290
1105679290
1105663290
1105279290
1104687240
1103327240
1103615240
1105551290
1104991240
1104511240
1105023240
1105391290
1105439290
1105167240
1106319290
1104991240
1105311290
1105471290
1105471290
1105375290
1105551290
1105615290
1103743240
1102799240
1104255240
1104735240
1104159240
1104799240
1105183240
1105231240
1105871290
1105359290
1105871290
1105375290
1105375290
1105183240
1105375290
1105247240
1105071240
1105359290
1104543240
1104543240
1104735240
1105119240
1104991240
1105119240
1105615290
1105135240
1105359290
1104991240
1105071240
1104863240
1105023240
1105055240
1104959240
1105359290
1104831240
1105039240
1104527240
1104735240
1105359290
1104911240
1105103240
1104991240
1104991240
1104799240
1104991240
1104879240
1104847240
1105615290
1104799240
1104463240
1104639240
1105039240
1104639240
1104655240
1104735240
1104767240
1105359290
1104575240
1105359290
1104959240
1104927240
1104607240
1105023240
1104991240
1104959240
1105615290
1105023240
1104975240
1104927240
1105423290
1105135240
1105423290
1106127290
1105407290
1105359290
1105183240
1105391290
1105119240
1105327290
1105583290
1105151240
1105871290
1105167240
1105279290
1105215240
1105311290
1105247240
1105567290
1106047290
1105583290
1106383290
1105551290
1105439290
1105439290
1105647290
1105407290
1105631290
1105791290
1105487290
1105743290
1104191240
1104719240
1104799240
1104703240
1104863240
1105375290
1105247240
1105567290
1105791290
1105503290
1105871290
1105663290
1105631290
1105279290
1105631290
1105375290
1105663290
1106319290
1105119240
1104463240
1103391240
1103903240
1104671240
1105023240
1105487290
1105375290
1105615290
1105439290
1105551290
1105375290
1105775290
1105759290
1105663290
1106319290
1105599290
1105535290
1105119240
1103759240
1103791240
1104511240
1104527240
1104063240
1105039240
1104991240
1105215240
1105727290
1105535290
1105871290
1105567290
1105631290
1105247240
1105631290
1105567290
1105423290
1105871290
1104095240
1103999240
1104479240
1104479240
1104223240
1104927240
1105871290
1105263240
1105359290
1105375290
1105663290
1105439290
1105535290
1106319290
1105615290
1105631290
1105407290
1105503290
1105839290
1104351240
1103279240
1103071240
1104159240
1104351240
1104543240
1105743290
1105391290
1105583290
1105375290
1105503290
1105151240
1105247240
1106255290
1105631290
1105535290
1105487290
1105567290
1105183240
1104767240
1104783240
1103455240
1103823240
1104367240
1105007240
1104927240
1105391290
1105967290
1105343290
1106255290
1104735240
1105695290
1105247240
1105359290
1105439290
1105695290
1106095290
1105583290
1105263240
1104287240
1104671240
1104255240
1104719240
1105871290
1105423290
1105263240
1105119240
1105327290
1104559240
1104863240
1105871290
1105311290
1105247240
1105503290
1105631290
1106319290
1105503290
1105423290
1104863240
1104911240
1104751240
1104959240
1105615290
1105311290
1105375290
1105247240
1105311290
1104783240
1105327290
1105247240
1105055240
1105503290
1105967290
1105535290
1105871290
1105439290
1105327290
1105119240
1104495240
1104847240
1104591240
1104591240
1104991240
1105391290
1105247240
1105455290
1105871290
1105215240
1105551290
1105535290
1105439290
1105503290
1105791290
1105999290
1104799240
1103855240
1102351240
1103743240
1104735240
1104303240
1104463240
1105023240
1105279290
1105407290
1105487290
1106127290
1105535290
1105551290
1105311290
1105487290
1105503290
1105103240
1104463240
1103023240
1102431240
1103455240
1104031240
1104287240
1104607240
1105615290
1105007240
1105215240
1104991240
1105247240
1105375290
1105199240
1105871290
1105295290
1105119240
1104927240
1104575240
1104431240
1104319240
1104847240
1104575240
1104207240
1104767240
1104847240
1105135240
1105039240
1105807290
1105327290
1105055240
1105023240
1105471290
1105503290
1105439290
1105615290
1104671240
1103231240
1102559240
1103615240
1104847240
1104367240
1104511240
1104607240
1105055240
1105615290
1105039240
1104815240
1105055240
1105167240
1104863240
1105119240
1105807290
1105119240
1104911240
1104383240
1104031240
1104079240
1103807240
1104287240
1104415240
1105007240
1105599290
1105087240
1104975240
1104159240
1104543240
1104863240
1104991240
1105615290
1105119240
1105055240
1104991240
1105167240
1105247240
1104975240
1105039240
1104607240
1104543240
1104991240
1105007240
1105295290
1104767240
1104671240
1104287240
1104607240
1105103240
1104127240
1105199240
1105023240
1105039240
1104847240
1105071240
1104815240
1104927240
1105135240
1105871290
1104959240
1105135240
1105055240
1104975240
1105487290
1105103240
1104959240
1104703240
1105055240
1105375290
1104927240
1105231240
1104895240
1105023240
1104863240
1105039240
1105551290
1104591240
1105327290
1103743240
1104799240
1104479240
1104895240
1105359290
1105055240
1104447240
1104751240
1104479240
1105055240
1104735240
1105743290
1104767240
1105231240
1104223240
1103279240
1103519240
1103359240
1104591240
1104127240
1104303240
1104223240
1104991240
1105103240
1105007240
1104847240
1104447240
1104623240
1104607240
1104799240
1105615290
1104351240
1103103240
1102367240
1103327240
1104271240
1103647240
1104255240
1104383240
1104735240
1104991240
1104927240
1105039240
1104543240
1104799240
1104607240
1104991240
1105615290
1104847240
1104479240
1103487240
1103103240
1103135240
1103903240
1104671240
1104543240
1105359290
1104927240
1104863240
1104671240
1104495240
1104943240
1105023240
1105167240
1104863240
1105071240
1104863240
1104687240
1104847240
1103455240
1103279240
1103839240
1104447240
1105359290
1105087240
1105295290
1104687240
1104831240
1103711240
1104607240
1105359290
1104815240
1105071240
1104863240
1105023240
1104927240
1105007240
1105871290
1104351240
1104031240
1104095240
1104735240
1105215240
1105103240
1105743290
1104671240
1104527240
1104479240
1104799240
1104607240
1105039240
1105407290
1105119240
1105295290
1105119240
1105055240
1104863240
1104927240
1105359290
1104735240
1104751240
1104831240
1105151240
1105119240
1105183240
1105615290
1104607240
1104975240
1104863240
1105135240
1105743290
1105247240
1105311290
1105007240
1105087240
1104735240
1104399240
1104591240
1104287240
1104479240
1104543240
1105071240
1105615290
1105103240
1105247240
1104639240
1105119240
1105871290
1105311290
1105343290
1104991240
1105055240
1104495240
1103487240
1102927240
1103199240
1104239240
1104351240
1104479240
1105615290
1105151240
1105327290
1104991240
1105343290
1105727290
1105359290
1105391290
1105007240
1105151240
1105183240
1103647240
1102159240
1102047240
1103391240
1104143240
1103775240
1104479240
1104415240
1104799240
1105615290
1105151240
1105199240
1104991240
1105231240
1105439290
1105071240
1105231240
1104543240
1103967240
1103711240
1103647240
1103823240
1103839240
1103935240
1103903240
1104447240
1105103240
1104463240
1104383240
1104223240
1104735240
1104687240
1104447240
1104655240
1104255240
1104575240
1104127240
1104303240
1105359290
1104319240
1104767240
1104351240
1104687240
1104847240
1104575240
1104527240
1104287240
1104095240
1104863240
1104543240
1104847240
1104623240
1104559240
1104991240
1104751240
1105359290
1104543240
1105151240
1105183240
1105311290
1105871290
1105343290
1105151240
1105407290
1105119240
1105615290
1104735240
1105231240
1104975240
1105231240
1104927240
1105119240
1105183240
1105871290
1105567290
1105295290
1105311290
1105343290
1106127290
1105455290
1105487290
1104863240
1105455290
1105871290
1105503290
1105455290
1105183240
1104975240
1104863240
1104575240
1105359290
1104815240
1104991240
1105119240
1105439290
1106127290
1105535290
1105551290
1105247240
1105551290
1106383290
1105503290
1105439290
1105055240
1104447240
1103823240
1102095240
1103071240
1103071240
1103823240
1104847240
1104639240
1104863240
1104959240
1105503290
1106255290
1105535290
1105567290
1105263240
1105439290
1105871290
1105039240
1103839240
1102303240
1101775190
1101759190
1101775190
1101775190
1102495240
1102655240
1103343240
1104095240
1104463240
1104159240
1103807240
1103839240
1104399240
1103967240
1104255240
1104335240
1103359240
1103711240
1101855190
1101583190
1101791190
1101727190
1102031240
1101279190
1102495240
1101279190
1101247190
1103311240
1101503190
1101791190
1101535190
1101599190
1101791190
1101407190
1102031240
1101311190
1101679190
1101423190
1101663190
1102799240
1101343190
1102719240
1101407190
1101999240
1102415240
1101439190
1100031190
1101471190
1100975190
1102767240
1101599190
1101023190
1102111240
1101951190
1102047240
1102495240
1102287240
1102015240
1103055240
1100767190
1102239240
1102479240
1101343190
1102287240
1101503190
1101375190
1102655240
1102143240
1102479240
1102687240
1101583190
1103711240
1103375240
1103311240
1103519240
1103167240
1103775240
1103711240
1103439240
1103007240
1102799240
1103071240
1102815240
1103311240
1102543240
1103359240
1102847240
1103455240
1104591240
1103903240
1104271240
1104223240
1104351240
1105231240
1104671240
1104367240
1104607240
1104623240
1104671240
1104543240
1104847240
1103967240
1103967240
1103247240
1103743240
1102975240
1103375240
1103311240
1102879240
1103279240
1102687240
1103087240
1103599240
1103455240
1104335240
1103775240
1104255240
1104095240
1104175240
1104719240
1103631240
1102735240
1101983190
1100271190
1099551190
1098402632
1099727190
1099183190
1096354632
1100831190
1100543190
1101583190
1103247240
1103311240
1104351240
1104351240
1104095240
1103887240
1102799240
1102175240
1099839190
1096226632
1095074632
1095426632
1093858632
1094402632
1095522632
1096866632
1099103190
1098959190
1101007190
1100335190
1101215190
1101839190
1101087190
1101535190
1100271190
1100751190
1097474632
1095330632
1092002632
1091138532
1094210632
1093570632
1091842532
1091234532
1093218632
1091362532
1093346632
1096450632
1096290632
1095938632
1099039190
1098690732
1099551190
1097858632
1100111190
1095330632
1095074632
1094690632
1094914632
1096226632
1095554632
1095426632
1096802632
1099167190
1093762632
1096386632
1099231190
1097186632
1097986632
1099151190
1099135190
1097250632
1098911190
1100127190
1099583190
1099727190
1100415190
1100687190
1099119190
1099887190
1100895190
1099999190
1099775190
1101167190
1101135190
1100543190
1101167190
1101375190
1101151190
1101151190
1101519190
1101839190
1101519190
1101775190
1101087190
1101871190
1101023190
1101471190
1101503190
1101055190
1101647190
1100959190
1102031240
1100559190
1102255240
1101215190
1102527240
1101775190
1102607240
1098927190
1101935190
1102783240
1099871190
1101695190
1102159240
1099231190
1099791190
1101423190
1099967190
1098530732
1101407190
1102799240
1099775190
1102191240
1102623240
1099887190
1100447190
1100127190
1096962632
1097090632
1098498632
1094146632
1099007190
1094434632
1096642632
1096194632
1094210632
1093314632
1093154632
1092898632
1097762632
1095714632
1099471190
1097858632
1099855190
1097890632
1092482632
1094402632
1080521616
1075017216
3232585672
3203543040
1082478024
1084462024
1087534024
1089710024
1091842532
1094690632
1097986632
1100799190
1100303190
1093890632
1093346632
1084590024
1075017216
3238238180
3238814180
3230793672
3212699648
1091682532
1096962632
1084654024
1085678024
1073476608
3192594432
1071428608
1089646024
1085998024
1082478024
1085934024
1057024000
3218912256
1067332608
3220192256
3224164864
1082926024
1069636608
3221988864
1072452608
1085998024
1066564608
3217376256
1041014784
1080265616
1073476608
1066052608
1087022024
1087598024
3223780864
1083054024
1091458532
3206555648
1051963392
1091778532
1088110024
3185229824
1080265616
1093026632
1064704000
3208091648
1076681216
1077705216
3201495040
1077577216
1082862024
3238814180
1083566024
3228133264
1084014024
1078473616
1093378632
1089582024
3236809672
1090786532
1083886024
1067844608
1090722532
1095426632
1073220608
3232393672
1095458632
3218656256
1063168000
1092578632
1088046024
1080905616
3202519040
1098530732
1093730632
1095426632
1090722532
1093058632
1084142024
1081289616
1081801616
3198423040
1073220608
1072964608
1064704000
1076169216
3207579648
1070404608
3207579648
1084974024
1079753616
1090094024
1087854024
3220192256
1079753616
1082158024
1085998024
1084014024
1079625616
1065216000
1075785216
3221988864
3222756864
3231625672
3237833672
3246714838
3242014280
3244798280
3238814180
3235721672
3225188864
3223268864
3227749264
3226085264
3227237264
3223012864
3232201672
3232009672
3238686180
3239806280
3240190280
3239550280
3238078180
3240606280
3238366180
3239838280
3240478280
3238334180
3239614280
3241246280
3240542280
3240542280
3240894280
3240766280
3238654180
3242910280
3241950280
3240926280
3242878280
3242174280
3242910280
3241886280
3242142280
3242078280
3240894280
3242654280
3241438280
3243422280
3242814280
3239870280
3244350280
3244062280
3245662280
3245790280
3246014380
3246858838
3246778838
3247146838
3246730838
3246110380
3245470280
3243710280
3242654280
3237193672
3229705672
3232969672
3233929672
3240094280
3239454280
3239870280
3242238280
3240734280
3245598280
3244862280
3244766280
3245598280
3241406280
3242462280
3242398280
3240478280
3240350280
3237257672
3236297672
3232201672
3231177672
3236809672
3237641672
3234761672
3237833672
3239582280
3239198180
3238846180
3239582280
3242910280
3241118280
3241950280
3241118280
3239838280
3235593672
3237321672
3238718180
3225828864
3224420864
3239038180
3237321672
3229285264
3238526180
3242430280
3236553672
3239774280
3239486280
3239710280
3238078180
3240254280
3239646280
3239070180
3239902280
3237641672
3239454280
3241214280
3240222280
3241406280
3240638280
3240894280
3242174280
3240830280
3242398280
3240318280
3241566280
3239870280
3240350280
3240734280
3240446280
3240670280
3239870280
3241310280
3242398280
3242910280
3243614280
3243198280
3244574280
3244414280
3245790280
3244446280
3246238380
3243902280
3243966280
3241534280
3244222280
3236169672
3241502280
3236297672
3235977672
3238462180
3239518280
3239550280
3242654280
3244062280
3245246280
3247194838
3246970838
3247402838
3246442838
3247178838
3246826838
3244094280
3244446280
3241918280
3241758280
3237641672
3238046180
3236425672
3237641672
3240286280
3241406280
3244510280
3245726280
3247594838
3247706838
3246874838
3246890838
3246586838
3246922838
3246634838
3245470280
3244798280
3242942280
3242910280
3240894280
3240606280
3238686180
3239774280
3239070180
3241758280
3242686280
3243454280
3246538838
3246014380
3247722838
3247642838
3246570838
3246174380
3246522838
3245118280
3241918280
3243678280
3239518280
3240606280
3230921672
3230921672
3237961672
3234057672
3236873672
3239198180
3241118280
3241726280
3243550280
3244702280
3246014380
3246410838
3245694280
3245982280
3244766280
3241918280
3241502280
3237833672
3231305672
3215840256
3227877264
3231945672
3230473672
3234505672
3236873672
3239838280
3239198180
3240350280
3240542280
3240126280
3241246280
3241470280
3242110280
3242654280
3241374280
3241790280
3235593672
3237961672
3236233672
3229897672
3234953672
3237641672
3235401672
3237641672
3240094280
3238974180
3240574280
3240190280
3241022280
3242078280
3242622280
3242654280
3243166280
3239870280
3243294280
3238846180
3242366280
3238686180
3240222280
3237449672
3235593672
3238238180
3238078180
3239582280
3240126280
3240862280
3242078280
3241918280
3244062280
3242398280
3246634838
3243934280
3246570838
3244798280
3242174280
3244702280
3241054280
3242910280
3238206180
3239710280
3235465672
3233545672
3239390180
3237833672
3242270280
3244094280
3244510280
3247066838
3246778838
3247274838
3246666838
3246762838
3246334380
3243966280
3244830280
3241630280
3243870280
3240734280
3241918280
3240766280
3241502280
3244190280
3244574280
3245374280
3246810838
3246970838
3247018838
3246874838
3246174380
3245502280
3244734280
3245214280
3244638280
3243870280
3243806280
3242686280
3243390280
3243774280
3244830280
3245214280
3244990280
3245822280
3243582280
3246442838
3244318280
3245726280
3244414280
3243198280
3243646280
3240510280
3242910280
3239838280
3240030280
3238814180
3238334180
3239198180
3239806280
3242142280
3242398280
3242046280
3245086280
3245278280
3245598280
3245502280
3244830280
3243710280
3240894280
3240766280
3237321672
3234505672
3228261264
3230153672
3233993672
3234569672
3238078180
3238174180
3241886280
3242110280
3242942280
3244318280
3242942280
3243934280
3243038280
3242910280
3239966280
3236297672
3233289672
3220960256
3231113672
3234825672
3237129672
3238622180
3239326180
3239454280
3240094280
3242110280
3240894280
3243806280
3242622280
3243806280
3242462280
3242270280
3240670280
3237641672
3237449672
3235401672
3235721672
3236617672
3237577672
3239134180
3237641672
3240958280
3242206280
3243294280
3244926280
3244318280
3245374280
3243454280
3243006280
3242718280
3241246280
3239838280
3235593672
3235785672
3237065672
3238302180
3239806280
3242078280
3243390280
3243966280
3244862280
3245886280
3245982280
3246442838
3245470280
3244638280
3241406280
3243166280
3239582280
3241246280
3235785672
3238846180
3238526180
3239870280
3241214280
3243006280
3244958280
3246442838
3246014380
3246938838
3246206380
3246238380
3245470280
3242430280
3244030280
3242430280
3242910280
3241054280
3239102180
3239102180
3239550280
3240606280
3241694280
3242910280
3243614280
3242942280
3244766280
3244638280
3244894280
3244350280
3243454280
3243166280
3242622280
3241630280
3241630280
3239550280
3239326180
3236105672
3237961672
3237257672
3240030280
3240478280
3241502280
3242686280
3241022280
3243582280
3242430280
3242526280
3242622280
3241886280
3240222280
3237961672
3236169672
3231753672
3232777672
3232393672
3237513672
3235145672
3235913672
3239070180
3234057672
3245470280
3239838280
3246238380
3246586838
3246110380
3246810838
3247226838
3247466838
3247482838
3247658838
3246810838
3246014380
3244830280
3245086280
3244190280
3243774280
3243454280
3243998280
3243454280
3244254280
3243678280
3243678280
3242494280
3240638280
3240030280
3239678280
3239838280
3239134180
3239070180
3238494180
3237065672
3238430180
3236105672
3239070180
3239454280
3239838280
3239486280
3239838280
3239390180
3238078180
3239262180
3239742280
3239710280
3239006180
3239966280
3238558180
3237769672
3238462180
3238462180
3238974180
3239262180
3239326180
3238558180
3238174180
3238110180
3235593672
3237065672
3238110180
3238110180
3238110180
3236937672
3236937672
3232521672
3236169672
3235593672
3235017672
3235337672
3235273672
3234633672
3233993672
3234057672
3231497672
3233417672
3233033672
3233225672
3232713672
3233225672
3232393672
3232457672
3231561672
3229285264
3231113672
3229285264
3231177672
3231753672
3231817672
3231305672
3228261264
3230921672
3229285264
3230921672
3230985672
3231945672
3230921672
3229769672
3231305672
3229705672
3231945672
3232265672
3233481672
3232777672
3229285264
3232969672
3230729672
3233225672
3233225672
3231369672
3232457672
3230985672
3232265672
3232585672
3233225672
3231817672
3229285264
3231369672
3230089672
3233481672
3232713672
3232969672
3232713672
3229961672
3233225672
3233097672
3233993672
3233225672
3232137672
3232585672
3231497672
3232585672
3232777672
3233481672
3232329672
3226213264
3232457672
3230601672
3233225672
3232905672
3226213264
3232201672
3232841672
3233225672
3233225672
3229961672
3232457672
3231945672
3234377672
3233737672
3232777672
3232969672
3231497672
3233417672
3233353672
3234249672
3233225672
3230473672
3232969672
3232841672
3233993672
3233097672
3231305672
3232457672
3232265672
3233225672
3232393672
3233737672
3232201672
3230473672
3232393672
3231497672
3233481672
3232457672
3232969672
3232201672
3229285264
3231561672
3231433672
3232073672
3231369672
3230153672
3230473672
3229961672
3230921672
3230537672
3230153672
3230217672
3229285264
3229897672
3229897672
3229157264
3229641672
3225188864
3229157264
3228133264
3229897672
3228133264
3223140864
3227749264
3227877264
3227109264
3227877264
3220960256
3226213264
3226213264
3226085264
3224036864
3216864256
3224292864
3225444864
3224932864
3224548864
3216864256
3225060864
3224548864
3226597264
3223780864
3218912256
3223908864
3224420864
3225060864
3223268864
3223524864
3222628864
3212699648
3222372864
3222628864
3224548864
3222244864
3214816256
3223140864
3223780864
3225060864
3224420864
3221604864
3224804864
3225188864
3227621264
3227493264
3227109264
3226341264
3225188864
3228645264
3227493264
3230409672
3228261264
3222116864
3226469264
3226853264
3226597264
3227109264
3224548864
3225572864
3216864256
3224548864
3225444864
3225828864
3225316864
3222372864
3225572864
3222116864
3228133264
3227493264
3230409672
3227877264
3225828864
3228005264
3222116864
3229157264
3228517264
3229157264
3228389264
3224164864
3227365264
3227877264
3228645264
3227877264
3228901264
3226981264
3223140864
3229641672
3229413264
3229897672
3229541264
3223140864
3228133264
3230281672
3227109264
3228389264
3223140864
3228389264
3227237264
3229157264
3229641672
3227877264
3229157264
3228389264
3229705672
3229541264
3228901264
3228773264
3227365264
3230921672
3228517264
3226469264
3229413264
3227749264
3229641672
3228389264
3224804864
3227365264
3226725264
3227365264
3226469264
3224804864
3225188864
3220960256
3225828864
3223268864
3226597264
3224036864
3220960256
3224548864
3223780864
3221988864
3222884864
3223012864
3223780864
3222756864
3212699648
3221860864
3221988864
3218656256
3216608256
3208603648
3216608256
3216608256
3214048256
3215840256
3212699648
3219680256
3218912256
3213536256
3218144256
3217376256
3218656256
3217632256
3188498432
3217632256
3219168256
3216608256
3216608256
3162112000
3215072256
3219936256
3214048256
3215072256
3197399040
3214048256
3216864256
3216608256
3216608256
3214560256
3217120256
3212699648
3219424256
3218912256
3220704256
3219680256
3196375040
3219424256
3223012864
3212187648
3216608256
3206043648
3218400256
3221604864
3220704256
3222500864
3221988864
3223268864
3222116864
3226085264
3226341264
3226853264
3225572864
3220960256
3225444864
3225700864
1048891392
3215072256
3208603648
3222628864
3222884864
1060096000
3212187648
3216864256
3226853264
3228133264
3226597264
3228645264
3222116864
3216096256
3221604864
1048891392
3217632256
3216864256
3229641672
3228389264
3214560256
3221860864
3220960256
3225828864
3210139648
1061120000
3221476864
3213792256
3225060864
3227749264
3230793672
3223140864
3210139648
3223780864
3223652864
3225957264
3220960256
3201495040
3223524864
3162112000
3221860864
3230281672
3216608256
3225572864
3224804864
3229897672
3215328256
3194642432
3223396864
3230729672
3225316864
3162112000
3220448256
3230665672
3217632256
3217632256
3162112000
3218144256
3222116864
3188498432
3216608256
1041014784
3220448256
3162112000
3225316864
3227493264
3199447040
3218400256
1037746176
3197399040
3205531648
3224036864
3222372864
1037746176
3217632256
1057024000
3213792256
3162112000
3222500864
3162112000
1070404608
3206043648
3212699648
3223012864
3222372864
3227109264
3217120256
1061120000
1066308608
3162112000
3217632256
3218400256
3226597264
3223780864
3216864256
3219424256
1055035392
1073476608
3185229824
3162112000
3220448256
3224036864
1058048000
3214304256
3162112000
3215328256
3223012864
1058048000
3208603648
1076553216
3162112000
3212187648
3228645264
3185229824
3204507648
3227365264
3229897672
3212187648
3203543040
1072196608
1073220608
1077065216
3201495040
3217632256
3228261264
3231945672
3234505672
3231945672
3221860864
3162112000
1057024000
1063680000
1070404608
3211163648
1071172608
3215328256
3222500864
3224036864
3208091648
3192594432
1014628352
1060096000
1075529216
3220960256
3232713672
3223012864
3228901264
3212699648
3213792256
3221216256
3194642432
3192594432
1073220608
1055035392
1065540608
3227109264
3220192256
3216864256
3223012864
3223780864
3217120256
3223012864
3188498432
3218400256
3223780864
3212187648
3216352256
3162112000
3211675648
3223012864
3210139648
3211163648
3162112000
3208091648
3200471040
3212187648
3205531648
3162112000
3212187648
3218400256
3208091648
3214560256
3196375040
3213024256
3210139648
3201495040
3208603648
3214560256
3214560256
3212187648
3162112000
3210651648
3223012864
3212187648
3214048256
3162112000
3214560256
3211163648
3192594432
3204507648
3196375040
3203543040
1048891392
1071172608
1061120000
1068612608
3221732864
3202519040
3162112000
1041014784
1065540608
1075529216
1071684608
3209115648
3231369672
3226085264
3196375040
3208091648
3204507648
1057024000
1066308608
1076553216
1071940608
1075785216
3215584256
3222756864
3229961672
3220960256
3214048256
3162112000
1057024000
1073220608
