3239678280
3241246280
3238846180
3240862280
3238974180
3240862280
3240190280
3238846180
3240638280
3243070280
3241886280
3244830280
3243166280
3243422280
3242942280
3244286280
3244286280
3243870280
3246046380
3245374280
3245022280
3244478280
3244766280
3241918280
3244382280
3243518280
3244190280
3244382280
3243934280
3242782280
3242430280
3242142280
3242910280
3242910280
3244926280
3244318280
3242654280
3241918280
3242558280
3240958280
3243934280
3242366280
3244190280
3242782280
3241406280
3241918280
3239870280
3242174280
3243486280
3240734280
3243422280
3241118280
3241758280
3240382280
3239966280
3238846180
3240510280
3238718180
3240190280
3239806280
3241822280
3239390180
3240606280
3241310280
3238206180
3239710280
3235593672
3239102180
3237641672
3239262180
3239070180
3239582280
3238942180
3240222280
3239166180
3236105672
3240414280
3236617672
3240222280
3239710280
3240190280
3241630280
3240606280
3241502280
3239454280
3242878280
3240894280
3241246280
3239966280
3244190280
3242814280
3243454280
3242430280
3241150280
3243198280
3243454280
3243422280
3243582280
3244318280
3243550280
3241918280
3243998280
3242174280
3244126280
3244830280
3244446280
3246110380
3244766280
3245470280
3243710280
3245694280
3245022280
3246506838
3246046380
3245982280
3245534280
3244734280
3245470280
3244670280
3246366380
3246474838
3245406280
3246238380
3244478280
3246366380
3245246280
3246666838
3246410838
3246174380
3246522838
3244990280
3246522838
3246586838
3246634838
3246506838
3246538838
3246506838
3244990280
3246570838
3246046380
3246698838
3246522838
3246698838
3246522838
3246014380
3246522838
3246014380
3246538838
3246538838
3246698838
3246442838
3246698838
3246618838
3245502280
3246442838
3246014380
3246410838
3246602838
3246538838
3246634838
3245310280
3246238380
3245502280
3246442838
3246142380
3246570838
3246302380
3244990280
3246410838
3245630280
3246570838
3246410838
3246554838
3246174380
3244606280
3246110380
3245342280
3246238380
3245758280
3245726280
3246046380
3244478280
3245790280
3244958280
3245982280
3245438280
3244606280
3245342280
3245246280
3245598280
3245694280
3245342280
3245470280
3243966280
3245310280
3246142380
3245406280
3245726280
3244958280
3245182280
3242942280
3245022280
3244222280
3244766280
3244830280
3245342280
3244670280
3244478280
3245022280
3243966280
3245246280
3245182280
3245726280
3245694280
3245726280
3245534280
3246014380
3245982280
3246238380
3246698838
3246142380
3245982280
3246238380
3244990280
3246458838
3246110380
3246618838
3246394838
3246570838
3246410838
3245118280
3246442838
3246078380
3246334380
3245950280
3246570838
3246238380
3246238380
3246302380
3244990280
3246206380
3245246280
3246366380
3246078380
3246586838
3246174380
3246366380
3246238380
3244734280
3246206380
3245054280
3246366380
3245598280
3246442838
3246142380
3245086280
3246110380
3244990280
3245982280
3245918280
3246238380
3245662280
3244958280
3246014380
3244734280
3245694280
3245182280
3245982280
3245182280
3244190280
3245246280
3243966280
3245630280
3243934280
3245918280
3245086280
3243454280
3245502280
1069380608
3246442838
3246046380
3245854280
3245470280
3244734280
3245694280
3244062280
3245982280
3244414280
3243454280
3245534280
3243070280
3245790280
3245470280
3245726280
3245470280
3244478280
3245534280
1069380608
3246522838
3246078380
3245022280
3246238380
3246142380
3246490838
3245886280
3245150280
3245726280
3245630280
3246174380
3245630280
3244766280
3246014380
3244670280
3246366380
3245886280
3245726280
3246014380
3245502280
3246238380
3246046380
3246442838
3246334380
3244478280
3246174380
3244638280
3246442838
3245886280
3244478280
3245982280
1067332608
3245982280
3245918280
3244702280
3246110380
3244990280
3246410838
3246174380
3246442838
3245982280
3245406280
3245662280
3244478280
3245918280
1070660608
3246442838
3246206380
3245470280
3246046380
3244734280
3246174380
3243710280
3246366380
3244990280
3245470280
3245278280
3243454280
3245118280
1068868608
3246366380
3245470280
3244990280
3244702280
3243966280
3244382280
1068356608
3245982280
3245342280
3244222280
3244254280
3244094280
3243870280
3243614280
1069380608
1065796608
3244478280
3245790280
1068356608
3246410838
3245726280
3243966280
3242910280
1072708608
3245086280
3239838280
3243422280
3240862280
3240030280
3241790280
3242430280
3241950280
1069892608
3240510280
1068356608
3244894280
3245310280
3243966280
3238814180
1070404608
3245086280
1068612608
3235273672
3244702280
3243198280
3241438280
1070660608
3241374280
1069380608
1064192000
3243902280
3243966280
3244574280
1070660608
3241886280
1070916608
1057536000
1059584000
3244286280
3245790280
1069124608
3245150280
3241054280
1068612608
1065216000
3244702280
3244990280
3241406280
1069380608
1064704000
3245982280
1068100608
3245982280
3245022280
3244798280
1067588608
3242942280
3245406280
1070404608
3243198280
1068356608
3243294280
3244926280
3244478280
3241822280
1073220608
3241854280
1067844608
3245982280
3242462280
3244734280
3244638280
1073220608
3245374280
1066820608
3245982280
3244798280
3243966280
3242270280
1070148608
3245214280
1066820608
3245470280
3245022280
3243966280
3244478280
1069124608
3245470280
1067332608
3241918280
3244798280
3244990280
3243230280
3236041672
3239806280
3242014280
3240638280
1069380608
1065540608
3246238380
1067332608
3245726280
3245118280
3243454280
1069380608
1064704000
3245662280
1067076608
3228133264
1066308608
3245118280
3246014380
1068100608
3245086280
1068612608
1075529216
1065540608
1065216000
3245726280
1067844608
1068612608
1061120000
3245278280
3245214280
3243998280
1077065216
1064192000
1066308608
1058560000
1065540608
1075017216
1064192000
1065796608
1048891392
1065216000
1073220608
1063680000
3245982280
1063168000
1065216000
1070148608
1064704000
1073220608
3243742280
1070404608
1059072000
1066052608
1073220608
1065796608
1067076608
1063168000
1066308608
1062144000
1067076608
1075529216
1066052608
1067588608
1052987392
1066820608
1073220608
1065796608
1065216000
1058048000
1065796608
1070404608
1064192000
1065216000
1048891392
1066052608
1072196608
1065796608
1066052608
1061120000
1065216000
1065540608
1066564608
1073220608
1061632000
1064704000
1061120000
1060608000
1069124608
1062656000
1063680000
1067332608
1065216000
1069636608
1059072000
1063168000
1069636608
1063168000
3245502280
3244958280
3245726280
1070404608
1065540608
1072196608
1063168000
1064192000
1057024000
1065216000
1073220608
1065540608
3246174380
1061120000
3246014380
1073220608
1066052608
1064704000
1059584000
1063680000
1057024000
1063168000
3243454280
3244958280
3246334380
1067332608
1064192000
1075529216
1065216000
1064192000
1057024000
1062144000
1073220608
1065540608
3245246280
1065216000
1064192000
1065216000
1064192000
1075529216
1063168000
3246142380
1059072000
1067332608
1073220608
1065216000
1067076608
1059072000
1065216000
1048891392
1066308608
1073220608
1066052608
1063680000
1061120000
1065216000
1058048000
1063680000
1068356608
1064704000
1073220608
1065216000
1066308608
1061632000
1065540608
1061120000
1065216000
1075529216
1066052608
1073220608
1054011392
1066564608
1059072000
1067844608
1075529216
1066820608
1067332608
1065216000
1066052608
1060096000
1067332608
1075529216
1068100608
1068100608
1065216000
1073476608
1063168000
1066564608
1076553216
1066308608
1072964608
1048891392
1066308608
1073220608
1069124608
1073220608
1071428608
1070660608
1048891392
1066308608
1075529216
1067332608
1068612608
1066308608
1072452608
1066820608
1060096000
1071172608
1068100608
1067076608
1064704000
1068356608
1061120000
1072452608
1077577216
1058560000
1065216000
1061120000
1066820608
1075529216
1067588608
1067076608
1061120000
1072196608
1076553216
1058048000
1074121216
1014628352
1065216000
1072196608
1066564608
1066564608
1065540608
1066564608
1068868608
1067076608
1073220608
1065216000
1073476608
1033650176
1064704000
1075529216
1065216000
1065216000
1059072000
1064704000
1070660608
1065796608
1064704000
1065216000
1063168000
1057024000
1065796608
1074505216
1065796608
1064704000
1065216000
1063680000
1057024000
1064704000
1069380608
1065216000
1069124608
1065796608
1065540608
1061120000
1066308608
1073220608
1066564608
1071172608
1072964608
1057024000
1055035392
1065216000
1073220608
1063168000
1067076608
1061632000
1066308608
1061120000
1065540608
1075529216
1073220608
1071684608
1014628352
1063168000
1071684608
1066308608
1071172608
1065796608
1067332608
1063168000
1073220608
1077577216
1069636608
1057024000
1059072000
1066052608
1067332608
1066564608
1073220608
1070660608
1069380608
1048891392
1066052608
1072452608
1070404608
1073220608
1067076608
1069124608
1071428608
1063168000
1065796608
1072196608
1076553216
1071684608
1064704000
1072196608
1071428608
1041014784
1067332608
1079625616
1070404608
1060608000
1070404608
1062144000
1071428608
1071684608
1077577216
1071428608
1068100608
1066308608
1068612608
1067332608
1070660608
1075785216
1071428608
1075529216
1069892608
1057024000
1059072000
1073476608
1070404608
1071684608
1077577216
1069380608
1067076608
1065796608
1069892608
1069380608
1069380608
1066564608
1070916608
1076553216
1071172608
1069124608
1065540608
1068868608
1071428608
1070404608
1069380608
1071428608
1075529216
1064192000
1068100608
1071428608
1071172608
1067332608
1071428608
1077577216
1055035392
1065796608
1071428608
1062144000
1068356608
1073220608
1077577216
1071172608
1050939392
1065540608
1073865216
1069380608
1066052608
1075017216
1067844608
1065540608
1069380608
1069892608
1074121216
1058560000
1073220608
1073220608
1058048000
1069380608
1071172608
1075529216
1055035392
1067076608
1066308608
1073732608
1067332608
1071428608
1068612608
1066308608
1073220608
1072964608
1071428608
1067588608
1066052608
1069124608
1073865216
1072196608
1069380608
1057024000
1067844608
1073865216
1076553216
1069892608
1069892608
1027309568
1065796608
1079625616
1069892608
1057024000
1071684608
1071428608
1077577216
1071428608
1055035392
1059584000
1073865216
1074505216
1071940608
1073220608
1066820608
1070404608
1048891392
1067332608
1077577216
1071172608
1062144000
1069892608
1071428608
1076425216
1071172608
1071684608
1069380608
1050939392
1065216000
1073993216
1077577216
1070404608
1072196608
1068356608
1071172608
1068356608
1055035392
1079625616
1071172608
1063168000
1069380608
1069636608
1073993216
1071172608
1072708608
1067332608
1070916608
1070404608
1071428608
1072708608
1068612608
1059072000
1068356608
1072452608
1075529216
1067844608
1070404608
1065216000
1069124608
1077577216
1070660608
1069380608
1067332608
1061120000
1076553216
1072964608
1070148608
1065216000
1071428608
1076553216
1070148608
1070916608
1065540608
1071428608
1077577216
1069892608
1058048000
1061120000
1072964608
1076553216
1068356608
1068356608
1067332608
1070404608
1069380608
1070404608
1075529216
1056059392
1065796608
1069380608
1071428608
1077577216
1069636608
1070916608
1067844608
1052987392
1074633216
1070404608
1076041216
1069380608
1070660608
1048891392
1066308608
1077577216
1070404608
1069636608
1066820608
1070404608
1077577216
1050939392
1073865216
1068612608
1057536000
1073476608
1069892608
1075529216
1070404608
1070148608
1057024000
1061120000
1074505216
1074121216
1073220608
1067332608
1069892608
1066308608
1069636608
1075529216
1055035392
1075529216
1067844608
1070148608
1066308608
1070404608
1069124608
1068356608
1076553216
1067844608
1071940608
1065796608
1069892608
1077577216
1070660608
1069380608
1066308608
1071428608
1072452608
1058048000
1072196608
1070660608
1070404608
1066308608
1069636608
1075529216
1068868608
1069124608
1065216000
1070660608
1077577216
1071172608
1071684608
1065216000
1069380608
1077577216
1071428608
1071428608
1067332608
1071428608
1077065216
1070404608
1070916608
1066308608
1069380608
1074377216
1069380608
1071684608
1067844608
1070404608
1070404608
1071940608
1075529216
1068612608
1069892608
1067844608
1070148608
1076553216
1070148608
1069380608
1065796608
1069380608
1075785216
1068868608
1069124608
1067332608
1069636608
1076553216
1069892608
1068356608
1065216000
1070404608
1077577216
1067076608
1069380608
1071428608
1069380608
1068356608
1067332608
1068612608
1075529216
1069124608
1069636608
1066308608
1070404608
1076041216
1069636608
1069380608
1067844608
1069892608
1076297216
1070148608
1069380608
1066308608
1070148608
1076553216
1069892608
1069380608
1065216000
1069892608
1077577216
1069380608
1068356608
1063168000
1068612608
1073220608
1068356608
1070148608
1066052608
1067844608
1065796608
1068356608
1077577216
1068356608
1067844608
1063168000
1067844608
1073220608
1067844608
1069124608
1065540608
1068100608
1066564608
1067332608
1073220608
1065216000
1067332608
1065216000
1067332608
1075529216
1065216000
1065540608
1059072000
1066308608
1076553216
1066052608
1067588608
1061120000
1065540608
1076553216
1067076608
1063168000
1061120000
1066820608
1075529216
1066820608
1066308608
1059072000
1067332608
1075529216
1066308608
1067076608
1061120000
1068868608
1076553216
1067076608
1066308608
1061120000
1066820608
1069124608
1068612608
1073220608
1064192000
1067332608
1061120000
1067588608
1076041216
1067332608
1066820608
1061120000
1067332608
1069380608
1068612608
1073220608
1066308608
1067332608
1065796608
1067588608
1073220608
1066820608
1067844608
1065216000
1068356608
1076553216
1066820608
1067076608
1061120000
1067332608
1067332608
1067332608
1073220608
1067332608
1068356608
1061120000
1068100608
1075657216
1070404608
1069124608
1063168000
1066564608
1065216000
1067332608
1076553216
1068356608
1067588608
1065216000
1067588608
1065216000
1067332608
1073220608
1066820608
1072196608
1064704000
1067332608
1058048000
1063680000
1066308608
1065540608
1075529216
1063168000
1057024000
1045110784
1066820608
1041014784
1058048000
1069124608
1052987392
1060608000
3192594432
3162112000
3203543040
3174793216
3162112000
3162112000
3162112000
3190546432
3185229824
3203543040
3185229824
3162112000
3199447040
3162112000
3208091648
3207067648
3214304256
3208091648
3162112000
3210139648
3214560256
3220704256
3219680256
3217888256
3221216256
3204507648
3221988864
3222884864
3226597264
3223652864
3225060864
3224164864
3216864256
3223908864
3225188864
3227109264
3226341264
3227109264
3225700864
3220960256
3227493264
3228133264
3230409672
3228645264
3224676864
3228645264
3227493264
3231433672
3230153672
3229705672
3230089672
3230537672
3230281672
3230793672
3229705672
3229157264
3227237264
3231689672
3230409672
3229897672
3230857672
3224164864
3230153672
3231177672
3230665672
3230665672
3230153672
3231241672
3230729672
3233353672
3232073672
3234505672
3234121672
3231497672
3234057672
3236041672
3235529672
3236489672
3233929672
3236489672
3234057672
3235785672
3235529672
3236553672
3235785672
3234825672
3235529672
3234569672
3236937672
3236169672
3237449672
3236041672
3235081672
3237193672
3238110180
3238622180
3238206180
3238014180
3238398180
3238590180
3239262180
3239262180
3239294180
3239358180
3238846180
3239902280
3239838280
3240030280
3239838280
3238846180
3240222280
3240350280
3241118280
3240478280
3239358180
3240702280
3240798280
3241342280
3241022280
3239870280
3241182280
3241246280
3241566280
3241438280
3240382280
3241598280
3241726280
3242366280
3241950280
3240446280
3242142280
3242238280
3242782280
3242398280
3241022280
3242558280
3242750280
3243294280
3242750280
3243038280
3243102280
3242430280
3243486280
3243486280
3243934280
3243710280
3242430280
3243870280
3243454280
3244254280
3243774280
3244158280
3243806280
3243198280
3244190280
3244094280
3244446280
3244190280
3242942280
3244318280
3244094280
3244958280
3244382280
3242942280
3244446280
3243966280
3244606280
3244350280
3245214280
3244638280
3243518280
3244894280
3244894280
3245374280
3244958280
3244574280
3245566280
3246014380
3246110380
3246046380
3246890838
3246746838
3245310280
3246570838
3246586838
3243422280
3243166280
3246890838
3243166280
3246714838
3246634838
3246014380
3246890838
3246842838
3247146838
3247178838
3243422280
3244286280
3235593672
3235145672
1058048000
3206043648
3213536256
3229897672
3238014180
3240126280
3241598280
3242942280
3245214280
3246474838
3247018838
3245854280
3243966280
3244958280
3242174280
3242398280
3240702280
3238174180
3230409672
3232969672
3238238180
3234697672
3238014180
3239870280
3241054280
3242686280
3243422280
3245278280
3244862280
3246394838
3245598280
3245662280
3245022280
3244702280
3242974280
3240894280
3239070180
3238846180
3225060864
3232969672
3240862280
3238654180
3237257672
3241470280
3240638280
3244062280
3245406280
3246634838
3246522838
3244222280
3245182280
3245214280
3244382280
3243934280
3242782280
3241118280
3237641672
3233545672
3233353672
3239326180
3240638280
3237641672
3242142280
3242334280
3244958280
3245662280
3246394838
3246506838
3244990280
3245342280
3245534280
3243934280
3243678280
3241022280
3239582280
3235593672
3228901264
3235209672
3240862280
3239390180
3238078180
3242078280
3242174280
3244190280
3244862280
3246174380
3246174380
3244222280
3245214280
3244190280
3244350280
3242270280
3240862280
3233225672
3223652864
3236041672
3233801672
3237577672
3239262180
3241182280
3240222280
3241374280
3241854280
3239358180
3242270280
3241022280
3242814280
3240894280
3242654280
3239518280
3239102180
3237257672
3233801672
3240126280
3239646280
3239262180
3239838280
3239966280
3238558180
3237641672
3239678280
3238430180
3239838280
3239774280
3239198180
3239038180
3238078180
3238142180
3235529672
3239838280
3239710280
3237065672
3238174180
3238334180
3238398180
3238878180
3238814180
3238654180
3238430180
3237641672
3235593672
3238110180
3237001672
3238270180
3238814180
3238302180
3236809672
3238270180
3238366180
3232521672
3237513672
3238846180
3236809672
3233097672
3238814180
3238654180
3234505672
3232521672
3235849672
3238046180
3235081672
3236297672
3239102180
3238302180
3231817672
3236617672
3239454280
3232521672
3234761672
3240478280
3239454280
3233993672
3238174180
3238622180
3234313672
3234505672
3237641672
3236681672
3237193672
3239582280
3238590180
3237577672
3238590180
3239678280
3238238180
3238078180
3240766280
3238846180
3239902280
3238846180
3240286280
3236041672
3239070180
3239582280
3237833672
3238558180
3238846180
3239902280
3237641672
3240638280
3242910280
3242014280
3243806280
3245726280
3245726280
3246426838
3245822280
3242942280
3244382280
3243198280
3240478280
3239070180
3229157264
3231369672
3237641672
3238622180
3235593672
3240478280
3241598280
3241374280
3241566280
3243166280
3243102280
3241406280
3244830280
3243198280
3244446280
3242878280
3241566280
3237513672
3225700864
3234697672
3236873672
3237577672
3238558180
3240478280
3239262180
3237641672
3238462180
3237641672
3238814180
3239934280
3238814180
3238590180
3239806280
3239070180
3230473672
3235913672
3233097672
3236809672
3237705672
3238366180
3234057672
3229285264
3236361672
3232457672
3230409672
3232777672
3225188864
3231049672
3229285264
3233097672
3236617672
3232457672
3233289672
3229285264
3221988864
1061120000
1074633216
1082734024
1088558024
1083374024
1083694024
1080137616
1061632000
1073476608
3162112000
3220960256
3224036864
3237449672
3235529672
3238174180
3237065672
3227365264
3214816256
1078985616
1078857616
1098786732
1096162632
1092706632
1089134024
1083438024
1082734024
1078601616
1082990024
1080137616
3216608256
1068356608
1079753616
1072196608
1073220608
1078729616
1076425216
1080777616
1084526024
1090094024
1087214024
1084462024
1083246024
1074633216
1080521616
1087150024
1088046024
1075913216
1082286024
1073476608
1071940608
1083758024
1081161616
1073220608
1077705216
1077577216
1071428608
1077193216
1090946532
1084398024
1076937216
1086446024
1087726024
1067332608
1066564608
1087022024
1078857616
1068356608
1069380608
1054011392
1079625616
1071428608
1068612608
1061120000
1062656000
1068100608
1075273216
1073476608
1080777616
1078729616
1084526024
1084142024
3204507648
1057024000
3188498432
1047158784
3197399040
1066308608
3162112000
3162112000
3224164864
3221988864
3230793672
3227493264
3234249672
3223524864
3212699648
1082798024
1091746532
1083758024
1070916608
1090818532
1090158024
3202519040
1078473616
1092130632
1084526024
1057536000
1089454024
1087854024
3196375040
1056059392
1081161616
1086830024
1088942024
1086702024
1088878024
1088814024
1084142024
1086318024
1087214024
1088238024
1088750024
1091202532
1093890632
1089966024
1091842532
1092066632
1090946532
1092386632
1092354632
1093122632
1093538632
1093378632
1096226632
1093922632
1099743190
1095778632
1101967190
1098530732
1099599190
1100927190
1099535190
1095458632
1099935190
1098114632
1096162632
1099279190
1094050632
1100047190
1094178632
1100703190
1099983190
1101471190
1101695190
1099103190
1099359190
1103007240
1102751240
1099407190
1100191190
1103471240
1100511190
1099087190
1102031240
1102559240
1101087190
1097506632
1101871190
1103311240
1099935190
1101455190
1103999240
1101919190
1103903240
1100687190
1104847240
1101423190
1103727240
1099103190
1103695240
1101551190
1103311240
1099215190
1101295190
1102111240
1095234632
1098114632
1102735240
1101791190
1100895190
1100543190
1101407190
1101775190
1101087190
1095426632
1102463240
1103663240
1100239190
1104111240
1100847190
1102687240
1100159190
1100751190
1099295190
1099615190
1099871190
1098911190
1101135190
1101087190
1084014024
1099935190
1097890632
1100751190
1103407240
1093250632
1103679240
1102639240
1103327240
1102303240
1101663190
1100447190
1098911190
1099039190
1101407190
1101263190
1097922632
1099183190
1102687240
1101855190
1104335240
1101695190
1104079240
1101599190
1103199240
1100767190
1103663240
1099887190
1102623240
1101487190
1101903190
1099263190
1100415190
1101791190
1099343190
1101311190
1102719240
1101183190
1103871240
1102495240
1103775240
1104591240
1103919240
1104255240
1103391240
1103759240
1104335240
1103199240
1102703240
1103327240
1103087240
1102735240
1103455240
1103743240
1103359240
1103599240
1103679240
1103183240
1103823240
1103679240
1103823240
1103199240
1103583240
1104335240
1103519240
1103455240
1103471240
1103775240
1103775240
1103839240
1104591240
1103983240
1103775240
1103903240
1103663240
1103583240
1103663240
1104335240
1103599240
1103695240
1103391240
1103839240
1103903240
1103951240
1104591240
1103791240
1103551240
1103487240
1103583240
1104175240
1103711240
1103823240
1103583240
1103279240
1103071240
1103791240
1104495240
1104207240
1104719240
1104351240
1104543240
1104223240
1104271240
1104527240
1103839240
1104207240
1103775240
1104031240
1103775240
1104095240
1104527240
1104255240
1104847240
1104383240
1104495240
1104479240
1104607240
1104223240
1104319240
1104511240
1103615240
1104079240
1103647240
1103839240
1103743240
1103919240
1104463240
1104143240
1104591240
1104207240
1104159240
1104095240
1104479240
1104431240
1104431240
1104351240
1103839240
1103919240
1103215240
1103103240
1102799240
1102431240
1101343190
1102559240
1102559240
1103199240
1103375240
1104207240
1103903240
1104335240
1103839240
1103999240
1104847240
1104191240
1103903240
1103615240
1103711240
1103823240
1103071240
1102735240
1102175240
1102559240
1102431240
1103087240
1103823240
1103775240
1103903240
1104095240
1104447240
1104975240
1104703240
1104783240
1104399240
1104463240
1104719240
1104175240
1103823240
1103583240
1103583240
1103823240
1103791240
1103775240
1104095240
1104447240
1105231240
1104831240
1104815240
1104479240
1104735240
1105359290
1104767240
1104847240
1104607240
1104719240
1105295290
1104879240
1104847240
1104511240
1104895240
1105359290
1104767240
1104751240
1104543240
1104735240
1104879240
1104767240
1104847240
1104671240
1104799240
1104671240
1104767240
1105359290
1104751240
1104863240
1104607240
1104799240
1105343290
1104911240
1105103240
1104655240
1104847240
1104671240
1104767240
1104847240
1104735240
1104767240
1104623240
1104847240
1105103240
1104751240
1104671240
1105007240
1104831240
1104847240
1104735240
1104575240
1105023240
1104719240
1104847240
1104543240
1104879240
1104607240
1104815240
1104783240
1104671240
1104623240
1105215240
1104687240
1104815240
1104479240
1104847240
1105615290
1104799240
1104863240
1104479240
1104895240
1105423290
1104719240
1104799240
1104607240
1104831240
1105551290
1104719240
1104831240
1104479240
1104783240
1105359290
1104767240
1104735240
1104543240
1104751240
1105103240
1104607240
1104735240
1104495240
1104703240
1105215240
1104431240
1104399240
1103983240
1104383240
1104783240
1104431240
1104495240
1104383240
1104591240
1104943240
1104719240
1104847240
1104415240
1104703240
1104447240
1104687240
1105359290
1104479240
1104479240
1104111240
1104383240
1104783240
1104511240
1104479240
1104351240
1104687240
1105231240
1104671240
1105231240
1104671240
1104703240
1104479240
1104703240
1105359290
1104703240
1104783240
1104511240
1104591240
1104351240
1104479240
1104831240
1104607240
1104847240
1104607240
1104735240
1104415240
1104639240
1105295290
1104623240
1104543240
1104607240
1104639240
1104607240
1104799240
1105295290
1104735240
1104735240
1104479240
1104719240
1104927240
1104719240
1104847240
1104607240
1104671240
1104479240
1104671240
1105359290
1104671240
1104767240
1104351240
1104735240
1105359290
1104655240
1104527240
1104639240
1104655240
1104607240
1104671240
1105359290
1104639240
1104655240
1104607240
1104671240
1104543240
1104719240
1105103240
1104607240
1104863240
1104351240
1104671240
1105359290
1104479240
1104527240
1104447240
1104607240
1105231240
1104607240
1104655240
1104191240
1104639240
1104847240
1104287240
1104623240
1104351240
1104575240
1105231240
1104623240
1104703240
1104351240
1104543240
1105359290
1104607240
1104559240
1104351240
1104511240
1105231240
1104479240
1104479240
1104223240
1104511240
1104847240
1104399240
1104447240
1104303240
1104383240
1104351240
1104399240
1105103240
1104415240
1104495240
1104255240
1104479240
1104543240
1104543240
1105103240
1104255240
1104287240
1103711240
1104079240
1103759240
1103471240
1103567240
1103151240
1103567240
1103839240
1104095240
1105103240
1104623240
1104543240
1104223240
1104511240
1104959240
1104559240
1104975240
1104303240
1103871240
1103135240
1102191240
1102543240
1103151240
1103471240
1102943240
1103967240
1104847240
1104479240
1104607240
1104287240
1104559240
1105007240
1104607240
1104719240
1104415240
1104495240
1104095240
1104159240
1104207240
1102911240
1102303240
1102639240
1103727240
1103583240
1104127240
1105231240
1104607240
1104719240
1104031240
1104543240
1104479240
1104639240
1105359290
1104639240
1104543240
1104351240
1104335240
1104511240
1104063240
1103951240
1103647240
1103967240
1103647240
1104431240
1104767240
1104447240
1104783240
1104367240
1104543240
1104127240
1104527240
1104831240
1104447240
1104591240
1104351240
1104367240
1104223240
1104431240
1104543240
1104527240
1105103240
1104351240
1104351240
1104223240
1104351240
1104287240
1104383240
1104703240
1104463240
1104847240
1104351240
1104719240
1104255240
1104367240
1104175240
1104351240
1104607240
1104415240
1104847240
1104319240
1104527240
1104239240
1104223240
1104191240
1104479240
1104591240
1104447240
1105103240
1104287240
1104399240
1104175240
1104255240
1104095240
1104319240
1104847240
1104351240
1104591240
1104255240
1104271240
1104095240
1104239240
1104847240
1104255240
1104591240
1104239240
1104191240
1103967240
1104143240
1104175240
1103807240
1104847240
1103391240
1103823240
1103215240
1103823240
1103455240
1104287240
1104399240
1104239240
1104847240
1104543240
1104415240
1104415240
1104431240
1104623240
1104287240
1104847240
1103375240
1102431240
1101279190
1102591240
1104335240
1103231240
1103839240
1103871240
1104591240
1104543240
1104847240
1105231240
1104911240
1104703240
1104383240
1104799240
1104815240
1103967240
1103695240
1102495240
1102175240
1102623240
1103711240
1104335240
1104239240
1104975240
1104719240
1104863240
1104479240
1104767240
1105359290
1104623240
1105103240
1104623240
1104719240
1104383240
1103967240
1103583240
1103167240
1104079240
1103935240
1104511240
1104495240
1104799240
1105215240
1104623240
1104847240
1104751240
1104543240
1104991240
1104655240
1105615290
1105119240
1104719240
1104479240
1104447240
1104607240
1104639240
1104463240
1104287240
1104607240
1104543240
1104799240
1104847240
1104751240
1105055240
1104351240
1104623240
1105615290
1104735240
1104543240
1104863240
1104671240
1105071240
1104799240
1104831240
1104287240
1104591240
1104767240
1104511240
1105103240
1104623240
1104895240
1104127240
1104927240
1104735240
1104607240
1105551290
1104799240
1105039240
1104223240
1105007240
1105023240
1104383240
1104847240
1104095240
1103455240
1102815240
1103359240
1104063240
1103775240
1103935240
1104351240
1104559240
1104511240
1104895240
1105487290
1104703240
1104863240
1104671240
1104639240
1104223240
1103663240
1102543240
1101279190
1102335240
1102815240
1103487240
1103295240
1103903240
1104591240
1103903240
1104447240
1104271240
1104575240
1104735240
1104831240
1105487290
1104943240
1105103240
1104159240
1103631240
1101567190
1101551190
1103599240
1103007240
1102671240
1103199240
1103903240
1103199240
1104079240
1104719240
1104319240
1104079240
1104095240
1104287240
1104031240
1103983240
1104079240
1103263240
1103839240
1103375240
1103407240
1104399240
1103775240
1103567240
1103647240
1103919240
1104159240
1104015240
1104207240
1103967240
1104191240
1104095240
1104223240
1104719240
1104159240
1104095240
1104095240
1104383240
1104847240
1104415240
1104159240
1104175240
1104335240
1104415240
1104431240
1104847240
1104479240
1104703240
1104351240
1104815240
1105327290
1104895240
1104895240
1104543240
1104927240
1105295290
1105007240
1104863240
1104543240
1104751240
1104591240
1104063240
1102591240
1102847240
1104143240
1104783240
1104271240
1104367240
1104607240
1104895240
1104927240
1104991240
1105103240
1104847240
1104991240
1105119240
1104879240
1104847240
1104127240
1103487240
1101951190
1101999240
1104335240
1103647240
1102591240
1103839240
1104607240
1104847240
1104751240
1104591240
1104671240
1104783240
1104959240
1104687240
1105359290
1103887240
1104015240
1101807190
1102063240
1104255240
1103263240
1102223240
1103455240
1104287240
1103327240
1103935240
1104847240
1103807240
1103903240
1103711240
1103967240
1104591240
1104063240
1104079240
1103999240
1104255240
1104111240
1104287240
1104591240
1104095240
1103935240
1103999240
1104175240
1104591240
1104159240
1104351240
1104095240
1104511240
1104847240
1104287240
1104399240
1103983240
1104287240
1104495240
1104223240
1103951240
1104031240
1103935240
1104191240
1104287240
1105295290
1104591240
1104719240
1104735240
1104767240
1104863240
1104783240
1105231240
1104703240
1104671240
1104223240
1103903240
1104047240
1102367240
1102431240
1103839240
1104367240
1104719240
1104719240
1104975240
1104543240
1104511240
1104607240
1104831240
1105103240
1104927240
1105039240
1104655240
1104735240
1104543240
1104095240
1104719240
1103519240
1103647240
1103711240
1104351240
1104479240
1104783240
1105615290
1104351240
1104111240
1104799240
1104575240
1104159240
1104975240
1105215240
1104703240
1105359290
1104735240
1104543240
1104479240
1104159240
1104351240
1104079240
1104847240
1104479240
1105359290
1104751240
1104415240
1104735240
1104639240
1104767240
1104799240
1105615290
1104703240
1104463240
1104351240
1103247240
1103167240
1103167240
1103503240
1103455240
1103695240
1103887240
1104223240
1104255240
1104703240
1105583290
1104847240
1104847240
1104735240
1104831240
1104639240
1104655240
1104847240
1103663240
1101455190
1101023190
1102591240
1102175240
1102415240
1103871240
1104223240
1104079240
1104159240
1104063240
1104175240
1104559240
1105103240
1104367240
1104783240
1104127240
1104575240
1103839240
1104383240
1103823240
1103711240
1103247240
1103135240
1103711240
1103743240
1103823240
1104271240
1104159240
1104479240
1104351240
1104639240
1105135240
1104687240
1104847240
1104511240
1104575240
1104015240
1103743240
1104271240
1103183240
1102927240
1103247240
1103727240
1103487240
1104207240
1104847240
1104591240
1104847240
1104607240
1104575240
1104415240
1104751240
1105359290
1104703240
1104847240
1104367240
1104191240
1103583240
1102847240
1103631240
1103407240
1103327240
1103775240
1104415240
1104831240
1104735240
1104591240
1104127240
1104607240
1104847240
1104479240
1104783240
1104511240
1104671240
1104351240
1104607240
1105359290
1104543240
1104511240
1104383240
1104623240
1105359290
1104703240
1104911240
1104351240
1104703240
1105231240
1104607240
1104719240
1104351240
1104767240
1105231240
1104623240
1104735240
1104367240
1104703240
1104671240
1104703240
1105039240
1104703240
1104751240
1104415240
1104751240
1105103240
1104719240
1104783240
1104479240
1104671240
1104351240
1104511240
1104847240
1104143240
1104159240
1103711240
1104127240
1104847240
1104511240
1104607240
1104479240
1104527240
1104735240
1104671240
1105103240
1104607240
1104623240
1104223240
1104223240
1103903240
1103295240
1102735240
1102847240
1103583240
1103839240
1103967240
1104847240
1104351240
1104543240
1104415240
1104559240
1104607240
1104703240
1105231240
1104111240
1103183240
1103103240
1102703240
1102687240
1103583240
1103871240
1103711240
1104847240
1104031240
1104287240
1104191240
1104751240
1104607240
1104671240
1105359290
1104559240
1104543240
1104127240
1104015240
1103327240
1103295240
1103823240
1102783240
1103823240
1103967240
1104351240
1104223240
1104607240
1105231240
1104607240
1104719240
1104575240
1104671240
1104479240
1104543240
1104847240
1103967240
1103919240
1103135240
1103519240
1104191240
1104287240
1105295290
1104575240
1104655240
1104223240
1104575240
1104351240
1104799240
1105231240
1104543240
1104623240
1104287240
1103999240
1104031240
1103983240
1104527240
1104095240
1104239240
1104447240
1104639240
1105359290
1104255240
1104847240
1104159240
1104447240
1104927240
1104639240
1104847240
1104639240
1104591240
1104367240
1104479240
1105231240
1104415240
1104175240
1104351240
1104543240
1104543240
1104703240
1105103240
1104719240
1104703240
1104607240
1104719240
1105151240
1104671240
1105103240
1104479240
1104415240
1104095240
1104207240
1104367240
1104255240
1104847240
1104463240
1104431240
1104479240
1104639240
1104415240
1104703240
1105231240
1104543240
1104591240
1103967240
1103711240
1103423240
1103487240
1103679240
1103407240
1104015240
1104351240
1104447240
1104351240
1103343240
1104847240
1102271240
1102479240
1100927190
1100527190
1103327240
1094690632
1100111190
1093890632
1083118024
1060096000
1066052608
3162112000
3228133264
3229285264
3241118280
3242494280
3247002838
3246842838
3246014380
3246906838
3247146838
3247082838
3246874838
3246858838
3246922838
3246014380
3246506838
3244126280
3246506838
3243422280
3245150280
3242078280
3242238280
3240926280
3242110280
3241502280
3242078280
3243422280
3241566280
3242430280
3242270280
3242398280
3243870280
3243614280
3244702280
3242910280
3241918280
3243230280
3242302280
3243614280
3243294280
3244062280
3242942280
3241982280
3243646280
3240382280
3242782280
3243390280
3243166280
3242718280
3242718280
3241374280
3239870280
3241438280
3240798280
3241886280
3242526280
3241118280
3240958280
3239006180
3241438280
3237641672
3240478280
3242782280
3240542280
3240798280
3239838280
3238942180
3237961672
3239070180
3237641672
3238014180
3237129672
3239294180
3237449672
3238686180
3238046180
3234057672
3238046180
3237193672
3238558180
3239326180
3236361672
3239198180
3238334180
3239998280
3239230180
3241374280
3241598280
3238910180
3241918280
3239870280
3241374280
3242782280
3241886280
3242782280
3240510280
3242142280
3241982280
3241502280
3243070280
3243038280
3242526280
3241150280
3242814280
3240830280
3244190280
3243390280
3243294280
3243646280
3242430280
3244286280
3244574280
3244862280
3245726280
3244702280
3244830280
3243966280
3244766280
3244222280
3245982280
3244958280
3244222280
3245630280
3245246280
3245982280
3246142380
3243966280
3245630280
3246078380
3245598280
3246302380
3246442838
3245726280
3244990280
3246110380
3245790280
3246714838
3246110380
3245246280
3246014380
3245566280
3246634838
3246302380
3246570838
3246238380
3245118280
3246238380
3246046380
3246634838
3246490838
3246014380
3246490838
3244990280
3246538838
3245982280
3246762838
3246410838
3246570838
3246238380
3244990280
3246394838
3246394838
3246586838
3246206380
3246110380
3245950280
3246014380
3246174380
3246410838
3246442838
3246410838
3244478280
3246442838
3246110380
3246426838
3246238380
3244478280
3246046380
3246174380
3246238380
3246046380
3244542280
3245790280
3244670280
3246366380
3245086280
3244478280
3245470280
3245694280
3245726280
3245662280
3243966280
3245470280
3245854280
3245214280
3245470280
3243198280
3245598280
3245438280
3245406280
3245342280
3243966280
3245342280
3245470280
3244830280
3245470280
3244190280
3245086280
3242430280
3245374280
3244638280
3244446280
3244446280
3243966280
3244830280
3245630280
3244830280
3245502280
3243454280
3245310280
3245470280
3245438280
3245662280
3244286280
3245662280
3245982280
3246142380
3245950280
3245566280
3245918280
3244990280
3246270380
3246366380
3246442838
3246302380
3244990280
3246302380
3246334380
3246634838
3246238380
3245662280
3246174380
3246014380
3246474838
3246366380
3246570838
3246238380
3244990280
3246302380
3245854280
3246442838
3246110380
3246366380
3246302380
3244990280
3246394838
3245950280
3246410838
3246110380
3245726280
3246110380
3246014380
3246394838
3246174380
3246238380
3246110380
3244990280
3246238380
3245630280
3246506838
3245790280
3243966280
3246174380
3243486280
3246442838
3245406280
3244286280
3245598280
3244478280
3246238380
3245438280
3244734280
3245790280
3245502280
3245982280
3245470280
3244606280
3245470280
3245118280
3245726280
3245406280
3245534280
3245374280
3244478280
3245822280
3245374280
3245662280
3245470280
3244478280
3245534280
3244702280
3245982280
3245214280
3244222280
3245534280
1068356608
3246570838
3246206380
3244478280
3246334380
3246046380
3246570838
3245854280
3244990280
3246110380
3245214280
3246270380
3245726280
3246014380
3246410838
3245982280
3245310280
3246046380
3246014380
3246302380
3246046380
3245598280
3245982280
3246014380
3246366380
3246238380
3244990280
3246014380
3245886280
3246394838
3246014380
3245470280
3246110380
3246014380
3246366380
3246174380
3245854280
3246014380
3246014380
3246238380
3246110380
3246238380
3246110380
3244990280
3246014380
3244702280
3246238380
3245918280
3245566280
3246110380
3244990280
3246174380
3244702280
3246442838
3245214280
3244990280
3245726280
3244862280
3246334380
3245278280
3245470280
3245438280
3245246280
3245470280
3245214280
3244702280
3244478280
3243454280
3244606280
1069124608
3245918280
3245374280
3243966280
3245086280
1068356608
3245982280
3245726280
3244734280
3244958280
3244062280
3243934280
3240542280
1073220608
3245246280
1068356608
3245598280
3245534280
3244990280
3244222280
3244766280
3240606280
1070916608
3239870280
3245310280
3245790280
3238942180
3243102280
3242718280
3241502280
1070660608
3243038280
3242910280
3243806280
3241246280
1073220608
3237897672
1070404608
3246442838
3245214280
3243966280
1069380608
1063680000
3245726280
3243294280
3212699648
1067332608
1063168000
3246634838
1067076608
3244606280
3245534280
3243966280
1066308608
1065216000
3243294280
3244702280
3242430280
1069636608
1060608000
3245982280
1067332608
1069892608
3246238380
3245118280
3245982280
3243998280
3242654280
3234505672
1076553216
3244574280
1072708608
3245982280
1067332608
3246238380
1066308608
3244478280
3245694280
1067844608
3246426838
3244510280
3245022280
1070404608
3243198280
3245054280
1069380608
3245374280
3244798280
3244990280
3244286280
3244382280
3241502280
1069124608
3241918280
3244958280
1067844608
3246442838
3244894280
3243966280
3244574280
1068612608
3245886280
1067588608
3243966280
3245534280
3244414280
3245214280
3242590280
1077577216
3241406280
1068356608
3246442838
1067076608
3244510280
3245054280
1068100608
3245726280
3242718280
3242686280
3240094280
1070148608
3241502280
1068100608
3244190280
3245086280
3244350280
3244510280
1070404608
1069636608
3242398280
1069124608
3239262180
1065216000
3244798280
3244702280
1069892608
1057536000
1065216000
3241150280
1065540608
1065796608
3246366380
1067332608
1073220608
3236681672
1067588608
3245342280
1068612608
1073220608
1061120000
1066052608
1061120000
1063680000
3242942280
1065540608
1065540608
1058560000
1065796608
1073220608
1063168000
1063680000
3242526280
1069380608
1075529216
1064704000
1065216000
1057024000
1065796608
1073220608
1065796608
1066564608
1059072000
1064192000
1067844608
1065540608
1069124608
1061120000
1065540608
1065216000
1065540608
1067076608
1059072000
1063168000
1071684608
1061632000
1065216000
1057024000
1065796608
1073220608
1065216000
1065796608
1057024000
1066052608
1075529216
1065216000
1066308608
1057024000
1066052608
1073220608
1063168000
1064192000
1065216000
1065796608
1062144000
1057024000
1063168000
1073220608
1061632000
3246206380
1067332608
3245790280
1069124608
1057024000
1063168000
1075529216
1062144000
3246238380
3243422280
3244030280
1077577216
1063680000
1065216000
1057024000
1064704000
1075017216
1061120000
3246014380
1061120000
3245758280
1073220608
1064192000
1063168000
3238846180
1067588608
1064704000
1057024000
3245342280
3243966280
3243294280
1069636608
1059072000
1065216000
1073220608
1061632000
3241918280
1065216000
1064192000
1073220608
1062144000
3246238380
1065216000
3245342280
1073220608
1061120000
1065216000
1067332608
1065216000
1069124608
1059584000
1063680000
1058048000
1064192000
1067076608
1059072000
1061120000
1061120000
1063680000
1073220608
1061632000
3246238380
1065216000
1064192000
1073220608
1065216000
1066052608
1060096000
1065540608
1065216000
1066052608
1073220608
1065216000
1069636608
1058048000
1066820608
1076041216
1066564608
1065540608
1062144000
1066564608
1075529216
1067076608
1062144000
1063168000
1064192000
1074505216
1067332608
1067076608
1063168000
1068356608
1071940608
1067076608
1067076608
1061120000
1072708608
1077065216
1062144000
1064192000
1061120000
1066820608
1073220608
1067844608
1073476608
1055035392
1066564608
1073220608
1067332608
1069124608
1065216000
1073476608
1071428608
1061120000
1073220608
1065216000
1066820608
1067332608
1066052608
1073220608
1071428608
1070660608
1050939392
1066308608
1069124608
1065216000
1065796608
1072708608
1066820608
1067844608
1069380608
1060096000
1075529216
1065796608
1065216000
1069380608
1059072000
1075529216
1065796608
1063168000
1063168000
1065216000
1074889216
1066052608
1065216000
1057024000
1067332608
1073220608
1065540608
1063168000
1061120000
1066820608
1072196608
1065216000
1063680000
1059072000
1064192000
1070660608
1064704000
1067076608
1062144000
1061120000
1063168000
1065796608
1073220608
1065540608
1064704000
1060096000
1065796608
1069892608
1066308608
1073220608
1062656000
1063168000
1061120000
1060096000
1075529216
1066564608
1061120000
1061120000
1061632000
1073220608
1065796608
1064704000
1063168000
1065540608
1067076608
1066820608
1069124608
1065216000
1073476608
1041014784
1065540608
1075529216
1065796608
1063168000
1071428608
1056059392
1068100608
1063168000
1066052608
1065216000
1066820608
1073220608
1068612608
1054011392
1062144000
1066308608
1068612608
1063168000
1073476608
1070404608
1058560000
1075529216
1066820608
1064704000
1069380608
1061120000
1075529216
1067588608
1073220608
1068356608
1070404608
1057024000
1067076608
1077577216
1068356608
1071172608
1041014784
1067332608
1073220608
1072196608
1069892608
1067844608
1069380608
1073220608
1065540608
1066308608
1070148608
1065796608
1076809216
1072196608
1075529216
1070916608
1072964608
1048891392
1066308608
1079625616
1070404608
1070660608
1041014784
1068868608
1076425216
1070916608
1063680000
1071428608
1071940608
1069380608
1070916608
1072708608
1067332608
1067332608
1070404608
1071428608
1067332608
1071428608
1076553216
1052987392
1065216000
1071428608
1070916608
1057024000
1067332608
1078601616
1069636608
1059072000
1069380608
1071428608
1073220608
1066308608
1067332608
1069380608
1070660608
1077065216
1069892608
1052987392
1059584000
1073993216
1074505216
1058048000
1068100608
1071428608
1068356608
1059072000
1067844608
1077577216
1068356608
1069636608
1059072000
1064704000
1072964608
1066308608
1059584000
1067332608
1073220608
1064704000
1065216000
1073220608
1069636608
1069124608
1071172608
1064192000
1065540608
1069892608
1070916608
1077577216
1054011392
1066308608
1069380608
1070404608
1069124608
1067332608
1067844608
1069380608
1070916608
1077577216
1071684608
1050939392
1059072000
1073865216
1077577216
1059072000
1066564608
1072452608
1071940608
1077065216
1068100608
1052987392
1061120000
1073865216
1072196608
1069380608
1057024000
1067332608
1073865216
1077577216
1070404608
1058048000
1071428608
1071428608
1073220608
1055035392
1074249216
1068356608
1069636608
1077577216
1057536000
1066308608
1071428608
1071428608
1077577216
1070660608
1070404608
1066308608
1057024000
1075529216
1074121216
1064704000
1069380608
1071428608
1070916608
1071940608
1073220608
1069380608
1071428608
1075273216
1069380608
1060608000
1066308608
1070916608
1071428608
1070148608
1070660608
1067844608
1070660608
1075529216
1071428608
1070148608
1066308608
1055035392
1076553216
1073476608
1069380608
1066308608
1069636608
1077577216
1069636608
1071940608
1072452608
1071172608
1070660608
1014628352
1066308608
1079625616
1070404608
1065216000
1070404608
1070660608
1071172608
1066308608
1070916608
1077577216
1071172608
1069636608
1067332608
1055035392
1073220608
1073732608
1060608000
1073476608
1070148608
1075529216
1069380608
1071172608
1070404608
1069636608
1075785216
1051963392
1065540608
1073865216
1070916608
1070148608
1069380608
1069636608
1075785216
1056059392
1066308608
1069892608
1070916608
1077577216
1071428608
1069892608
1068356608
1050939392
1073220608
1073993216
1070148608
1071428608
1070660608
1075529216
1048891392
1065216000
1075657216
1069892608
1075529216
1069380608
1068612608
1069380608
1064704000
1064704000
1062144000
1073220608
1073865216
1070660608
1073220608
1067332608
1070916608
1045110784
1065216000
1079625616
1067076608
1071684608
1067332608
1071684608
1077577216
1063680000
1072452608
1067332608
1070404608
1077577216
1056059392
1067076608
1067332608
1069892608
1077577216
1069380608
1069892608
1067332608
1068868608
1072196608
1066308608
1069892608
1063680000
1066308608
1073732608
1066308608
1069636608
1077577216
1069892608
1069892608
1065796608
1070404608
1077577216
1070660608
1071428608
1069380608
1071684608
1071428608
1067076608
1070660608
1077577216
1070404608
1069380608
1069380608
1070660608
1073220608
1070148608
1069892608
1073993216
1069380608
1069380608
1067332608
1070148608
1074633216
1071428608
1068356608
1069380608
1071172608
1077577216
1070660608
1069124608
1065216000
1070660608
1073220608
1067588608
1068868608
1077065216
1071940608
1069380608
1065796608
1070404608
1073220608
1067588608
1069892608
1076553216
1069636608
1070660608
1067332608
1070916608
1075017216
1067844608
1069892608
1076553216
1070148608
1070404608
1067332608
1070660608
1077577216
1070404608
1070660608
1069636608
1071428608
1071172608
1067844608
1068356608
1074889216
1070916608
1068868608
1066308608
1069636608
1077577216
1067844608
1067588608
1063168000
1067844608
1073220608
1066308608
1067844608
1063168000
1068356608
1076553216
1066052608
1067332608
1062144000
1068100608
1076553216
1067844608
1067332608
1061120000
1068100608
1076553216
1066052608
1067844608
1061120000
1066564608
1073220608
1062144000
1066564608
1072708608
1066052608
1064192000
1057024000
1065540608
1076553216
1066564608
1066052608
1058048000
1067844608
1073220608
1061120000
1064704000
1071684608
1064704000
1064192000
1014628352
1062144000
1073220608
1061120000
1064192000
1070404608
1066308608
1062144000
1057024000
1064192000
1073220608
1063168000
1064192000
1052987392
1065216000
1073220608
1065540608
1063168000
1057024000
1066308608
1073220608
1063168000
1065796608
1061120000
1066820608
1073220608
1064704000
1066308608
1066308608
1067332608
1067076608
1062144000
1066308608
1073220608
1067332608
1065216000
1059072000
1067332608
1075529216
1065540608
1066308608
1057024000
1064704000
1075529216
1065216000
1069380608
1061120000
1066820608
1075529216
1067844608
1066820608
1062144000
1066820608
1071172608
1065216000
1066308608
1061120000
1062656000
1074505216
1064192000
1065540608
1063168000
1065796608
1073220608
1064192000
1066308608
1061120000
1066820608
1075529216
1064192000
1067844608
1059072000
1067332608
1069892608
1066308608
1073220608
1061120000
1062656000
1033650176
1061120000
1072964608
1062144000
1060608000
1048891392
1057024000
1063680000
1057024000
3162112000
1014628352
3162112000
3162112000
3162112000
3162112000
3188498432
3174793216
3201495040
3162112000
3162112000
3162112000
3185229824
3203543040
3201495040
3162112000
3202519040
3199447040
3216352256
3210651648
3162112000
3213024256
3213536256
3220192256
3219680256
3204507648
3218144256
3221732864
3225060864
3223140864
3220960256
3222884864
3223908864
3223908864
3223524864
3221604864
3223780864
3220960256
3226085264
3225572864
3228133264
3226341264
3220960256
3227749264
3229029264
3230409672
3229705672
3223140864
3229961672
3230025672
3230921672
3230153672
3225188864
3230281672
3229705672
3230921672
3230793672
3230473672
3231945672
3230985672
3229285264
3230153672
3230409672
3232713672
3233225672
3230409672
3231561672
3231497672
3232137672
3232137672
3233033672
3232841672
3231497672
3233993672
3233865672
3233801672
3234505672
3232009672
3235529672
3234313672
3236617672
3236745672
3232521672
3236873672
3235785672
3237321672
3237897672
3233545672
3235657672
3236425672
3236553672
3236809672
3233737672
3236169672
3236681672
3237577672
3236617672
3237065672
3238206180
3238430180
3238942180
3238654180
3237641672
3239006180
3238686180
3240030280
3239390180
3238590180
3239774280
3240030280
3240478280
3240254280
3239870280
3240254280
3240222280
3239166180
3240382280
3240414280
3240862280
3240446280
3239486280
3240766280
3241086280
3241246280
3241310280
3240382280
3241374280
3241118280
3239998280
3241566280
3241726280
3242078280
3241886280
3241278280
3242142280
3242110280
3241822280
3242334280
3242334280
3242910280
3242590280
3241022280
3242622280
3242974280
3243166280
3242814280
3241918280
3243134280
3243326280
3243678280
3243230280
3241918280
3243454280
3243294280
3243934280
3243582280
3242430280
3243742280
3244126280
3243934280
3243870280
3242430280
3244222280
3243806280
3243646280
3243998280
3244030280
3244638280
3244286280
3242942280
3244478280
3244606280
3244958280
3244190280
3243326280
3244606280
3244382280
3244958280
3244382280
3243102280
3244542280
3245086280
3244958280
3245022280
3243198280
3245310280
3244830280
3246442838
3244670280
3244350280
3245086280
3245726280
3246366380
3245470280
3245246280
3245534280
3246842838
3246698838
3246698838
3246634838
3245950280
3246458838
3246458838
3246506838
3247018838
3246570838
3246014380
3234121672
3226341264
3239966280
3244734280
3244894280
3247306838
3246458838
3246858838
3246538838
3246826838
3246762838
3238334180
3238750180
3203543040
1069380608
3230537672
1059072000
3239134180
3237641672
3240830280
3243518280
3244958280
3246666838
3246014380
3246442838
3245566280
3245982280
3244958280
3243134280
3243678280
3241150280
3241502280
3233225672
3232713672
3238782180
3237897672
3237065672
3240094280
3243294280
3241726280
3244478280
3245022280
3246634838
3246826838
3244926280
3243966280
3245758280
3243486280
3243422280
3242750280
3240350280
3239838280
3229285264
3233929672
3239998280
3240478280
3239070180
3240894280
3242878280
3245726280
3246366380
3246810838
3246014380
3245246280
3245182280
3245982280
3244702280
3242430280
3243550280
3241630280
3241118280
3236297672
3234057672
3237705672
3239006180
3240478280
3241534280
3242398280
3244734280
3244990280
3246698838
3246302380
3245854280
3245790280
3244478280
3243742280
3243166280
3241886280
3239294180
3233545672
3231113672
3239166180
3240606280
3238814180
3239358180
3242238280
3242302280
3245726280
3245086280
3246538838
3246206380
3244286280
3245662280
3244638280
3243678280
3242526280
3237641672
3234633672
3220960256
3234505672
3238110180
3238622180
3238302180
3239358180
3240606280
3240862280
3241758280
3243038280
3241150280
3244574280
3242654280
3245662280
3242142280
3245150280
3239358180
3241918280
3227109264
3236745672
3239070180
3228389264
3229285264
3240734280
3238750180
3236169672
3239902280
3240254280
3238462180
3240286280
3240990280
3238814180
3238590180
3239006180
3238846180
3238750180
3238398180
3239198180
3239198180
3237641672
3238846180
3238686180
3239742280
3239454280
3238078180
3238302180
3236937672
3239454280
3239902280
3237321672
3238494180
3237641672
3236937672
3235849672
3239198180
3238430180
3237897672
3236937672
3234569672
3238782180
3237705672
3238430180
3238942180
3234569672
3237065672
3238686180
3238558180
3237513672
3238814180
3238878180
3236105672
3236937672
3233929672
3240414280
3239230180
3234761672
3238622180
3238334180
3238302180
3236297672
3239710280
3239102180
3234889672
3239038180
3238590180
3240542280
3239518280
3242142280
3241406280
3240894280
3241118280
3240382280
3238174180
3231945672
3235529672
3238686180
3237065672
3237641672
3239358180
3239678280
3239486280
3240702280
3242174280
3243806280
3243294280
3243870280
3245694280
3244542280
3245470280
3243966280
3244062280
3242718280
3241758280
3238238180
3233481672
3232521672
3238334180
3240510280
3236617672
3241182280
3242110280
3241630280
3243678280
3244670280
3246142380
3243966280
3245918280
3245086280
3244446280
3244126280
3241310280
3239230180
3216864256
3219936256
3235401672
3230665672
3238046180
3240606280
3238814180
3238334180
3240318280
3239070180
3240126280
3241950280
3241566280
3243326280
3242942280
3243550280
3242942280
3241054280
3238494180
3228133264
3230665672
3238046180
3233865672
3233545672
3238174180
3233545672
3231177672
3234889672
3235017672
3232457672
3234057672
3239262180
3236489672
3232393672
3236937672
3235529672
3231305672
3215840256
3208091648
3212187648
1048891392
1043062784
3162112000
1077449216
1069124608
1078985616
1067844608
1065216000
3220960256
3229285264
3239198180
3236617672
3237961672
3234953672
3235529672
3230729672
1075529216
1078601616
1095042632
1095970632
1078857616
1084142024
1093410632
1088046024
3221476864
1085358024
3223012864
3223524864
3233993672
3229705672
3225188864
3233225672
3212699648
3205531648
1048891392
1091362532
1092962632
1092290632
1093282632
1091202532
1082350024
1085230024
1090158024
1084398024
3162112000
1067332608
3217120256
1076041216
3229705672
1075145216
3229413264
1081673616
3228133264
1089582024
3212187648
1086062024
1093122632
1090562532
1083950024
1087086024
1088238024
1078729616
1081161616
1085998024
3162112000
3227621264
3210139648
3236809672
3220960256
3236425672
3235657672
3229157264
3225188864
3162112000
1076425216
1091746532
1093986632
1085038024
1086254024
1093154632
1089774024
1045110784
1069380608
1078217216
1065216000
1071172608
3185229824
3181133824
3230153672
3232969672
3239966280
3239326180
3235593672
3237193672
3232009672
3227109264
1077449216
1081801616
1096322632
1094402632
1076937216
1081161616
1091490532
1071684608
3215584256
1089582024
1068612608
3232201672
1086318024
3238558180
3185229824
3225700864
1073993216
1069124608
1095554632
1096258632
1082734024
1091618532
1093826632
1072452608
1083566024
1093602632
1084718024
1081801616
1093922632
1093698632
1070916608
1082926024
1092130632
1091874532
1014628352
1084846024
1097602632
1092514632
1096194632
1092066632
1075657216
1090562532
1097762632
1090478024
1098722732
1096642632
1100223190
1098690732
1100831190
1099391190
1098530732
1098882732
1095426632
1093058632
1084462024
1084270024
1096194632
1096258632
1095938632
1099087190
1099359190
1100959190
1102943240
1102799240
1099983190
1100255190
1103455240
1100095190
1091170532
1103023240
1091586532
1096194632
1097826632
1098658732
1102879240
1103759240
1102543240
1103087240
1102303240
1100159190
1101663190
1104175240
1101087190
1100751190
1101183190
1101135190
1101087190
1101983190
1101135190
1099487190
1102367240
1102559240
1099247190
1099647190
1104335240
1103055240
1103839240
1099471190
1103647240
1100911190
1104079240
1097666632
1100063190
1101567190
1099471190
1098498632
1102303240
1101215190
1095458632
1100223190
1102287240
1100223190
1099183190
1101535190
1102431240
1099471190
1099647190
1102591240
1100255190
1098959190
1100751190
1102207240
1099695190
1097730632
1101391190
1102335240
1097506632
1099343190
1102623240
1101551190
1101151190
1099967190
1099727190
1101231190
1098338632
1099871190
1103375240
1102031240
1103823240
1092898632
1103711240
1103135240
1101727190
1103839240
1101263190
1103279240
1099039190
1103519240
1102303240
1102799240
1100751190
1102799240
1099551190
1100175190
1101535190
1100783190
1102223240
1102367240
1099471190
1103583240
1104031240
1103887240
1102735240
1104591240
1098818732
1104559240
1102943240
1103055240
1104207240
1101519190
1100447190
1101695190
1099567190
1103471240
1103167240
1103695240
1103087240
1103967240
1101679190
1103951240
1103823240
1103583240
1103871240
1103775240
1103007240
1103823240
1102127240
1101727190
1102687240
1103391240
1103391240
1103807240
1104335240
1103951240
1103375240
1103519240
1101679190
1104431240
1103679240
1104079240
1103951240
1104111240
1103967240
1104127240
1104303240
1103535240
1103551240
1103503240
1103679240
1103647240
1103839240
1104335240
1103423240
1103583240
1103327240
1103903240
1104463240
1104111240
1105103240
1104463240
1104527240
1104607240
1104831240
1104367240
1104223240
1104335240
1103871240
1103199240
1103583240
1103839240
1104223240
1104255240
1105103240
1104447240
1104719240
1104111240
1104799240
1104223240
1105039240
1105007240
1104719240
1104847240
1103695240
1102367240
1103135240
1103295240
1103327240
1103887240
1104591240
1104127240
1104671240
1104255240
1104639240
1105103240
1104591240
1104847240
1104399240
1104543240
1104095240
1104175240
1104591240
1103391240
1103775240
1102143240
1102015240
1101151190
1101935190
1102799240
1102047240
1103263240
1103103240
1104111240
1104847240
1104671240
1104671240
1104479240
1104671240
1104799240
1104271240
1104335240
1103759240
1103471240
1102623240
1102639240
1102543240
1102015240
1102143240
1102431240
1103231240
1104271240
1104431240
1105359290
1104831240
1104655240
1104575240
1104623240
1105359290
1104687240
1104639240
1104095240
1104431240
1104719240
1104191240
1104127240
1103455240
1103775240
1104847240
1104111240
1104655240
1104415240
1104767240
1105615290
1104751240
1104895240
1104511240
1104815240
1105183240
1104815240
1104847240
1104703240
1104799240
1105359290
1104783240
1104799240
1104639240
1104783240
1105055240
1104847240
1104847240
1104687240
1104719240
1104671240
1104847240
1105487290
1104735240
1104719240
1104671240
1104735240
1105119240
1104879240
1104847240
1104703240
1104703240
1104735240
1104831240
1104847240
1104607240
1104831240
1104767240
1104847240
1104847240
1104735240
1104847240
1104863240
1104799240
1104831240
1104479240
1104735240
1105007240
1104767240
1104783240
1104479240
1104799240
1105071240
1104735240
1104543240
1104735240
1104735240
1105231240
1104671240
1104847240
1104415240
1104831240
1105359290
1104783240
1104527240
1104943240
1104735240
1104847240
1104511240
1104831240
1105055240
1104799240
1104591240
1104479240
1104591240
1104623240
1104591240
1104847240
1104543240
1104607240
1104511240
1104639240
1105359290
1104671240
1104623240
1104415240
1104687240
1105359290
1104655240
1104543240
1104223240
1104415240
1104783240
1104255240
1103631240
1103967240
1103999240
1104847240
1104559240
1104543240
1104479240
1104639240
1105359290
1104799240
1104751240
1104479240
1104639240
1104975240
1104495240
1104143240
1103791240
1103791240
1103855240
1103903240
1104591240
1104511240
1104703240
1104287240
1104415240
1105295290
1104575240
1104415240
1104639240
1104735240
1104495240
1104767240
1105231240
1104639240
1104655240
1104351240
1104607240
1104351240
1104607240
1105359290
1104703240
1104559240
1104511240
1104655240
1104543240
1104863240
1105231240
1104639240
1104607240
1104479240
1104607240
1105359290
1104735240
1104847240
1104623240
1104591240
1104415240
1104655240
1105359290
1104655240
1104767240
1104351240
1104639240
1105295290
1104703240
1104703240
1104383240
1104623240
1104607240
1104703240
1105103240
1104623240
1104671240
1104351240
1104639240
1105167240
1104607240
1104847240
1104607240
1104575240
1104479240
1104623240
1105359290
1104607240
1104703240
1104287240
1104703240
1105103240
1104591240
1104607240
1104351240
1104335240
1104895240
1104703240
1104623240
1104223240
1104575240
1104895240
1104591240
1104463240
1104479240
1104511240
1104687240
1104671240
1104847240
1104575240
1104639240
1104351240
1104575240
1105231240
1104479240
1104623240
1104351240
1104495240
1105231240
1104495240
1104527240
1104095240
1104383240
1104847240
1104479240
1104415240
1104223240
1104383240
1104671240
1104495240
1105103240
1104479240
1104543240
1104351240
1104511240
1104639240
1104463240
1104847240
1104191240
1103855240
1103199240
1102655240
1103487240
1103455240
1103455240
1103711240
1104351240
1104639240
1104527240
1104847240
1104383240
1104527240
1104351240
1104511240
1105103240
1104351240
1103887240
1102847240
1102095240
1102527240
1103231240
1103439240
1103295240
1104319240
1104431240
1104687240
1104847240
1104207240
1104351240
1104607240
1104655240
1105231240
1104607240
1104271240
1104159240
1103135240
1104527240
1102639240
1103695240
1103743240
1103727240
1104031240
1104415240
1104847240
1104383240
1104463240
1104511240
1104591240
1104511240
1104559240
1105359290
1104575240
1104671240
1104159240
1104511240
1104703240
1104287240
1104591240
1104031240
1103999240
1103999240
1104287240
1105103240
1104543240
1104463240
1104223240
1104543240
1104255240
1104191240
1105103240
1104671240
1104591240
1104351240
1104495240
1104223240
1104399240
1105103240
1104463240
1104591240
1104351240
1104415240
1104095240
1104367240
1104351240
1104223240
1105103240
1104607240
1104847240
1104367240
1104351240
1104223240
1104351240
1104095240
1104351240
1104847240
1104399240
1104847240
1104351240
1104223240
1104159240
1104319240
1104479240
1104351240
1104847240
1104415240
1104335240
1104159240
1104479240
1104031240
1104319240
1104607240
1104399240
1104847240
1104207240
1104255240
1103999240
1104191240
1104351240
1104159240
1104591240
1103871240
1104015240
1103743240
1104095240
1104223240
1104111240
1104847240
1104223240
1104463240
1104095240
1104303240
1104223240
1104383240
1104591240
1103919240
1104335240
1102607240
1102159240
1102303240
1103007240
1103919240
1103695240
1104591240
1104191240
1104623240
1104239240
1104671240
1105551290
1104671240
1104991240
1104543240
1104415240
1104351240
1103743240
1103311240
1101487190
1101663190
1103135240
1103583240
1103711240
1104335240
1105615290
1104831240
1104671240
1104479240
1104575240
1104607240
1104655240
1105359290
1104671240
1104543240
1104175240
1103967240
1102943240
1102463240
1103567240
1103967240
1103567240
1104415240
1104671240
1104575240
1104735240
1105103240
1104543240
1104847240
1104735240
1104959240
1104639240
1105055240
1105615290
1104959240
1105199240
1104127240
1104543240
1104703240
1103775240
1104335240
1103999240
1104367240
1104415240
1105023240
1105615290
1104495240
1104463240
1104607240
1104543240
1105295290
1104863240
1104623240
1104751240
1104927240
1104831240
1105119240
1104975240
1104799240
1104927240
1104927240
1104911240
1105231240
1104671240
1104863240
1104447240
1104831240
1105359290
1104527240
1104543240
1104511240
1104479240
1104543240
1104319240
1104847240
1103935240
1104751240
1103471240
1104543240
1104431240
1104479240
1105103240
1104527240
1105055240
1104223240
1104863240
1105359290
1104751240
1104607240
1104015240
1104335240
1102559240
1102559240
1103311240
1102287240
1103423240
1103583240
1103631240
1104559240
1104383240
1104847240
1104639240
1104927240
1104479240
1104927240
1105359290
1104783240
1104847240
1103711240
1102047240
1100767190
1102463240
1103135240
1101679190
1103311240
1104031240
1103311240
1103839240
1103967240
1104095240
1104319240
1104847240
1104111240
1103583240
1103711240
1103807240
1103967240
1103727240
1103567240
1103519240
1103823240
1103455240
1103775240
1104591240
1103631240
1103103240
1103583240
1104095240
1103967240
1103951240
1104143240
1103807240
1104159240
1104031240
1104223240
1104591240
1104303240
1103839240
1104351240
1104399240
1105359290
1104559240
1104799240
1104431240
1104751240
1104959240
1104751240
1104271240
1104607240
1103615240
1104735240
1103263240
1105359290
1103695240
1104399240
1103519240
1104415240
1104495240
1104607240
1104591240
1104623240
1104863240
1104735240
1104943240
1105103240
1104543240
1104863240
1105183240
1104799240
1104847240
1104511240
1104287240
1104191240
1103199240
1102991240
1103391240
1104015240
1104031240
1104575240
1105359290
1104799240
1104575240
1104479240
1104927240
1105615290
1104751240
1104863240
1104543240
1104655240
1104143240
1102991240
1101087190
1101695190
1103663240
1103455240
1103087240
1104335240
1104143240
1104223240
1104127240
1104719240
1104671240
1104735240
1105359290
1104735240
1104031240
1104415240
1102719240
1104847240
1103199240
1103567240
1102655240
1102719240
1103199240
1103487240
1104207240
1103759240
1103135240
1103775240
1104543240
1104847240
1104687240
1104223240
1104479240
1104399240
1104767240
1104415240
1104847240
1103871240
1104639240
1103439240
1104511240
1103439240
1103583240
1103199240
1103327240
1103615240
1104335240
1103807240
1104447240
1104351240
1104767240
1105487290
1104463240
1104591240
1104607240
1104751240
1104975240
1104767240
1105103240
1104415240
1103903240
1102879240
1102335240
1103567240
1103791240
1103599240
1103935240
1104495240
1104607240
1104591240
1104847240
1103951240
1104831240
1104479240
1104415240
1105487290
1104671240
1104559240
1104351240
1104607240
1104351240
1104575240
1104591240
1104655240
1104207240
1104351240
1104543240
1104847240
1104895240
1104783240
1104527240
1104655240
1104607240
1104703240
1105231240
1104735240
1104847240
1104703240
1104655240
1104415240
1104671240
1104687240
1104703240
1105295290
1104735240
1105295290
1104671240
1104703240
1104415240
1104751240
1104959240
1104767240
1105359290
1104623240
1104591240
1104351240
1104095240
1104351240
1103375240
1104847240
1103743240
1104463240
1104015240
1104607240
1104351240
1104575240
1105039240
1104463240
1105359290
1104751240
1104671240
1104447240
1104671240
1104847240
1103823240
1102543240
1101391190
1102559240
1103071240
1102783240
1103695240
1103967240
1104079240
1103967240
1104143240
1104287240
1104591240
1104735240
1104719240
1105359290
1104671240
1104639240
1104479240
1104735240
1104287240
1103167240
1101775190
1101567190
1102831240
1102367240
1102783240
1104335240
1103855240
1103903240
1104095240
1104319240
1104959240
1104559240
1104847240
1104607240
1104639240
1104351240
1104575240
1105007240
1104287240
1104463240
1103231240
1101743190
1101791190
1103711240
1104207240
1103263240
1103823240
1104127240
1104479240
1104367240
1104639240
1104847240
1104431240
1104975240
1104623240
1104559240
1104383240
1104511240
1104415240
1104127240
1104207240
1102975240
1102191240
1103327240
1104223240
1103967240
1104527240
1104847240
1104079240
1104303240
1104239240
1104415240
1104847240
1104639240
1104479240
1104223240
1104607240
1104847240
1104543240
1104687240
1104351240
1104607240
1104847240
1104543240
1104847240
1104447240
1104431240
1104847240
1104543240
1104591240
1104383240
1104511240
1104607240
1104559240
1104479240
1104479240
1104575240
1104767240
1104735240
1104847240
1104607240
1104559240
1104479240
1104655240
1105119240
1104607240
1104655240
1104287240
1104479240
1104351240
1104527240
1105103240
1104319240
1104479240
1103999240
1104319240
1104847240
1104287240
1104383240
1103967240
1104431240
1104847240
1104479240
1104847240
1104415240
1104543240
1104415240
1104543240
1105215240
1104511240
1104223240
1103583240
1102863240
1102463240
1102911240
1103823240
1103679240
1103519240
1103935240
1104319240
1105103240
1104575240
1104719240
1104479240
1104671240
1104479240
1104559240
1104847240
1104223240
1103055240
1102191240
1102175240
1102751240
1103231240
1103071240
1103871240
1104847240
1103903240
1104351240
1104287240
1104399240
1104351240
1104399240
1105359290
1104607240
1104223240
1104191240
1103487240
1103583240
1102047240
1102799240
1103903240
1104063240
1103887240
1104479240
1104351240
1104655240
1105359290
1104639240
1104639240
1104415240
1104511240
1104847240
1104607240
1104335240
1104095240
1103631240
1103135240
1103263240
1104447240
1104287240
1104335240
1104287240
1104655240
1104447240
1104399240
1105103240
1104735240
1104591240
1104559240
1104415240
1104607240
1104447240
1105103240
1104207240
1103775240
1103999240
1104143240
1104847240
1104607240
1104511240
1104447240
1104495240
1104735240
1104527240
1104719240
1104511240
1104591240
1104479240
1104559240
1105359290
1104703240
1104095240
1103919240
1104159240
1104047240
1103839240
1104847240
1104303240
1104751240
1104223240
1104495240
1105039240
1104447240
1104847240
1104367240
1104511240
1104223240
1104495240
1104847240
1103807240
1103823240
1103455240
1103391240
1103071240
1103391240
1103679240
1103295240
1103311240
1103615240
1103567240
1101535190
1102047240
1100255190
1098562732
1096450632
1090594532
3162112000
3185229824
3233481672
3230409672
3246586838
3243454280
3247178838
3246970838
3246238380
3246890838
3245822280
3247050838
3246014380
3246890838
3247146838
3246410838
3245182280
3244350280
3242398280
3240894280
3241150280
3240094280
3241246280
3239390180
3239870280
3240414280
3239966280
3240798280
3241630280
3241214280
3243294280
3241406280
3243038280
3246238380
3244318280
3245950280
3244958280
3244926280
3243198280
3244318280
3243710280
3243806280
3244574280
3243934280
3243422280
3242558280
3242654280
3243422280
3243678280
3243294280
3244190280
3242910280
3241918280
3243678280
3241886280
3242974280
3244510280
3243422280
3242782280
3242430280
3243742280
3243070280
3242398280
3243582280
3242142280
3242526280
3241150280
3240414280
3239870280
3240478280
3239582280
3241630280
3239646280
3242590280
3239582280
3239230180
3239486280
3238334180
3239742280
3238462180
3239070180
3242046280
3239710280
3240350280
3239198180
3239454280
3238078180
3237961672
3238206180
3238430180
3237065672
3240350280
3238078180
3240542280
3237897672
3238462180
3239518280
3239358180
3240286280
3241726280
3241886280
3241502280
3241118280
3241694280
3241406280
3241950280
3242654280
3243038280
3243614280
3243934280
3243134280
3241662280
3242942280
3241406280
3242590280
3244190280
3243678280
3244062280
3243422280
3244222280
3242174280
3244574280
3242942280
3245598280
3243358280
3246442838
3244158280
3245982280
3244542280
3243454280
3245598280
3246174380
3246302380
3245950280
3246570838
3245758280
3244478280
3245246280
3245214280
3245982280
3246014380
3246238380
3246206380
3244478280
3245854280
3246302380
3245950280
3246762838
3246826838
3246442838
3246014380
3246506838
3246014380
3246602838
3246442838
3246794838
3246506838
3246538838
3246302380
3244990280
3246586838
3246410838
3246634838
3246474838
3246698838
3246506838
3246506838
3246506838
3246014380
3246474838
3246014380
3246634838
3246426838
3246698838
3246366380
3246174380
3246442838
3244990280
3246366380
3245982280
3246698838
3246334380
3246110380
3246206380
3246014380
3246334380
3246302380
3246506838
3246410838
3245278280
3246142380
3244990280
3246110380
3246110380
3246394838
3246014380
3245150280
3245822280
3245502280
3245982280
3245342280
3246238380
3245438280
3244158280
3245470280
3245790280
3245662280
3245790280
3245278280
3245534280
3244222280
3245438280
3245470280
3245662280
3245214280
3245278280
3244830280
3243966280
3244414280
3246014380
3244190280
3245822280
3245086280
3245214280
3243454280
3244958280
3245886280
3244702280
3245982280
3245214280
3245726280
3243966280
3246206380
3245598280
3246394838
3245982280
3245502280
3246046380
3245246280
3246522838
3245982280
3246634838
3246410838
3246238380
3246302380
3244990280
3246410838
3246238380
3246522838
3246046380
3246366380
3246238380
3244990280
3246366380
3246046380
3246538838
3246334380
3246570838
3246238380
3245118280
3246110380
3244990280
3246302380
3245342280
3246490838
3245854280
3246442838
3246046380
3244862280
3246110380
3245502280
3246394838
3246014380
3246506838
3245918280
3244542280
3246110380
3245534280
3246442838
3245790280
3245982280
3245534280
3244990280
3245406280
3245438280
3245982280
3245278280
3244830280
3245598280
3243966280
3245118280
1069892608
3246442838
3246110380
3244990280
3246014380
3245406280
3246442838
3244670280
3244766280
3245470280
3244990280
3245438280
3245534280
3245854280
3245118280
3244094280
3245470280
3244222280
3245598280
3245662280
3245470280
3245726280
3244094280
3246014380
1069124608
3246506838
3246206380
3244862280
3246270380
3246142380
3246506838
3245886280
3245726280
3246014380
3246014380
3246302380
3246014380
3245470280
3246046380
3246014380
3246238380
3246078380
3246506838
3246078380
3244606280
3246142380
3244510280
3246442838
3245662280
3244990280
3246142380
3245406280
3246366380
3246110380
3246238380
3246078380
3244990280
3246238380
3245118280
3246442838
3245886280
3245854280
3246046380
3246014380
3246270380
3246046380
3246442838
3245950280
3245854280
3245726280
3244990280
3245918280
3243966280
3246206380
3245406280
3246302380
3245662280
3244734280
3245630280
3243966280
3245982280
3244606280
3245214280
3245086280
3243198280
3244638280
1069636608
3246110380
3244478280
3245822280
3243934280
3243454280
3244190280
1069124608
3245598280
3244830280
3244510280
3240446280
3243966280
3244126280
3244062280
3241374280
3233097672
1075273216
3245758280
3245502280
3245406280
3243742280
3243358280
1069380608
1075529216
3245278280
1073220608
3246110380
1066820608
3246442838
3241566280
3245214280
3243358280
3241918280
1068868608
1065796608
3245790280
3236297672
3236425672
3244158280
3243198280
1068612608
1066308608
3246442838
1067588608
1069380608
3245278280
3240894280
3244958280
1070404608
3245214280
1068868608
1069124608
3241758280
1075529216
3245214280
1067588608
3245982280
1067844608
3244446280
3242430280
3240894280
1069380608
1063168000
3245854280
1066308608
1065540608
3246014380
3244990280
3245854280
1069636608
3245310280
3243262280
1066308608
1064704000
3245022280
3244958280
3244222280
3241374280
1070148608
3245342280
1067076608
1066308608
3245534280
3244734280
3245694280
1070148608
3246238380
1067332608
3244734280
3244894280
3245374280
3239646280
3243550280
3244574280
3240798280
1076553216
3241374280
1068612608
3246206380
3243038280
3245726280
3245086280
3243966280
3243870280
1068868608
1057024000
1063168000
3244478280
3246110380
3244958280
3244958280
3245662280
3242814280
1070404608
1068100608
1060096000
1063168000
3245854280
3245854280
3243966280
3244190280
1070148608
3240798280
1068356608
1061120000
1065216000
3244990280
3245854280
3246014380
1066308608
3244830280
3240894280
1070148608
1065796608
1057024000
1063680000
1075529216
1062144000
1064192000
3245726280
3245502280
3240958280
1071428608
1066308608
1057024000
1065216000
1073220608
1063168000
1065540608
1061120000
1063168000
1059072000
1065216000
1073220608
3244734280
1067844608
1061120000
1065216000
1072964608
1065216000
1064704000
1058048000
1065216000
1059072000
1065216000
1075273216
1065216000
1067588608
1058048000
1066308608
1059072000
1064192000
1073220608
1064192000
1065216000
1058048000
1064704000
1070404608
1062144000
1064704000
1059072000
1065796608
1067332608
1064704000
1069124608
1058560000
1065796608
1062144000
1063680000
1073220608
1064704000
1066308608
1048891392
1067844608
1075529216
1065216000
1065216000
1057024000
1063168000
1075017216
1064192000
1063168000
1052987392
1061632000
1073220608
1060608000
3242910280
1061120000
1067332608
1073220608
1063168000
3246302380
1061120000
3245086280
1072452608
1065216000
1067076608
1061120000
1063168000
1057024000
1064192000
3242430280
3243870280
3246238380
1066564608
1064192000
1068356608
1065540608
1067076608
1063680000
1064192000
1057024000
1063168000
1073220608
1061632000
3246014380
3245662280
3246238380
1077577216
1066052608
1063168000
1057024000
1064704000
1067844608
1065216000
1068100608
1062144000
1063168000
1059072000
1063168000
1073220608
1062656000
3246334380
3242142280
3245406280
1076553216
1067332608
1066564608
1061120000
1065540608
1061120000
1065540608
1073220608
1063168000
1071940608
1045110784
1065216000
1057024000
1064192000
1073220608
1063168000
1067076608
1062144000
1065796608
1059072000
1064704000
1076553216
1066308608
1072196608
1062144000
1072964608
1057024000
1066308608
1075529216
1068100608
1065796608
1061120000
1068868608
1069380608
1066820608
1076553216
1066564608
1066820608
1062144000
1067332608
1077193216
1070148608
1071940608
1041014784
1062144000
1065216000
1065216000
1075529216
1066820608
1072964608
1048891392
1073220608
1069124608
1066820608
1067076608
1065216000
1072452608
1057024000
1068356608
1075529216
1073220608
1064704000
1064192000
1073865216
1068356608
1065216000
1075529216
1067076608
1060608000
1070404608
1062144000
1075529216
1068612608
1064704000
1062656000
1067588608
1077577216
1071428608
1069636608
1014628352
1066308608
1070916608
1066308608
1067076608
1065216000
1065796608
1065216000
1066308608
1076553216
1066564608
1066308608
1069380608
1055035392
1075017216
1065540608
1064704000
1063168000
1064192000
1066308608
1063680000
1075529216
1065216000
1062144000
1060096000
1063168000
1069380608
1064192000
1073220608
1067332608
1062656000
1059072000
1065540608
1063168000
1065796608
1073220608
1066564608
1071172608
1066820608
1064704000
1058560000
1065216000
1072964608
1066564608
1066564608
1065216000
1066308608
1061120000
1066052608
1075017216
1073865216
1056059392
1062144000
1064704000
1061120000
1066308608
1073220608
1067076608
1065540608
1071940608
1059072000
1065216000
1066308608
1073220608
1071684608
1070916608
1014628352
1065796608
1075529216
1066308608
1064704000
1071684608
1060096000
1063168000
1073220608
1076937216
1058560000
1069124608
1073220608
1061120000
1061120000
1073476608
1069380608
1060096000
1075529216
1073220608
1060608000
1070404608
1063680000
1065216000
1072964608
1077577216
1070916608
1060608000
1071428608
1069380608
1066308608
1062144000
1075529216
1073220608
1069124608
1067588608
1071940608
1065216000
1058560000
1070916608
1073732608
1076553216
1069892608
1061632000
1069380608
1071428608
1074121216
1070404608
1073220608
1067844608
1068868608
1068356608
1068356608
1070916608
1071172608
1077577216
1070404608
3162112000
1065540608
1073732608
1069380608
1070404608
1061632000
1068356608
1079113616
1070660608
1060096000
1071428608
1070916608
1069380608
1070404608
1073220608
1065540608
1067076608
1070404608
1066052608
1069892608
1070148608
1077577216
1070404608
1058048000
1061120000
1073220608
1074889216
1059072000
1073220608
1073220608
1061632000
1069892608
1070660608
1073476608
1057536000
1069124608
1073476608
1059072000
1065216000
1074121216
1077577216
1069636608
1052987392
1057024000
1073993216
1076553216
1057024000
1069124608
1072452608
1057024000
1065216000
1073865216
1077577216
1070404608
1056059392
1064192000
1072964608
1068356608
1057536000
1076553216
1073220608
1059584000
1070404608
1071684608
1076553216
1058560000
1073993216
1068356608
1059072000
1069380608
1073476608
1073220608
1069636608
1070916608
1067844608
1055035392
1073220608
1074121216
1061120000
1070404608
1072964608
1077065216
1071428608
1071172608
1048891392
1067076608
1075273216
1071428608
1077577216
1071428608
1070660608
1065216000
1057024000
1073220608
1074121216
1070916608
1068868608
1071684608
1066308608
1070404608
1077577216
1057536000
1068612608
1071684608
1070148608
1065796608
1070148608
1077577216
1070916608
1072708608
1068356608
1070916608
1071684608
1057024000
1076553216
1071940608
1068356608
1066820608
1069892608
1077321216
1070916608
1069636608
1067332608
1071428608
1075529216
1070660608
1058560000
1066308608
1077449216
1071428608
1069636608
1073220608
1068868608
1071428608
1069380608
1070660608
1077577216
1072708608
1070148608
1048891392
1068612608
1077577216
1070404608
1068356608
1065540608
1068356608
1077577216
1071428608
1069892608
1067332608
1054011392
1075017216
1072452608
1069636608
1065796608
1072452608
1069380608
1071428608
1077577216
1055035392
1067332608
1069380608
1070404608
1073220608
1068612608
1073220608
1068356608
1067076608
1065216000
1054011392
1075529216
1074249216
1061632000
1070404608
1070660608
1076553216
1070916608
1070404608
1066308608
1067588608
1058048000
1067332608
1077577216
1069124608
1070148608
1067332608
1063680000
1078601616
1070916608
1070660608
1014628352
1067332608
1075785216
1070660608
1075529216
1070148608
1070148608
1065796608
1068356608
1073220608
1060096000
1074121216
1069380608
1069892608
1067332608
1071428608
1077065216
1059072000
1073865216
1066564608
1071940608
1073220608
1070916608
1073220608
1068356608
1069380608
1067332608
1071684608
1077577216
1070148608
1070404608
1014628352
1066052608
1079625616
1068612608
1072452608
1065216000
1070404608
1077577216
1070660608
1071684608
1067332608
1069892608
1075017216
1071940608
1072964608
1067588608
1071428608
1075529216
1071428608
1070916608
1066052608
1071172608
1075529216
1070916608
1070404608
1067332608
1071428608
1077065216
1071428608
1070148608
1067332608
1070148608
1073993216
1069380608
1071172608
1068356608
1070404608
1067332608
1069892608
1077577216
1068612608
1069380608
1069380608
1070660608
1073220608
1068356608
1069892608
1071428608
1070404608
1069892608
1066308608
1069124608
1075529216
1069380608
1069380608
1065216000
1068868608
1077577216
1068868608
1069636608
1065216000
1070148608
1077577216
1067332608
1069636608
1067332608
1070148608
1077065216
1069380608
1069636608
1067332608
1069892608
1077577216
1070916608
1071684608
1067332608
1070148608
1077577216
1068356608
1069892608
1065216000
1069380608
1074249216
1070404608
1069124608
1066308608
1069636608
1065216000
1068868608
1077577216
1068356608
1067844608
1065216000
1069124608
1073220608
1069380608
1071684608
1066820608
1068612608
1065216000
1068612608
1076553216
1067332608
1065216000
1059584000
1066052608
1075529216
1067844608
1065796608
1062144000
1067332608
1072964608
1067332608
1069124608
1063168000
1066820608
1067332608
1066820608
1073220608
1065216000
1065216000
1067332608
1067588608
1072196608
1064192000
1066052608
1063168000
1066308608
1073220608
1065216000
1067588608
1065216000
1066820608
1076553216
1067332608
1067332608
1061120000
1067332608
1074249216
1068100608
1073220608
1066308608
1067844608
1061120000
1067588608
1076553216
1068356608
1067076608
1063680000
1067844608
1067332608
1066052608
1073220608
1066564608
1067844608
1061120000
1066564608
1076553216
1067332608
1066308608
1061120000
1068356608
1076297216
1068356608
1069124608
1066308608
1067844608
1065216000
1068868608
1077065216
1068100608
1067332608
1062656000
1067332608
1075529216
1067332608
1067844608
1065216000
1067588608
1065216000
1067332608
1075529216
1066564608
1067332608
1061120000
1065216000
1069380608
1069380608
1075529216
1067332608
1066308608
1062656000
1066820608
1065216000
1066308608
1075273216
1065796608
1064704000
1058048000
1060096000
1052987392
1060096000
1072708608
1059072000
1049915392
1014628352
3162112000
1041014784
3162112000
3162112000
3194642432
3194642432
3207067648
3203543040
3203543040
3188498432
3162112000
3206555648
3209115648
3216608256
3210139648
3206043648
3213536256
3208603648
3218656256
3215072256
3217632256
3217120256
3162112000
3220448256
3219424256
3224804864
3221988864
3218144256
3222244864
3214816256
3224420864
3224548864
3226853264
3225828864
3223012864
3225316864
3220960256
3226469264
3226213264
3231177672
3228901264
3225444864
3229641672
3229541264
3230665672
3230409672
3227493264
3229705672
3229285264
3230537672
3230089672
3230409672
3229769672
3225188864
3228645264
3230217672
3231433672
3230409672
3229285264
3230729672
3232009672
3231049672
3232009672
3230409672
3230281672
3229285264
3231817672
3232393672
3233993672
3233289672
3231497672
3232841672
3232521672
3233609672
3235273672
3233993672
3235081672
3230729672
3234185672
3234825672
3236937672
3234761672
3236041672
3235017672
3232521672
3236041672
3236489672
3237577672
3236553672
3238174180
3236809672
3235593672
3237513672
3238270180
3238686180
3238430180
3237641672
3238302180
3237641672
3238942180
3238910180
3239326180
3239422180
3238846180
3239646280
3239326180
3240094280
3239838280
3238334180
3240190280
3240062280
3240734280
3240350280
3239358180
3240478280
3240830280
3241246280
3240926280
3240414280
3241182280
3241022280
3241886280
3241630280
3241022280
3241630280
3241662280
3242334280
3241918280
3242014280
3242142280
3241918280
3242430280
3242782280
3242526280
3242814280
3241918280
3242910280
3242878280
3243678280
3243102280
3243038280
3243166280
3242942280
3243454280
3243742280
3243934280
3243806280
3242718280
3243870280
3243646280
3244318280
3243806280
3243806280
3244030280
3243582280
3244318280
3244190280
3244574280
3244254280
3242942280
3244446280
3244126280
3244702280
3244446280
3242942280
3244350280
3244510280
3244894280
3244510280
3244382280
3244254280
3244222280
3244702280
3244958280
3245086280
3244926280
3243454280
3245886280
3245246280
3245854280
3245982280
3244670280
3245854280
3246014380
3246698838
3246506838
3242654280
3244766280
3242174280
3246762838
3244606280
3247082838
3246650838
3247210838
3246602838
3246506838
3244990280
3246458838
3240446280
3231241672
3219936256
3162112000
1070404608
3211163648
3162112000
3238430180
3243774280
3242718280
3246762838
3245470280
3246506838
3246014380
3245054280
3243934280
3244958280
3241086280
3242142280
3232905672
3230473672
3234249672
3235017672
3237321672
3239390180
3240094280
3239966280
3241918280
3243326280
3244574280
3245982280
3246238380
3245150280
3244830280
3244990280
3244798280
3243358280
3243422280
3240126280
3237833672
3229897672
3230729672
3239326180
3238462180
3238558180
3240990280
3242910280
3243262280
3244990280
3245886280
3246142380
3246506838
3245182280
3244574280
3244958280
3242942280
3243102280
3240798280
3239902280
3233417672
3229285264
3239486280
3239966280
3239710280
3242590280
3242046280
3245214280
3246014380
3246746838
3246366380
3245726280
3245470280
3243966280
3243422280
3242622280
3240350280
3237577672
3231433672
3232393672
3238590180
3239966280
3237961672
3242014280
3243166280
3243422280
3246014380
3243966280
3246238380
3245950280
3244894280
3244574280
3244190280
3241502280
3237641672
3231945672
3223652864
3237449672
3238558180
3236937672
3238942180
3241758280
3239646280
3240894280
3241502280
3240894280
3241566280
3241886280
3242142280
3241246280
3240638280
3239134180
3235593672
3238014180
3237321672
3239966280
3239774280
3240478280
3239710280
3238462180
3239614280
3238846180
3239070180
3239678280
3240094280
3238878180
3239454280
3239070180
3235593672
3238974180
3239742280
3238398180
3238110180
3239102180
3238718180
3235081672
3239070180
3238686180
3239070180
3239070180
3239070180
3238174180
3236105672
3238622180
3236425672
3238366180
3239326180
3238750180
3237833672
3237577672
3238142180
3235721672
3235593672
3237641672
3238814180
3237961672
3236041672
3235913672
3238430180
3235273672
3231497672
3238526180
3234761672
3234761672
3240254280
3239294180
3230921672
3235081672
3239582280
3237705672
3233993672
3238110180
3239294180
3235209672
3233929672
3238974180
3234569672
3236041672
3235913672
3238686180
3238430180
3237577672
3237065672
3238174180
3238334180
3233801672
3240350280
3240606280
3239326180
3241406280
3241758280
3239198180
3238750180
3238686180
3233545672
3234633672
3236617672
3239454280
3238046180
3240222280
3241054280
3240222280
3238718180
3239198180
3243166280
3241918280
3244542280
3244254280
3245982280
3244830280
3245214280
3243550280
3241918280
3239166180
3236617672
3232201672
3234633672
3239582280
3239742280
3236105672
3240382280
3241918280
3240478280
3240542280
3242846280
3242622280
3243550280
3244958280
3242430280
3244190280
3241118280
3241886280
3233865672
3233353672
3238686180
3235593672
3235593672
3240478280
3240734280
3235529672
3237833672
3240510280
3234569672
3235273672
3239518280
3241118280
3237257672
3238302180
3239422180
3237641672
3233289672
3234313672
3239134180
3238238180
3233481672
3237641672
3233545672
3228133264
3231625672
3230153672
3231049672
3230409672
3233353672
3229705672
3238014180
3237769672
3233481672
3229705672
3224420864
1059072000
1075529216
1083374024
1085166024
1082990024
1080521616
1084462024
1066820608
1073220608
1052987392
1057536000
3230409672
3231177672
3239486280
3237321672
3231177672
3233929672
3229029264
3203543040
1084526024
1095938632
1096738632
1087278024
1088878024
1090478024
1076681216
1080137616
1090094024
1081289616
1077449216
1069380608
3221860864
1070404608
3229833672
1059072000
3224292864
1084974024
1078473616
1090978532
1094946632
1086190024
1084078024
1091042532
1085998024
1065540608
1091586532
1084654024
3212187648
1064704000
1066564608
1085742024
1082414024
1074889216
1078729616
1082734024
1081673616
1085102024
1089582024
1084526024
1076041216
1085038024
1087790024
1073220608
1066564608
1090626532
1079753616
3226725264
1077321216
3223780864
1082478024
3226085264
1067076608
3162112000
1070148608
1081673616
1083566024
1088366024
1081801616
1080009616
1088046024
1078857616
3220192256
1077449216
3214048256
1065216000
1066820608
3162112000
3208091648
3217888256
3223012864
3230601672
3229897672
3235465672
3224164864
3226597264
1079497616
1077961216
1088494024
1092258632
1074633216
1082926024
1090158024
1086510024
1061120000
1078345216
1091202532
1074121216
3210651648
1082990024
1080009616
1065216000
1087022024
1094402632
1086446024
1081801616
1084270024
1087854024
1083246024
1083246024
1093378632
1090626532
1089006024
1090158024
1090946532
1089134024
1089006024
1091330532
1091138532
1092130632
1090914532
1091330532
1093058632
1093378632
1096194632
1093346632
1098722732
1094626632
1100895190
1097506632
1101071190
1100751190
1097506632
1100431190
1095586632
1095202632
1094722632
1093282632
1093890632
1094882632
1098943190
1099487190
1102175240
1103311240
1098943190
1101055190
1102959240
1100255190
1099471190
1102559240
1101455190
1093794632
1099839190
1100191190
1102271240
1102671240
1099743190
1102111240
1103583240
1100735190
1104335240
1102623240
1102655240
1100255190
1100847190
1102783240
1101263190
1100239190
1100895190
1102671240
1101151190
1100911190
1102031240
1101743190
1102191240
1100255190
1100623190
1102991240
1102031240
1101519190
1101695190
1101807190
1101535190
1101855190
1101263190
1100831190
1098274632
1100799190
1103583240
1101071190
1103135240
1100255190
1103935240
1100223190
1103727240
1098658732
1102559240
1100575190
1098498632
1096962632
1100415190
1099999190
1094946632
1100159190
1102735240
1098975190
1100367190
1101535190
1099615190
1099615190
1101663190
1100623190
1099055190
1101359190
1101663190
1099711190
1102287240
1102335240
1089902024
1103135240
1102031240
1103839240
1102207240
1103823240
1102223240
1102847240
1100959190
1103103240
1099039190
1103455240
1102287240
1103087240
1096962632
1103583240
1103439240
1101727190
1103519240
1102287240
1102015240
1100799190
1102687240
1101791190
1104079240
1102271240
1102799240
1103183240
1103375240
1103327240
1103919240
1103823240
1103455240
1103727240
1103455240
1102751240
1103759240
1103679240
1103391240
1102815240
1103711240
1103871240
1103391240
1103311240
1103551240
1103407240
1103071240
1103839240
1104591240
1103583240
1103759240
1103327240
1103871240
1102815240
1103823240
1103391240
1103855240
1104079240
1103343240
1103647240
1103071240
1103583240
1103759240
1103487240
1103439240
1103327240
1103647240
1103711240
1103807240
1104335240
1103359240
1102639240
1101919190
1103519240
1103951240
1104127240
1104463240
1104351240
1104527240
1103839240
1103967240
1104175240
1103759240
1103695240
1103455240
1103871240
1103839240
1103983240
1105359290
1104095240
1104287240
1104095240
1104623240
1104767240
1104671240
1105103240
1104047240
1103887240
1103391240
1103775240
1103615240
1103743240
1104223240
1103967240
1104271240
1104191240
1104239240
1104159240
1104367240
1105039240
1104543240
1104367240
1104479240
1104351240
1104223240
1103935240
1104207240
1103135240
1102239240
1102975240
1102767240
1103807240
1103199240
1103071240
1103071240
1103679240
1103583240
1103887240
1104591240
1103983240
1103967240
1103967240
1104047240
1104207240
1103503240
1102527240
1102559240
1102351240
1103311240
1102511240
1101887190
1102879240
1103743240
1104335240
1104191240
1104399240
1104223240
1104623240
1104383240
1104479240
1104847240
1104223240
1102175240
1103583240
1102927240
1103487240
1103263240
1102895240
1103327240
1104127240
1104703240
1104607240
1104687240
1104383240
1104671240
1105295290
1104735240
1104687240
1104543240
1104799240
1105295290
1104831240
1104751240
1104479240
1104783240
1104991240
1104687240
1104847240
1104687240
1104735240
1104735240
1104703240
1104847240
1104623240
1104799240
1104607240
1104799240
1105487290
1104799240
1104735240
1104607240
1104863240
1105087240
1104863240
1104847240
1104639240
1104799240
1104703240
1104831240
1105551290
1104911240
1104815240
1104671240
1104863240
1105247240
1104799240
1104975240
1104543240
1104831240
1104863240
1104895240
1105359290
1104687240
1104911240
1104879240
1104783240
1104847240
1104719240
1104607240
1104767240
1104703240
1105231240
1104639240
1104767240
1104735240
1104831240
1104847240
1104639240
1104719240
1104959240
1104703240
1104799240
1104479240
1104815240
1105359290
1104767240
1104847240
1104543240
1104911240
1105359290
1104831240
1104751240
1103967240
1104767240
1105103240
1104815240
1104847240
1104671240
1104735240
1104607240
1104767240
1105359290
1104591240
1104543240
1104351240
1104623240
1105487290
1104607240
1104271240
1104223240
1103999240
1104847240
1103983240
1104239240
1104351240
1104575240
1105359290
1104623240
1104607240
1104383240
1104687240
1105359290
1104735240
1104655240
1104415240
1104687240
1105359290
1104543240
1104303240
1103903240
1104127240
1104847240
1104399240
1104495240
1104415240
1104767240
1104991240
1104895240
1104847240
1104543240
1104703240
1104479240
1104687240
1105359290
1104655240
1104559240
1104351240
1104319240
1104351240
1104383240
1105103240
1104639240
1104559240
1104607240
1104591240
1104671240
1104783240
1104847240
1104671240
1104751240
1104479240
1104751240
1105359290
1104655240
1104671240
1104415240
1104735240
1104735240
1104703240
1105103240
1104607240
1104703240
1104447240
1104703240
1105359290
1104735240
1104511240
1104511240
1104703240
1105359290
1104767240
1104751240
1104351240
1104719240
1105103240
1104735240
1104671240
1104367240
1104575240
1104607240
1104607240
1105231240
1104575240
1104607240
1104511240
1104607240
1105103240
1104687240
1104719240
1104447240
1104607240
1104847240
1104575240
1104847240
1104415240
1104575240
1104847240
1104639240
1104719240
1104415240
1104447240
1104911240
1104671240
1104719240
1104479240
1104559240
1104607240
1104719240
1105103240
1104607240
1104607240
1104255240
1104559240
1105231240
1104463240
1104607240
1104223240
1104415240
1105103240
1104431240
1104399240
1104351240
1104447240
1104543240
1104431240
1104847240
1104351240
1104415240
1104223240
1104447240
1104671240
1104479240
1104847240
1104319240
1104463240
1104223240
1104399240
1104479240
1104159240
1104591240
1103711240
1103199240
1103135240
1103535240
1104303240
1103903240
1104335240
1104255240
1104623240
1104671240
1104559240
1105359290
1104639240
1104607240
1104127240
1104223240
1104143240
1103071240
1102095240
1101887190
1103519240
1103631240
1103631240
1104335240
1104223240
1104607240
1104479240
1104559240
1104847240
1104655240
1104687240
1104191240
1104543240
1104383240
1104271240
1104079240
1103407240
1101983190
1102431240
1103615240
1103455240
1104047240
1104847240
1104511240
1104591240
1104031240
1104431240
1104959240
1104655240
1105103240
1104607240
1104575240
1104223240
1104399240
1104847240
1103967240
1104079240
1103391240
1103967240
1103583240
1104287240
1104847240
1104511240
1104447240
1104159240
1104383240
1104415240
1104543240
1105231240
1104511240
1104383240
1104479240
1104415240
1104223240
1104543240
1104847240
1104399240
1104383240
1104159240
1104415240
1104383240
1104463240
1105071240
1104383240
1104655240
1104479240
1104399240
1104095240
1104463240
1104223240
1104335240
1105103240
1104415240
1104527240
1104255240
1104463240
1104159240
1104383240
1104703240
1104399240
1104847240
1104383240
1104303240
1104287240
1104367240
1104527240
1104447240
1104847240
1104287240
1104335240
1104015240
1104031240
1103999240
1103999240
1104847240
1103951240
1104351240
1103919240
1104143240
1104479240
1104271240
1105103240
1104415240
1104271240
1104095240
1104319240
1104159240
1103919240
1104079240
1103151240
1102543240
1102815240
1103455240
1103167240
1103743240
1104783240
1104399240
1104719240
1104479240
1103983240
1104479240
1104479240
1105103240
1104463240
1104303240
1103327240
1103327240
1101599190
1102015240
1103823240
1103583240
1103327240
1103839240
1104367240
1104847240
1104831240
1104719240
1104927240
1104847240
1104495240
1104751240
1105103240
1104463240
1104143240
1103295240
1102575240
1102175240
1103183240
1104335240
1103855240
1104447240
1104639240
1105087240
1104607240
1104703240
1105359290
1104671240
1105103240
1104735240
1104623240
1104543240
1104575240
1104159240
1103423240
1104271240
1103439240
1103903240
1104095240
1104863240
1104863240
1104575240
1105359290
1104575240
1104815240
1104607240
1104799240
1105359290
1104863240
1104927240
1104511240
1104607240
1104479240
1104639240
1104847240
1104319240
1104783240
1104351240
1104607240
1105407290
1104719240
1104623240
1104575240
1104799240
1104799240
1104623240
1105231240
1104735240
1104735240
1104607240
1104847240
1105359290
1104543240
1104927240
1104111240
1104863240
1104463240
1104639240
1104847240
1104527240
1104799240
1104159240
1104671240
1104479240
1104671240
1105231240
1104863240
1104943240
1104159240
1105055240
1104735240
1104479240
1104847240
1104079240
1103535240
1102463240
1102879240
1103823240
1103567240
1103279240
1104095240
1104575240
1104351240
1104831240
1105359290
1104671240
1105039240
1104703240
1104783240
1104351240
1104383240
1103631240
1102207240
1101455190
1101935190
1103199240
1103071240
1103455240
1104207240
1103951240
1104079240
1104143240
1104287240
1104351240
1104623240
1105215240
1104815240
1105359290
1104479240
1104591240
1103071240
1103439240
1102799240
1102175240
1103055240
1103359240
1103295240
1103583240
1103839240
1104079240
1103999240
1103951240
1103855240
1103807240
1104335240
1103711240
1103551240
1103455240
1103903240
1104719240
1103823240
1103871240
1103839240
1104031240
1104495240
1104047240
1104095240
1103967240
1104239240
1104399240
1104207240
1104207240
1104095240
1104079240
1104255240
1104095240
1104591240
1104223240
1104079240
1104095240
1104319240
1105231240
1104623240
1104543240
1104607240
1104895240
1105327290
1104975240
1104975240
1104799240
1104975240
1105087240
1104879240
1104735240
1104287240
1103647240
1103631240
1102591240
1103263240
1103871240
1104127240
1104847240
1104687240
1104735240
1104735240
1105055240
1104847240
1104863240
1105231240
1104799240
1104927240
1104863240
1104751240
1104047240
1103519240
1102367240
1101919190
1103599240
1104847240
1103263240
1104063240
1104223240
1104415240
1105359290
1104751240
1104815240
1104639240
1104895240
1105023240
1104799240
1105359290
1104031240
1103567240
1101343190
1101727190
1103583240
1103263240
1102671240
1103599240
1104399240
1103455240
1104255240
1104399240
1104127240
1104047240
1103887240
1104031240
1103775240
1103999240
1104591240
1103967240
1104207240
1103839240
1104319240
1104847240
1104319240
1104687240
1104047240
1104607240
1104159240
1104303240
1104207240
1103839240
1103967240
1103839240
1104031240
1104783240
1104047240
1104351240
1104159240
1104751240
1105231240
1104799240
1104799240
1104671240
1104751240
1104415240
1104719240
1105359290
1104335240
1104591240
1103007240
1104031240
1102815240
1103023240
1104591240
1104079240
1104031240
1104159240
1104623240
1105167240
1104815240
1105103240
1104607240
1104927240
1104607240
1104783240
1105551290
1104767240
1104559240
1104223240
1103727240
1103263240
1103199240
1104335240
1104127240
1104559240
1104543240
1104831240
1104351240
1104447240
1105167240
1104879240
1105039240
1104671240
1104815240
1104607240
1104767240
1105231240
1104655240
1104719240
1104223240
1103935240
1103855240
1104063240
1104287240
1104703240
1105359290
1104799240
1105231240
1104175240
1104207240
1104767240
1104735240
1104911240
1104895240
1105231240
1104639240
1104159240
1103839240
1102863240
1103071240
1103567240
1104079240
1103807240
1104047240
1104095240
1104447240
1104959240
1104831240
1105359290
1104847240
1104927240
1104575240
1104767240
1105359290
1104527240
1103775240
1102559240
1101391190
1101855190
1102639240
1103567240
1102943240
1103711240
1103999240
1104207240
1104095240
1104319240
1105103240
1104495240
1104687240
1104351240
1104719240
1104191240
1104495240
1104719240
1103775240
1103471240
1102319240
1103183240
1104079240
1103391240
1103727240
1103775240
1104159240
1104415240
1104287240
1104847240
1104415240
1104607240
1104351240
1104639240
1104847240
1104415240
1104015240
1104303240
1103839240
1103839240
1103743240
1104527240
1103903240
1103791240
1103839240
1104159240
1104351240
1104463240
1104847240
1104703240
1104543240
1104351240
1104735240
1104543240
1104751240
1105359290
1104543240
1104463240
1104191240
1103823240
1103583240
1103359240
1104079240
1103775240
1104063240
1104095240
1104559240
1105231240
1104479240
1104719240
1104351240
1104607240
1104415240
1104527240
1105231240
1104431240
1104543240
1104351240
1104447240
1105295290
1104447240
1104639240
1104351240
1104687240
1105039240
1104543240
1104447240
1104223240
1104399240
1104847240
1104671240
1104687240
1104351240
1104607240
1104703240
1104703240
1104847240
1104703240
1104863240
1104479240
1104687240
1105359290
1104783240
1104959240
1104543240
1104703240
1104543240
1104639240
1105359290
1104623240
1104655240
1104351240
1104415240
1104495240
1103903240
1104847240
1104063240
1104175240
1104095240
1104607240
1105359290
1104671240
1104639240
1104479240
1104655240
1104671240
1104655240
1105231240
1104383240
1103743240
1103071240
1102703240
1102991240
1103391240
1104079240
1103903240
1103967240
1104079240
1104527240
1104991240
1104543240
1105103240
1104559240
1104623240
1104287240
1104159240
1104255240
1103311240
1103311240
1102719240
1103567240
1103519240
1103935240
1103903240
1104143240
1104415240
1104351240
1105167240
1104543240
1104671240
1104415240
1104591240
1104351240
1104335240
1104591240
1103631240
1103439240
1103343240
1103631240
1104095240
1104207240
1104847240
1104335240
1104447240
1104511240
1104607240
1104607240
1104687240
1105231240
1104655240
1104591240
1104159240
1104239240
1104335240
1103647240
1103839240
1103647240
1104143240
1104351240
1104543240
1105359290
1104655240
1104639240
1104367240
1104415240
1104959240
1104607240
1104847240
1104335240
1104367240
1103839240
1103647240
1104447240
1104015240
1104463240
1104351240
1104431240
1104479240
1104415240
1105039240
1104351240
1104687240
1104607240
1104735240
1105359290
1104671240
1104607240
1104351240
1104623240
1104847240
1104207240
1104287240
1104095240
1104671240
1104479240
1104831240
1105359290
1104735240
1104735240
1104607240
1104783240
1105295290
1104767240
1104799240
1104383240
1104575240
1104223240
1104383240
1104719240
1104319240
1103839240
1103999240
1104671240
1104479240
1104479240
1105359290
1104751240
1104783240
1104543240
1104639240
1104351240
1104447240
1104303240
1103807240
1104207240
1103423240
1103263240
1103407240
1104127240
1104463240
1104287240
1104815240
1103007240
1104607240
1102687240
1103951240
1103119240
1100015190
1097218632
1095362632
1075913216
1052987392
3202519040
3212699648
3234377672
3233737672
3244702280
3245278280
3246714838
3247146838
3246458838
3247018838
3247114838
3247146838
3247082838
3246586838
3246794838
3246142380
3246442838
3244958280
3244190280
3243582280
3241694280
3242462280
3240382280
3241374280
3240510280
3243742280
3242046280
3243806280
3242846280
3242174280
3242942280
3244094280
3243806280
3242942280
3245182280
3242302280
3242942280
3242366280
3241918280
3242558280
3244254280
3244446280
3243486280
3243966280
3243230280
3241918280
3240862280
3242654280
3242526280
3243742280
3242270280
3243102280
3239870280
3242046280
3242558280
3240158280
3241950280
3240862280
3241214280
3240606280
3241214280
3238846180
3240286280
3240382280
3240350280
3240030280
3240350280
3240062280
3240094280
3239646280
3235849672
3238910180
3237641672
3238814180
3235849672
3240094280
3235785672
3237769672
3236233672
3236617672
3237065672
3237385672
3239838280
3238238180
3236617672
3238974180
3237641672
3239902280
3240254280
3242142280
3241758280
3239870280
3242398280
3239870280
3242334280
3243166280
3240830280
3241982280
3241918280
3242334280
3243454280
3243422280
3242878280
3242174280
3242878280
3240446280
3243518280
3243294280
3243678280
3243198280
3242430280
3243678280
3243390280
3244702280
3244574280
3244414280
3244798280
3244990280
3245438280
3245534280
3245982280
3245726280
3243454280
3245726280
3244190280
3245982280
3246238380
3243454280
3245694280
3245982280
3245982280
3246270380
3244606280
3245886280
3245406280
3246442838
3246570838
3245982280
3246014380
3246014380
3246366380
3246110380
3246570838
3246394838
3244990280
3246458838
3246174380
3246570838
3246442838
3246014380
3246442838
3246014380
3246506838
3246302380
3246762838
3246302380
3245502280
3246442838
3245502280
3246602838
3246426838
3246570838
3246442838
3244990280
3246302380
3246238380
3246442838
3246366380
3246014380
3246078380
3246014380
3246334380
3246334380
3245982280
3246366380
3246014380
3246110380
3246206380
3245982280
3246174380
3244990280
3245918280
3245790280
3246238380
3245502280
3244478280
3245534280
3245982280
3245342280
3246046380
3243966280
3245598280
3245854280
3245470280
3245150280
3243966280
3245022280
3245886280
3244446280
3245534280
3243966280
3245342280
3244382280
3245598280
3244862280
3243966280
3244766280
3245086280
3245150280
3245182280
3244958280
3244958280
3243454280
3244734280
3244958280
3244958280
3244830280
3243454280
3244990280
3245086280
3244958280
3245150280
3244222280
3245310280
3244990280
3245854280
3245726280
3245470280
3245534280
3245502280
3246238380
3246014380
3246698838
3246410838
3244990280
3246142380
3246174380
3246442838
3246410838
3246110380
3246238380
3244734280
3246174380
3246110380
3246506838
3246206380
3245502280
3246110380
3245246280
3246426838
3246334380
3246570838
3246426838
3245662280
3246174380
3244990280
3246366380
3246270380
3246634838
3246110380
3245246280
3246174380
3246206380
3246506838
3246014380
3246238380
3246206380
3244990280
3246270380
3246046380
3246442838
3245694280
3244222280
3245950280
3243774280
3246506838
3245310280
3244702280
3245726280
3244990280
3246142380
3245150280
3245726280
3245470280
3245662280
3245662280
3245566280
3245086280
3245374280
3246014380
3245214280
3245630280
3244862280
3245214280
3245310280
3245598280
3245662280
3244254280
3245470280
3245374280
3245822280
3245278280
3245470280
3245534280
3244990280
3245694280
3246046380
3245790280
3245982280
3244990280
3245982280
3246046380
3245214280
3245854280
3245982280
3246366380
3245854280
3244734280
3246014380
3244894280
3246442838
3245918280
3245502280
3246302380
3246110380
3245662280
3245950280
3245502280
3246238380
3246270380
3245598280
3245918280
3246238380
3246442838
3246110380
3244734280
3246078380
3245694280
3246366380
3246046380
3244734280
3245982280
3245374280
3246334380
3246046380
3245118280
3246046380
3245854280
3246366380
3246142380
3245790280
3245950280
3246014380
3246206380
3245982280
3246442838
3246078380
3244478280
3246046380
3242398280
3246238380
3245598280
3245022280
3246046380
3245054280
3246302380
3245406280
3245662280
3245502280
3244990280
3245278280
3244862280
3244958280
3244446280
3242942280
3244158280
1069380608
3245726280
3245022280
3243966280
3244638280
1068868608
3245406280
3245982280
3244606280
3245054280
3243390280
3244190280
3241950280
3220960256
3243806280
1068356608
3245854280
3245214280
3244478280
3243678280
1069380608
3244702280
3244478280
3242430280
1069380608
1065796608
3246442838
3241566280
3244766280
3244414280
3243966280
3232713672
1068100608
3245726280
3244542280
3239358180
3221476864
1067332608
3246442838
1068356608
3243966280
3245118280
1070148608
3243934280
3242718280
3243070280
1068612608
1066564608
3244958280
3244670280
3240702280
1070404608
3239358180
3244382280
1069124608
3240990280
1068612608
3243230280
3243870280
1073220608
3242942280
1068356608
3246366380
3239646280
3243966280
3243486280
1071428608
3244510280
1067332608
3242910280
3244862280
3243966280
3242974280
1073220608
3245342280
1068356608
3245726280
3242910280
3243966280
1068612608
1065796608
3246442838
3244990280
3245182280
3244094280
3243966280
3240030280
1069380608
3237577672
3245470280
3244478280
3245022280
3245630280
3243614280
3243934280
3239870280
1068612608
1062144000
3246442838
3244958280
3244478280
3244542280
1068612608
3245918280
3239326180
3243198280
3244158280
1069380608
3245406280
1068100608
3242942280
3244894280
3245726280
1065216000
3245502280
3243966280
3244190280
1069124608
3238558180
1068356608
1070916608
1063680000
3245630280
3246506838
3245086280
3244798280
3245406280
3239454280
1067332608
1065216000
1075529216
1063168000
1065540608
3246238380
1068356608
3242686280
3241310280
3243166280
1071428608
1071428608
1065540608
1057024000
1062144000
3243966280
3245694280
1069892608
3241886280
1069380608
1075529216
1064192000
1065796608
1057024000
1063168000
1075529216
1060608000
3246238380
1065216000
3239710280
1077577216
1064192000
1064192000
3224804864
1067332608
1073220608
1061120000
1063168000
1059072000
1065216000
1075529216
1065216000
1065540608
1057024000
1065540608
1073220608
1065796608
1065216000
1057024000
1065216000
1073220608
1061120000
1066820608
1061120000
1065540608
1069124608
1062144000
1065216000
1069124608
1064704000
1065796608
1057024000
1065216000
1075529216
1065796608
1066308608
1059072000
1066820608
1073220608
1061120000
1064704000
1068356608
1065796608
1063680000
1055035392
1065216000
1073220608
1061120000
3245950280
1070404608
1065540608
1062144000
1059072000
1063680000
1073220608
3245438280
3246238380
3240094280
1070916608
1075529216
1065216000
1065796608
1057024000
1063168000
1073220608
1060096000
3246110380
3245214280
3246302380
1075529216
1063168000
1063680000
1066820608
1063168000
1070148608
