1101786435
1101812073
1101810702
1101815559
1101825763
1101810131
1101801901
1101800396
1101805076
1101815181
1101799571
1101791440
1101790119
1101795042
1101805460
1101790192
1101782467
1101781552
1101786722
1101766776
1101754925
1101750464
1101752809
1101761374
1101775393
1101763653
1101759348
1101761575
1101739118
1101725161
1101718980
1101719992
1101727376
1101709925
1101700768
1101699180
1101704536
1101716043
1101702441
1101696899
1101698634
1101706862
1101690324
1101682180
1101681652
1101688119
1101700739
1101688293
1101683888
1101686784
1101696153
1101680720
1101673647
1101674164
1101681451
1101664224
1101655422
1101623621
1101601946
1101589613
1101585747
1101559002
1101542468
1101535302
1101536562
1101514891
1101503327
1101500976
1101506917
1101489767
1101482539
1101484337
1101494200
1101480727
1101476940
1101481924
1101494729
1101483952
1101482605
1101489793
1101504749
1101526505
1101523717
1101529375
1101542641
1101562576
1101557819
1101561442
1101572598
1101590378
1101583436
1101584837
1101593769
1101609546
1101631283
1101627662
1101631783
1101642862
1101660023
1101652010
1101651908
1101658954
1101672312
1101660685
1101657217
1101661138
1101671591
1101657333
1101651467
1101653236
1101661797
1101645867
1101638578
1101639135
1101646873
1101660954
1101650085
1101647397
1101651903
1101632323
1101621784
1101619496
1101624785
1101636769
1101624184
1101620094
1101623722
1101634214
1101620262
1101614974
1101617552
1101627114
1101612373
1101606409
1101608429
1101617557
1101602485
1101596297
1101597993
1101576240
1101564136
1101560825
1101565625
1101577828
1101596519
1101590372
1101592472
1101601786
1101586991
1101581169
1101583501
1101593104
1101578645
1101573198
1101575934
1101586154
1101602956
1101595034
1101595452
1101603406
1101618019
1101607971
1101606347
1101612332
1101625053
1101613234
1101609930
1101614157
1101594607
1101584382
1101582655
1101588537
1101570695
1101562202
1101562217
1101570047
1101584796
1101575110
1101574083
1101580878
1101594597
1101583904
1101581869
1101587474
1101569375
1101560672
1101560516
1101568004
1101551785
1101544934
1101546604
1101555849
1101541349
1101536133
1101539353
1101550096
1101537009
1101533146
1101537632
1101549535
1101537520
1101534606
1101539949
1101552638
1101541310
1101539023
1101544720
1101527043
1101519033
1101519799
1101528632
1101544610
1101536350
1101536913
1101545430
1101560984
1101552217
1101551970
1101528793
1101515713
1101511868
1101516339
1101497944
1101520154
1101517675
1101523684
1101537077
1101526520
1101525021
1101531741
1101545746
1101535664
1101534556
1101541558
1101555737
1101545760
1101544655
1101551385
1101534605
1101527354
1101528764
1101537925
1101523460
1101518418
1101521911
1101533033
1101520420
1101517117
1101522241
1101534858
1101523601
1101521501
1101527481
1101510209
1101502688
1101504045
1101513345
1101499195
1101494631
1101498763
1101510652
1101498901
1101496528
1101502666
1101516371
1101506247
1101505326
1101512722
1101527488
1101518256
1101518064
1101525810
1101510156
1101504120
1101506631
1101486307
1101476171
1101475334
1101482838
1101467267
1101461642
1101464841
1101445483
1101436520
1101436872
1101415085
1101404352
1101433948
1101408251
1101424744
1101448196
1101416882
1101428149
1101446790
1101411079
1101418367
1101433819
1101456562
1101455191
1101462473
1101446859
1101441322
1101444968
1101456811
1101445410
1101443766
1101450758
1101434969
1101429584
1101463887
1101442280
1101462274
1101488646
1101459689
1101472810
1101492808
1101457964
1101465705
1101480788
1101441554
1101445370
1101457029
1101414829
1101416129
1101425706
1101381801
1101381801
1101390848
1101408026
1101401918
1101405444
1101417475
1101406554
1101405645
1101413606
1101398972
1101394724
1101399694
1101382429
1101375888
1101378875
1101360166
1101383112
1101382138
1101359878
1101379788
1101406879
1101409882
1101421498
1101410172
1101408846
1101416390
1101401361
1101396726
1101401528
1101414758
1101404952
1101405073
1101413965
1101400215
1101396743
1101402618
1101416817
1101407895
1101408616
1101387390
1101377163
1101376982
1101385809
1101372214
1101369091
1101375284
1101359320
1101354147
1101358585
1101341141
1101334741
1101338398
1101351220
1101372185
1101369812
1101377023
1101392636
1101385179
1101387620
1101398784
1101387210
1101385841
1101393517
1101378777
1101374564
1101379925
1101393831
1101384812
1101385619
1101364647
1101354842
1101355030
1101333717
1101323836
1101324383
1101334267
1101322002
1101320504
1101328552
1101314647
1101311710
1101318508
1101303523
1101299679
1101305930
1101321187
1101313962
1101317122
1101329488
1101319536
1101320165
1101330175
1101318065
1101316743
1101324996
1101311313
1101308587
1101315579
1101300827
1101297181
1101303441
1101288091
1101283998
1101289952
1101274407
1101270259
1101276274
1101260899
1101256999
1101263310
1101248320
1101244857
1101251674
1101237214
1101234327
1101241762
1101227941
1101225718
1101233816
1101220676
1101219337
1101258945
1101243533
1101240057
1101277564
1101260080
1101254572
1101290084
1101270698
1101263378
1101297163
1101276329
1101298292
1101327709
1101302757
1101320745
1101346355
1101317768
1101332305
1101354645
1101323016
1101334709
1101354634
1101351440
1101358035
1101373229
1101365559
1101367944
1101379211
1101367887
1101366910
1101375082
1101360975
1101357466
1101363409
1101347320
1101342125
1101346424
1101298313
1101295107
1101302074
1101348693
1101339066
1101339566
1101288023
1101281734
1101285968
1101330229
1101318561
1101317364
1101264424
1101257031
1101260442
1101304109
1101292111
1101290811
1101237979
1101230875
1101234754
1101279075
1101267829
1101267427
1101215576
1101209571
1101214417
1101229101
1101222076
1101225932
1101208976
1101204024
1101210010
1101225780
1101219753
1101224551
1101208471
1101204340
1101211075
1101227501
1101222086
1101227420
1101211827
1101208102
1101215383
1101262965
1101254851
1101257611
1101239402
1101233080
1101237381
1101220742
1101216010
1101221887
1101206825
1101203619
1101211003
1101197406
1101195637
1101204413
1101192122
1101191593
1101201526
1101190325
1101190810
1101201649
1101191290
1101192517
1101204052
1101194306
1101196081
1101208100
1101198772
1101200907
1101213207
1101204104
1101206407
1101218814
1101209770
1101211887
1101193452
1101187247
1101192020
1101176147
1101172458
1101179639
1101166082
1101164384
1101142777
1101134084
1101136964
1101119764
1101115270
1101122119
1101108694
1101107749
1101117927
1101107572
1101109440
1101122201
1101114193
1101118170
1101132783
1101126382
1101131748
1101147525
1101142088
1101148025
1101133562
1101131485
1101140452
1101128828
1101129374
1101140778
1101131384
1101133774
1101116155
1101111315
1101118085
1101135271
1101131227
1101138722
1101156405
1101152663
1101160082
1101146884
1101145866
1101155697
1101144745
1101145798
1101157521
1101148323
1101150744
1101133037
1101127976
1101134241
1101120172
1101118559
1101128057
1101117017
1101118192
1101130259
1101121567
1101124674
1101107792
1101103673
1101110962
1101098036
1101097423
1101077358
1101070561
1101075661
1101060982
1101059243
1101069063
1101058774
1101060884
1101043572
1101039569
1101047465
1101035556
1101036561
1101049060
1101041375
1101046180
1101062112
1101057475
1101064975
1101083249
1101080593
1101089546
1101078293
1101079387
1101061000
1101055863
1101062610
1101049531
1101049341
1101060662
1101051802
1101055489
1101070322
1101064604
1101070863
1101057286
1101056616
1101067441
1101058079
1101061055
1101044535
1101041259
1101049788
1101038455
1101039938
1101052873
1101045554
1101050699
1101066910
1101062482
1101070151
1101088533
1101085940
1101095124
1101114689
1101113003
1101122595
1101111515
1101082037
1101097231
1101091326
1101066791
1101086627
1101085068
1101064344
1101057051
1101061816
1101046938
1101044940
1101023992
1101016806
1101021964
1101007752
1101006857
1101017874
1101009032
1101013048
1101028515
1101023747
1101031408
1101049875
1101016823
1100998720
1100993959
1100970875
1100962140
1100966287
1100951562
1100950632
1100962026
1100954020
1100959051
1100945168
1100945067
1100957260
1100950018
1100955974
1100973600
1100971205
1100981440
1101002842
1101003672
1101016398
1101009185
1101014709
1101031544
1101027936
1101036416
1101025172
1101026668
1101009054
1101005056
1101013226
1101001851
1101003615
1101017048
1101010474
1101016388
1101002899
1101002707
1101014410
1101006266
1101010962
1101027087
1101022881
1101030871
1101019223
1101020394
1101002530
1100998153
1100975419
1100966971
1100971312
1100956772
1100955782
1100936456
1100931405
1100939193
1100928047
1100930593
1100945344
1100940498
1100948511
1100937492
1100940077
1100954786
1100949828
1100957666
1100946418
1100948518
1100932028
1100929622
1100939843
1100930939
1100935289
1100921020
1100920738
1100932965
1100925913
1100932208
1100950387
1100948690
1100959556
1100951055
1100955643
1100941448
1100940891
1100922030
1100917555
1100925990
1100915540
1100918559
1100903208
1100902067
1100913662
1100906154
1100912190
1100930290
1100928676
1100939780
1100931639
1100936716
1100923112
1100923238
1100905159
1100901503
1100910791
1100901241
1100905462
1100921913
1100918849
1100928672
1100919449
1100923620
1100909285
1100908861
1100890395
1100886508
1100895707
1100886182
1100890343
1100876228
1100876431
1100889437
1100883488
1100890928
1100879806
1100882524
1100867170
1100866338
1100878449
1100871710
1100878515
1100866943
1100869328
1100853757
1100852591
1100833833
1100830099
1100839853
1100831251
1100836665
1100824097
1100825930
1100810178
1100809401
1100822016
1100816156
1100824205
1100814173
1100818413
1100804892
1100806194
1100820740
1100816696
1100826366
1100817802
1100823561
1100842056
1100841448
1100854107
1100848062
1100855680
1100844991
1100848569
1100864910
1100862156
1100872684
1100864522
1100870071
1100857411
1100858883
1100842524
1100840726
1100821557
1100817323
1100796063
1100790334
1100798541
1100788848
1100793741
1100811691
1100810665
1100792528
1100789665
1100800512
1100793243
1100800180
1100789255
1100793037
1100809983
1100808233
1100820137
1100813633
1100821316
1100841599
1100842454
1100825805
1100823863
1100804671
1100800582
1100779570
1100774178
1100782853
1100773700
1100779005
1100766799
1100769613
1100785830
1100783548
1100795116
1100788348
1100765092
1100757549
1100733708
1100726105
1100733115
1100722793
1100727457
1100715045
1100718051
1100734860
1100733490
1100746304
1100741235
1100750582
1100742265
1100748632
1100737654
1100741809
1100759430
1100758689
1100771874
1100766921
1100776188
1100767643
1100773584
1100761952
1100765134
1100751083
1100752107
1100736141
1100735706
1100749214
1100744782
1100754675
1100746815
1100753560
1100742894
1100747296
1100765148
1100764541
1100777828
1100772965
1100782280
1100773712
1100779596
1100767924
1100770954
1100756733
1100757576
1100741453
1100740604
1100723066
1100721327
1100733736
1100728153
1100706474
1100701064
1100710263
1100702123
1100708965
1100698726
1100703872
1100722745
1100723407
1100738142
1100734907
1100746000
1100739354
1100747286
1100737737
1100743003
1100731005
1100734082
1100720181
1100721580
1100706196
1100706561
1100721035
1100717516
1100697791
1100694227
1100705181
1100698752
1100707144
1100698323
1100704555
1100693738
1100698193
1100685846
1100688955
1100675385
1100677424
1100662998
1100664580
1100680502
1100678559
1100660802
1100689770
1100668971
1100664777
1100675389
1100668840
1100677589
1100699966
1100703797
1100690967
1100693564
1100679491
1100681245
1100697202
1100695228
1100677093
1100675172
1100687803
1100683050
1100693119
1100685973
1100693841
1100684657
1100690643
1100679761
1100684246
1100672000
1100675288
1100662038
1100664487
1100650518
1100652393
1100638013
1100639634
1100625103
1100626859
1100643208
1100642007
1100624990
1100624461
1100638742
1100635860
1100648013
1100643056
1100653249
1100646522
1100655074
1100646779
1100653913
1100644382
1100650394
1100639802
1100644855
1100633472
1100637843
1100625846
1100629737
1100617380
1100621185
1100639433
1100640189
1100655678
1100653744
1100666642
1100662290
1100672926
1100666412
1100675015
1100666660
1100673592
1100663686
1100669219
1100657887
1100631517
1100622336
1100628709
1100618642
1100624367
1100613715
1100618949
1100607727
1100581800
1100573433
1100580927
1100572056
1100548520
1100542626
1100552615
1100546474
1100556317
1100549958
1100559610
1100553080
1100562537
1100555789
1100565011
1100558055
1100567090
1100559923
1100568727
1100561355
1100569972
1100562392
1100570823
1100563114
1100571388
1100563458
1100571535
1100563466
1100571419
1100563201
1100571014
1100562706
1100570401
1100561989
1100569626
1100561201
1100568830
1100560393
1100568052
1100559645
1100567292
1100558873
1100566545
1100558109
1100565772
1100557369
1100565061
1100556645
1100564360
1100556042
1100563847
1100555571
1100563417
1100555023
1100532118
1100526872
1100537574
1100532189
1100542842
1100537337
1100547847
1100542210
1100552563
1100546513
1100525806
1100522667
1100535358
1100531577
1100513077
1100511850
1100495669
1100496696
1100482739
1100485931
1100474013
1100479327
1100500088
1100503994
1100492723
1100498275
1100488456
1100495395
1100486831
1100494913
1100487460
1100496579
1100490034
1100499934
1100494091
1100504637
1100499306
1100510275
1100505326
1100516603
1100511659
1100492261
1100490576
1100504810
1100502896
1100516962
1100514619
1100497540
1100497762
1100483079
1100485581
1100473046
1100477605
1100467041
1100473465
1100464588
1100472577
1100465201
1100474548
1100468361
1100478786
1100473611
1100484916
1100480464
1100492388
1100488461
1100500783
1100497177
1100509754
1100506106
1100487890
1100487120
1100471586
1100473394
1100460309
1100464450
1100453593
1100459831
1100450906
1100458931
1100451706
1100461269
1100455433
1100466297
1100461403
1100442400
1100441463
1100456759
1100455994
1100440807
1100443202
1100430911
1100436168
1100457191
1100461690
1100451310
1100457982
1100449531
1100458028
1100451232
1100461191
1100455717
1100466909
1100462481
1100474584
1100470981
1100483756
1100480648
1100493796
1100490991
1100504339
1100501400
1100483914
1100483852
1100469007
1100471454
1100459032
1100463826
1100453569
1100460400
1100452065
1100460637
1100453879
1100463918
1100458488
1100469695
1100465087
1100446356
1100445437
1100430085
1100432420
1100420165
1100425416
1100415879
1100423630
1100416435
1100426346
1100421069
1100432716
1100429012
1100442008
1100439452
1100453451
1100451565
1100435416
1100436956
1100423945
1100428478
1100418256
1100425391
1100417603
1100426941
1100421149
1100432295
1100428141
1100440734
1100437814
1100451490
1100449315
1100432907
1100434253
1100421111
1100425529
1100415206
1100422253
1100414427
1100423772
1100417791
1100398168
1100396828
1100381444
1100384098
1100372518
1100378731
1100370416
1100379660
1100374164
1100385964
1100382509
1100365474
1100366746
1100353993
1100359293
1100350338
1100359119
1100353318
1100364991
1100361848
1100375890
1100374778
1100390585
1100390837
1100377085
1100381294
1100371163
1100378727
1100371675
1100382065
1100377610
1100390316
1100387883
1100402381
1100401536
1100417398
1100417636
1100434368
1100435119
1100421523
1100425537
1100414895
1100421660
1100413548
1100422645
1100416684
1100427729
1100423297
1100405047
1100404925
1100390616
1100394216
1100383430
1100390297
1100382507
1100392126
1100386708
1100367833
1100367372
1100353063
1100356928
1100346687
1100354313
1100347516
1100358338
1100354437
1100367843
1100366281
1100381770
1100381745
1100367869
1100372015
1100361718
1100338538
1100334372
1100316935
1100318196
1100305863
1100311899
1100303966
1100314023
1100309771
1100323202
1100321766
1100307030
1100311049
1100331933
1100337287
1100328662
1100338142
1100363820
1100373291
1100368207
1100380431
1100377490
1100360937
1100362699
1100350483
1100356286
1100347767
1100356997
1100351658
1100363730
1100360965
1100375371
1100374645
1100390782
1100391353
1100377749
1100351429
1100344511
1100355118
1100351069
1100364388
1100362719
1100378122
1100378302
1100395266
1100396550
1100383757
1100388820
1100379412
1100387618
1100381133
1100391986
1100387863
1100400818
1100398598
1100413204
1100412406
1100428262
1100428284
1100414090
1100417626
1100406653
1100413220
1100404992
1100414086
1100408225
1100419424
1100415270
1100397376
1100397839
1100414805
1100416151
1100433959
1100435757
1100423141
1100428076
1100418301
1100425886
1100418513
1100428274
1100422911
1100434455
1100430509
1100412696
1100413127
1100429920
1100430806
1100417446
1100421751
1100411413
1100418531
1100410816
1100420311
1100414788
1100426308
1100422582
1100435654
1100433296
1100447571
1100446030
1100430288
1100432488
1100450817
1100452987
1100440570
1100445548
1100435675
1100442994
1100435319
1100444707
1100438905
1100449952
1100445417
1100426969
1100426725
1100442845
1100443218
1100459936
1100460701
1100477623
1100478501
1100495412
1100496090
1100512671
1100512976
1100529108
1100528818
1100544299
1100543345
1100558075
1100556291
1100570198
1100567394
1100549582
1100548821
1100532935
1100534072
1100520021
1100523130
1100541623
1100543444
1100560735
1100561079
1100546241
1100548254
1100534887
1100538511
1100557360
1100559197
1100545711
1100548953
1100536742
1100541215
1100530155
1100535748
1100525820
1100532675
1100554569
1100559404
1100579359
1100582052
1100569196
1100572864
1100560893
1100565438
1100554261
1100559566
1100549189
1100555256
1100545574
1100552308
1100543304
1100550691
1100542243
1100550134
1100542219
1100550631
1100543148
1100551953
1100544827
1100553880
1100546979
1100556274
1100549594
1100559013
1100552407
1100561931
1100555423
1100564960
1100558424
1100568173
1100592437
1100599164
1100620577
1100624338
1100612156
1100616105
1100604058
1100608405
1100627436
1100628928
1100614657
1100616879
1100633874
1100633647
1100648424
1100646074
1100658822
1100654284
1100634294
1100631108
1100643061
1100638117
1100648515
1100642166
1100651253
1100643441
1100620526
1100614771
1100624671
1100648630
1100654516
1100644084
1100649400
1100638334
1100643118
1100631646
1100636136
1100624401
1100628691
1100616887
1100621113
1100609292
1100613617
1100601959
1100606470
1100595019
1100599790
1100588651
1100593705
1100582859
1100588496
1100608856
1100611909
1100629858
1100630575
1100646259
1100644737
1100658236
1100654660
1100666226
1100660788
1100670592
1100663519
1100671804
1100663278
1100670213
1100660503
1100666562
1100686740
1100688829
1100674659
1100676526
1100692757
1100691392
1100704703
1100700580
1100711239
1100704640
1100713060
1100704392
1100710859
1100700429
1100705338
1100693533
1100697198
1100684302
1100687288
1100704502
1100703759
1100686914
1100686249
1100700114
1100696499
1100707696
1100701424
1100679456
1100674154
1100683860
1100676589
1100684588
1100675733
1100682298
1100672182
1100677602
1100666410
1100671094
1100689956
1100691054
1100706631
1100704566
1100717128
1100712252
1100722191
1100714828
1100722439
1100712971
1100718633
1100707398
1100711542
1100698967
1100701899
1100688304
1100690619
1100707182
1100706007
1100719373
1100715193
1100725720
1100718856
1100726916
1100717812
1100723809
1100712801
1100717308
1100735666
1100735768
1100719422
1100718981
1100732784
1100728916
1100739658
1100732908
1100740956
1100731771
1100737776
1100757340
1100758580
1100773758
1100770839
1100782096
1100775310
1100752385
1100745606
1100753605
1100774898
1100777395
1100762914
1100763666
1100747597
1100747181
1100760818
1100756542
1100766682
1100759195
1100766356
1100756097
1100760943
1100779308
1100779273
1100793146
1100788851
1100798747
1100790817
1100797346
1100786287
1100789986
1100776403
1100778008
1100793250
1100790236
1100801293
1100794338
1100801748
1100791493
1100795877
1100782837
1100784738
1100769565
1100769810
1100783852
1100779791
1100789938
1100782268
1100789307
1100809470
1100810833
1100825740
1100822200
1100832512
1100824655
1100830980
1100819513
1100822730
1100839127
1100836857
1100848248
1100841252
1100848254
1100837281
1100840877
1100857462
1100855173
1100866401
1100859176
1100865855
1100854402
1100857417
1100873359
1100870413
1100880927
1100872879
1100878890
1100897410
1100896645
1100908904
1100902288
1100909173
1100897606
1100900216
1100915462
1100911542
1100920839
1100911381
1100915620
1100901626
1100901758
1100884043
1100881073
1100891344
1100883036
1100888542
1100875845
1100877575
1100892174
1100887832
1100896886
1100887440
1100892044
1100909164
1100906982
1100917928
1100910043
1100915710
1100902961
1100904217
1100887562
1100885554
1100896694
1100889099
1100895209
1100883058
1100885204
1100900102
1100895982
1100905202
1100895829
1100900220
1100886468
1100887123
1100900676
1100895256
1100903306
1100892862
1100896323
1100881687
1100881582
1100894472
1100888529
1100896341
1100916405
1100916847
1100930121
1100924263
1100931680
1100920402
1100923070
1100938206
1100933956
1100942795
1100932811
1100936571
1100952581
1100949050
1100958421
1100948803
1100952780
1100968879
1100965116
1100943518
1100936536
1100942711
1100930224
1100931724
1100945726
1100940453
1100948243
1100937228
1100939817
1100924087
1100922606
1100933911
1100926223
1100932142
1100950184
1100948521
1100959619
1100951560
1100956948
1100974318
1100971864
1100982050
1100972974
1100977216
1100993354
1100989469
1100967575
1100960130
1100965686
1100952487
1100953146
1100966192
1100959812
1100966684
1100985322
1100983773
1100964024
1100958596
1100966016
1100954543
1100956757
1100971174
1100966082
1100973873
1100962667
1100964847
1100948552
1100946398
1100956891
1100948234
1100953080
1100969952
1100967109
1100976980
1100967609
1100971645
1100987630
1100983834
1100992694
1100982289
1100985283
1101000211
1100995302
1101003031
1100991526
1100993449
1101007329
1101001397
1101008166
1100995754
1100996812
1101009868
1101003189
1101009436
1101027198
1101024742
1101034467
1101024574
1101027533
1101011479
1101009043
1101018826
1101009107
1101012328
1100996582
1100994585
1101004878
1100995721
1100999567
1100984502
1100983189
1100994171
1100985728
1100990482
1101006965
1101003457
1101012610
1101032998
1101032836
1101044629
1101036535
1101041235
1101057324
1101053048
1101061123
1101080150
1101078423
1101088423
1101078359
1101080936
1101094755
1101087920
1101062544
1101051209
1101052703
1101065732
1101058568
1101063756
1101049457
1101048373
1101059066
1101049831
1101053381
1101068314
1101062903
1101069647
1101056741
1101056697
1101037650
1101032233
1101039077
1101026500
1101027172
1101039640
1101032350
1101068251
1101051145
1101047603
1101056065
1101044791
1101046490
1101059781
1101052957
1101058451
1101044490
1101043749
1101054828
1101045959
1101049875
1101065162
1101060111
1101067408
1101085644
1101083108
1101092372
1101081593
1101083434
1101096541
1101089250
1101094282
1101110241
1101105418
1101112573
1101130350
1101127095
1101135350
1101123292
1101123703
1101135224
1101126184
1101129296
1101143251
1101136388
1101141467
1101157132
1101151702
1101157766
1101143571
1101141858
1101151296
1101140178
1101141294
1101153334
1101144663
1101147752
1101130891
1101126847
1101134442
1101152461
1101149233
1101157337
1101145021
1101145014
1101155988
1101146266
1101148652
1101161798
1101154045
1101158130
1101172741
1101166284
1101171305
1101156004
1101153173
1101161480
1101149304
1101149385
1101160408
1101150693
1101153039
1101166110
1101158257
1101162007
1101145632
1101141909
1101149478
1101136666
1101136288
1101146964
1101137082
1101139346
1101152415
1101144625
1101148790
1101163540
1101157236
1101162432
1101147396
1101144879
1101153545
1101141722
1101142193
1101153595
1101144290
1101147037
1101160502
1101153037
1101157411
1101172273
1101165987
1101171159
1101156016
1101153324
1101161749
1101149638
1101149759
1101160800
1101151128
1101153509
1101166792
1101189728
1101190751
1101202423
1101192979
1101195213
1101207834
1101199258
1101202282
1101215575
1101207519
1101210941
1101224519
1101216688
1101220204
1101233824
1101225961
1101229408
1101242887
1101234785
1101237976
1101251146
1101242762
1101245619
1101258389
1101249558
1101251938
1101264269
1101254971
1101256883
1101268757
1101259045
1101260348
1101240944
1101233713
1101237372
1101220328
1101215418
1101221305
1101206435
1101203604
1101211517
1101198553
1101197520
1101207142
1101195803
1101196085
1101176241
1101169098
1101173525
1101188309
1101181868
1101186935
1101202217
1101196116
1101201414
1101216789
1101210622
1101215739
1101230843
1101224351
1101229061
1101243653
1101236573
1101240677
1101254675
1101246950
1101250358
1101263646
1101255239
1101257955
1101270541
1101261382
1101263377
1101275274
1101265493
1101266848
1101278123
1101267781
1101268632
1101279409
1101268542
1101268908
1101279249
1101268026
1101268072
1101278086
1101266566
1101266341
1101276147
1101264439
1101264078
1101273799
1101262046
1101261650
1101271341
1101259517
1101259093
1101268797
1101257066
1101256679
1101266412
1101254713
1101254398
1101264244
1101252628
1101252432
1101262372
1101250889
1101250804
1101260812
1101249427
1101249468
1101259667
1101248416
1101248578
1101258876
1101247753
1101248029
1101258436
1101247374
1101247702
1101258151
1101247160
1101247324
1101226983
1101218947
1101222126
1101235382
1101227124
1101230187
1101243297
1101234861
1101237691
1101250464
1101241695
1101244167
1101256631
1101247462
1101249545
1101261567
1101251997
1101253672
1101265297
1101255284
1101256527
1101267757
1101257432
1101258306
1101269165
1101258458
1101259025
1101269805
1101289668
1101287052
1101294830
1101311741
1101306299
1101311288
1101325536
1101317520
1101320115
1101332105
1101321939
1101322539
1101332656
1101320791
1101319811
1101328658
1101346323
1101341289
1101346428
1101360546
1101352114
1101353862
1101334187
1101325954
1101327951
1101308652
1101300947
1101303811
1101316173
1101306446
1101307554
1101318486
1101338109
1101334927
1101341820
1101357593
1101350694
1101354064
1101366506
1101356472
1101356933
1101366694
1101354233
1101352455
1101360190
1101345897
1101342532
1101348867
1101333425
1101329056
1101334590
1101318535
1101313723
1101318939
1101302660
1101297803
1101303119
1101287284
1101313584
1101316556
1101329240
1101350413
1101348544
1101356547
1101373210
1101367003
1101370880
1101383658
1101373851
1101374361
1101383968
1101371258
1101369130
1101376588
1101392613
1101385670
1101388530
1101369591
1101361750
1101364039
1101375374
1101364301
1101363738
1101372688
1101390089
1101384438
1101388699
1101401872
1101422916
1101420410
1101427028
1101411219
1101405957
1101410271
1101423137
1101413070
1101413036
1101421895
1101408199
1101404871
1101410746
1101394417
1101388790
1101392694
1101374627
1101367576
1101370336
1101351449
1101343804
1101346418
1101358163
1101347599
1101347407
1101325963
1101316112
1101316871
1101327203
1101315588
1101314859
1101324043
1101341989
1101337232
1101342645
1101357034
1101348865
1101351063
1101362629
1101382504
1101379186
1101385597
1101400545
1101392574
1101394617
1101405493
1101393723
1101392286
1101400007
1101385420
1101381478
1101387166
1101401454
1101392853
1101394321
1101404873
1101423489
1101418695
1101423459
1101436647
1101426822
1101426916
1101435957
1101452910
1101446420
1101449225
1101429723
1101420906
1101421837
1101431522
1101418517
1101415732
1101422240
1101436973
1101428546
1101429909
1101439903
1101427060
1101424384
1101430921
1101445674
1101437189
1101438425
1101448228
1101435179
1101432237
1101438257
1101421786
1101415824
1101419415
1101431538
1101420747
1101419997
1101428121
1101413699
1101409662
1101415080
1101428893
1101419626
1101420259
1101429661
1101416401
1101413414
1101419503
1101403279
1101397682
1101401551
1101383394
1101376171
1101378875
1101390498
1101379542
1101378949
1101387503
1101373763
1101370650
1101376995
1101361250
1101356399
1101361436
1101375312
1101366547
1101368046
1101378799
1101397775
1101393512
1101398933
1101413099
1101434964
1101433057
1101440145
1101424664
1101419550
1101423856
1101436734
1101457215
1101453906
1101459729
1101473596
1101464023
1101464027
1101472708
1101489086
1101481753
1101483679
1101493781
1101480651
1101477289
1101482764
1101496325
1101516975
1101513357
1101518261
1101500197
1101492137
1101493008
1101471443
1101460403
1101458769
1101435118
1101422449
1101419809
1101426392
1101441207
1101432766
1101434065
1101443942
1101430982
1101428144
1101434280
1101417930
1101412100
1101415829
1101428099
1101417421
1101416760
1101424971
1101410620
1101406670
1101412138
1101425980
1101416797
1101417526
1101427036
1101413814
1101410849
1101417213
1101431855
1101423361
1101424670
1101434826
1101452791
1101447195
1101450978
1101463223
1101482933
1101478646
1101483392
1101496082
1101485323
1101484088
1101491452
1101506473
1101497751
1101498289
1101506979
1101492405
1101487609
1101491507
1101472707
1101464194
1101465000
1101474397
1101491416
1101484648
1101487069
1101497578
1101484766
1101481641
1101487330
1101500828
1101490730
1101490063
1101497930
1101513370
1101504989
1101505799
1101514853
1101531258
1101523636
1101524985
1101534221
1101519947
1101515235
1101519182
1101530845
1101518856
1101516240
1101521885
1101504445
1101496934
1101498457
1101508077
1101494347
1101490309
1101495091
1101507699
1101496751
1101495232
1101502060
1101485876
1101479660
1101482499
1101493422
1101481026
1101478306
1101484355
1101498220
1101488483
1101488175
1101496168
1101481077
1101475884
1101479490
1101460457
1101451808
1101452430
1101431125
1101451244
1101447236
1101421846
1101438303
1101431281
1101433882
1101445121
1101464024
1101459184
1101463565
1101476229
1101496231
1101492114
1101496927
1101509757
1101529637
1101525156
1101529373
1101541191
1101529257
1101526606
1101532373
1101545593
1101534884
1101533313
1101540015
1101554049
1101544004
1101542951
1101549848
1101533339
1101526478
1101528352
1101538014
1101524126
1101519705
1101523704
1101504683
1101495694
1101495863
1101504445
1101520481
1101512591
1101513722
1101522855
1101508599
1101503963
1101508074
1101519986
1101508282
1101505994
1101512233
1101526035
1101516000
1101515186
1101522720
1101537660
1101528618
1101528626
1101536595
1101521129
1101515282
1101518182
1101528879
1101515955
1101512487
1101517385
1101499283
1101491198
1101492226
1101501378
1101487278
1101482933
1101487454
1101499880
1101488793
1101487210
1101494031
1101477862
1101471713
1101474639
1101485897
1101504499
1101499073
1101502612
1101514000
1101501851
1101499189
1101505116
1101518704
1101508507
1101507572
1101514832
1101498908
1101492822
1101495647
1101506618
1101524814
1101518863
1101521776
1101532638
1101550542
1101544063
1101546267
1101556104
1101542244
1101537723
1101541628
1101553077
1101540719
1101537562
1101542539
1101524278
1101515850
1101516364
1101524895
1101510079
1101504885
1101508244
1101488781
1101479488
1101479484
1101488003
1101504048
1101496260
1101497656
1101507132
1101493242
1101489036
1101493636
1101506090
1101495013
1101493389
1101500287
1101514781
1101505474
1101505380
1101513626
1101529264
1101520882
1101521546
1101530367
1101546411
1101538281
1101539023
1101547563
1101532560
1101527038
1101529941
1101509870
1101499872
1101498873
1101475495
1101462727
1101459606
1101465409
1101479174
1101469470
1101469274
1101477685
1101493698
1101485953
1101487454
1101497290
1101514678
1101538668
1101537878
1101545141
1101528974
1101522433
1101524569
1101534718
1101551923
1101544837
1101546485
1101556001
1101572443
1101564517
1101565250
1101573785
1101589230
1101580211
1101579842
1101587069
1101570573
1101563392
1101564685
1101573494
1101558547
1101552879
1101555660
1101565968
1101552411
1101548085
1101551918
1101532571
1101523076
1101522499
1101530154
1101545103
1101536012
1101535883
1101543669
1101527976
1101521863
1101524466
1101534835
1101521559
1101517713
1101522405
1101534905
1101554276
1101549154
1101552539
1101563591
1101581423
1101574681
1101576411
1101585573
1101570828
1101565271
1101567835
1101547186
1101536318
1101534424
1101540770
1101554452
1101544103
1101542755
1101549356
1101532516
1101525326
1101526909
1101536517
1101553233
1101545627
1101546800
1101555685
1101540951
1101535627
1101538789
1101549551
1101536550
1101532837
1101537531
1101549918
1101569033
1101563564
1101566555
1101576974
1101563435
1101559006
1101562865
1101574106
1101561389
1101557742
1101562268
1101574115
1101561947
1101558796
1101563811
1101576100
1101564292
1101561469
1101566583
1101548277
1101539605
1101539656
1101547561
1101531972
1101525912
1101528518
1101538849
1101525495
1101521533
1101526076
1101538199
1101526505
1101524044
1101529947
1101543299
1101532718
1101531228
1101537932
1101551935
1101541906
1101540877
1101547961
1101562269
1101552401
1101551443
1101558315
1101541674
1101534543
1101536099
1101545400
1101531111
1101526259
1101529955
1101541269
1101528801
1101525636
1101530698
1101512566
1101504309
1101505033
1101514002
1101530280
1101522497
1101523649
1101532854
1101549193
1101541313
1101542264
1101550975
1101536033
1101530511
1101533558
1101544442
1101562225
1101555538
1101557455
1101566928
1101552638
1101547592
1101550958
1101561779
1101548749
1101544920
1101549425
1101561316
1101549217
1101546231
1101551499
1101564082
1101552646
1101550223
1101555725
1101537878
1101529685
1101530274
1101538731
1101523671
1101518154
1101521317
1101532219
1101519486
1101516076
1101521008
1101502862
1101494660
1101495516
1101504474
1101490145
1101485540
1101489763
1101501852
1101490413
1101488456
1101495085
1101509340
1101499831
1101499573
1101507675
1101523186
1101514723
1101515312
1101524072
1101540062
1101531912
1101532658
1101541232
1101526268
1101520806
1101523972
1101534833
1101522015
1101518554
1101523572
1101536133
1101524866
1101522804
1101529074
1101542742
1101532440
1101531207
1101538174
1101552413
1101542762
1101572702
1101576774
1101557542
1101547927
1101547078
1101554280
1101568614
1101558729
1101557681
1101564619
1101578634
1101568381
1101566924
1101573218
1101555925
1101548102
1101548699
1101526363
1101514136
1101511149
1101516460
1101498691
1101490862
1101492083
1101501398
1101487415
1101483143
1101487682
1101500273
1101519953
1101515339
1101519451
1101531209
1101519239
1101516574
1101522137
1101504553
1101496848
1101498133
1101507657
1101524469
1101517186
1101518834
1101528535
1101545353
1101537917
1101539268
1101548344
1101533785
1101528632
1101532020
1101543018
1101530262
1101526792
1101531736
1101544165
1101532714
1101530422
1101536220
1101518745
1101511033
1101512204
1101521317
1101506996
1101502263
1101506234
1101517961
1101506060
1101503555
1101509558
1101523127
1101512875
1101511832
1101519113
1101533781
1101524459
1101524179
1101532070
1101547195
1101538194
1101538106
1101546067
1101561154
1101552010
1101551690
1101559337
1101574037
1101564442
1101563614
1101570505
1101553772
1101546479
1101547768
1101556722
1101541989
1101536614
1101539540
1101519404
1101509244
1101508186
1101515284
1101499156
1101492826
1101495204
1101474902
1101464924
1101464363
1101472444
1101488196
1101480211
1101481491
1101490932
1101477134
1101473106
1101477941
1101490668
1101479889
1101478605
1101485914
1101500853
1101492023
1101492438
1101501200
1101517357
1101509521
1101510713
1101519851
1101505559
1101500860
1101504865
1101516630
1101504772
1101502310
1101508158
1101490937
1101483657
1101485226
1101464249
1101453722
1101452743
1101460325
1101445047
1101439896
1101443948
1101456210
1101445258
1101444073
1101451530
1101436203
1101431071
1101435200
1101447599
1101436835
1101435887
1101443819
1101459638
1101451923
1101453649
1101463705
1101450667
1101447523
1101453352
1101467171
1101457560
1101457508
1101465900
1101451319
1101446756
1101451286
1101463926
1101453259
1101452272
1101459842
1101444550
1101439386
1101443422
1101455663
1101444692
1101443486
1101451124
1101466616
1101458545
1101459895
1101469550
1101456102
1101452537
1101457743
1101440300
1101433186
1101435280
1101415154
1101405772
1101406188
1101415392
1101401934
1101398770
1101404743
1101388402
1101382688
1101386445
1101368204
1101360905
1101363565
1101375144
1101364163
1101363549
1101372123
1101358414
1101355339
1101361713
1101346061
1101341298
1101346428
1101360400
1101351723
1101353314
1101364185
1101383291
1101379146
1101384689
1101398747
1101389860
1101390970
1101400914
1101388235
1101385881
1101392879
1101408212
1101400424
1101402462
1101413167
1101401099
1101399203
1101406325
1101391017
1101386229
1101391000
1101404299
1101394674
1101395066
1101404525
1101422026
1101416124
1101419773
1101431827
1101420853
1101419818
1101427578
1101412693
1101408134
1101412746
1101395093
1101388122
1101390677
1101371299
1101362927
1101364390
1101344207
1101335294
1101336467
1101316229
1101307481
1101309212
1101320341
1101309355
1101309147
1101318499
1101305894
1101304219
1101312264
1101298510
1101295838
1101303032
1101288564
1101285315
1101292051
1101277245
1101273764
1101280380
1101265550
1101262134
1101269091
1101285312
1101279250
1101283781
1101297666
1101289372
1101291777
1101303650
1101293465
1101294101
1101304534
1101323673
1101320002
1101326419
1101341707
1101334375
1101337317
1101349339
1101338950
1101339055
1101348459
1101335675
1101333616
1101341075
1101326559
1101322981
1101329321
1101344529
1101337096
1101339732
1101320803
1101313217
1101315767
1101296940
1101289623
1101292802
1101305372
1101295820
1101297023
1101307757
1101296501
1101296130
1101305423
1101292862
1101291330
1101299594
1101286133
1101283826
1101291436
1101277434
1101274695
1101281981
1101267754
1101264880
1101272113
1101257915
1101255139
1101262542
1101248564
1101246066
1101253784
1101240166
1101238052
1101246389
1101264047
1101259474
1101265516
1101280922
1101274150
1101278066
1101291433
1101282712
1101284775
1101296389
1101286028
1101286556
1101296746
1101285075
1101284420
1101293542
1101280917
1101279413
1101287795
1101274535
1101272491
1101280432
1101266822
1101264528
1101272300
1101258588
1101256260
1101264056
1101250446
1101248270
1101256267
1101242893
1101240992
1101249295
1101236250
1101234704
1101243388
1101230733
1101229588
1101238671
1101226426
1101225686
1101235175
1101223326
1101222971
1101232833
1101221345
1101221133
1101200491
1101192239
1101195086
1101177451
1101172129
1101177816
1101162911
1101160012
1101137351
1101127731
1101130003
1101143180
1101166057
1101167004
1101178605
1101169123
1101171333
1101183940
1101175333
1101178307
1101191559
1101183485
1101186689
1101169433
1101164519
1101170638
1101156180
1101153930
1101162574
1101150492
1101150471
1101161177
1101150995
1101152708
1101164999
1101156238
1101159019
1101141585
1101136716
1101143086
1101129062
1101127418
1101136811
1101125614
1101126583
1101138381
1101129376
1101132327
1101145904
1101138469
1101142604
1101126531
1101123028
1101130746
1101118053
1101117712
1101128381
1101118404
1101120551
1101133485
1101125551
1101129513
1101144042
1101137490
1101142637
1101158155
1101152403
1101157976
1101143101
1101140578
1101149065
1101136949
1101136997
1101147869
1101137949
1101140006
1101152703
1101144420
1101147720
1101130860
1101126401
1101102573
1101092143
1101093740
1101075723
1101070820
1101077650
1101064545
1101064235
1101075335
1101066167
1101069452
1101083807
1101077560
1101083241
1101069035
1101067680
1101077795
1101067700
1101070120
1101083685
1101076710
1101081725
1101066929
1101065050
1101074701
1101064206
1101066094
1101048541
1101044267
1101051879
1101039686
1101040407
1101052630
1101044656
1101049198
1101064858
1101059952
1101066995
1101054165
1101054183
1101065662
1101056911
1101060654
1101075504
1101069765
1101075976
1101062313
1101061510
1101072184
1101062637
1101065614
1101079726
1101073286
1101079026
1101095564
1101091239
1101098583
1101085798
1101085629
1101096690
1101087335
1101090303
1101104217
1101097419
1101102451
1101087517
1101085164
1101063584
1101055510
1101059559
1101044051
1101041686
1101051093
1101040561
1101042597
1101025374
1101021581
1101029819
1101018384
1101019954
1101033118
1101026169
1101031607
1101017585
1101016598
1100996784
1100990847
1100997341
1100984540
1100984921
1100966607
1100962267
1100970453
1100959404
1100961774
1100976118
1100970686
1100978125
1100997004
1100995551
1101006263
1100997268
1101001239
1101016755
1101012085
1101019717
1101007793
1101009005
1101021925
1101014842
1101020442
1101037301
1101033522
1101011153
1101002752
1101006913
1100991907
1100990211
1100969955
1100963815
1100970329
1100957762
1100958761
1100971875
1100965342
1100971616
1100958811
1100959389
1100941452
1100937654
1100946523
1100936285
1100939389
1100923917
1100922506
1100933682
1100925657
1100931071
1100948446
1100946001
1100956168
1100947058
1100951313
1100967464
1100963759
1100972641
1100962226
1100965167
1100980015
1100975016
1100982634
1100970984
1100972524
1100955383
1100952209
1100961542
1100951628
1100955107
1100970524
1100966125
1100974356
1100963343
1100965533
1100949028
1100946289
1100925417
1100919044
1100925704
1100913603
1100915169
1100898483
1100896149
1100906686
1100898297
1100903381
1100890007
1100890781
1100904204
1100898485
1100906009
1100894863
1100897644
1100912861
1100908710
1100917615
1100907636
1100911198
1100896366
1100895764
1100907885
1100900933
1100907325
1100895119
1100896935
1100911276
1100906138
1100883499
1100875827
1100881615
1100869056
1100870546
1100854131
1100852387
1100863797
1100856528
1100862964
1100851139
1100853433
1100837877
1100837047
1100849406
1100843120
1100850555
1100839739
1100843046
1100828502
1100828477
1100810975
1100808568
1100819693
1100812498
1100819328
1100808198
1100811452
1100797088
1100797661
1100811609
1100807058
1100816356
1100807515
1100812870
1100800432
1100802734
1100818436
1100846098
1100853875
1100874140
1100874906
1100888578
1100883002
1100860135
1100852437
1100858383
1100846146
1100848295
1100863312
1100859358
1100868812
1100859725
1100864470
1100851086
1100851962
1100835117
1100832935
1100813436
1100809182
1100818614
1100809877
1100815323
1100802961
1100805130
1100789836
1100789619
1100802899
1100797619
1100775671
1100769457
1100777396
1100767599
1100772393
1100759742
1100762182
1100778113
1100775443
1100756062
1100752150
1100731678
1100727140
1100736933
1100729145
1100736064
1100725654
1100730395
1100748680
1100748595
1100762437
1100758173
1100768115
1100760233
1100766838
1100755893
1100759731
1100746292
1100748109
1100763583
1100760601
1100741053
1100737299
1100747734
1100740457
1100747766
1100737621
1100742323
1100729829
1100732635
1100749128
1100747398
1100759739
1100754126
1100762860
1100753711
1100728544
1100719742
1100725887
1100745491
1100746446
1100730613
1100730153
1100713011
1100711691
1100724550
1100719680
1100729356
1100721526
1100728472
1100718145
1100722834
1100710480
1100713560
1100730454
1100729233
1100742190
1100737277
1100746783
1100738671
1100745240
1100734437
1100738567
1100725581
1100727774
1100713098
1100713831
1100697927
1100697652
1100680942
1100680247
1100693941
1100690065
1100700886
1100694323
1100702653
1100693794
1100700016
1100689248
1100693743
1100681430
1100684781
1100702147
1100701379
1100684316
1100683083
1100665606
1100664333
1100677619
1100673501
1100684227
1100677702
1100686194
1100677609
1100684209
1100673905
1100678954
1100667267
1100671100
1100658355
1100661490
1100678837
1100678228
1100661491
1100660730
1100643864
1100643319
1100657425
1100654217
1100665928
1100660450
1100670029
1100662577
1100670324
1100661187
1100667400
1100656868
1100661857
1100650242
1100654265
1100641829
1100645179
1100632199
1100635113
1100621805
1100624697
1100642106
1100642037
1100656723
1100654057
1100666265
1100661259
1100671265
1100664191
1100672283
1100663442
1100669932
1100659639
1100664813
1100653366
1100657528
1100645207
1100648637
1100635704
1100638645
1100625348
1100628022
1100614554
1100617160
1100603716
1100606418
1100593136
1100596084
1100583107
1100586398
1100573810
1100577530
1100565405
1100569607
1100557981
1100562711
1100551612
1100556875
1100546323
1100552107
1100542070
1100548378
1100538833
1100545610
1100536537
1100543746
1100535088
1100542698
1100534400
1100542357
1100534379
1100542624
1100534914
1100543399
1100535905
1100544576
1100537238
1100546057
1100538835
1100547744
1100540610
1100549578
1100542476
1100551467
1100544375
1100553362
1100546252
1100555204
1100548041
1100556937
1100549719
1100558548
1100551248
1100559999
1100552619
1100561284
1100553816
1100562394
1100554841
1100563331
1100555686
1100564084
1100556354
1100564670
1100556863
1100565101
1100557227
1100565396
1100557252
1100534527
1100529455
1100540285
1100534780
1100514646
1100511903
1100494339
1100494101
1100478987
1100481112
1100468260
1100472542
1100461729
1100467927
1100458913
1100466778
1100459303
1100468585
1100462394
1100472830
1100467660
1100478991
1100474598
1100486600
1100482764
1100495213
1100491520
1100473389
1100472983
1100488522
1100487717
1100472266
1100474139
1100461097
1100465269
1100454404
1100460631
1100451684
1100459685
1100452378
1100461880
1100455927
1100466643
1100461579
1100442411
1100441094
1100425390
1100427388
1100414822
1100419781
1100409984
1100417508
1100410081
1100419792
1100414354
1100425856
1100422020
1100434932
1100432118
1100415226
1100416204
1100402787
1100407055
1100396734
1100403879
1100396217
1100405814
1100400378
1100411986
1100408348
1100421548
1100419301
1100433691
1100432252
1100416625
1100418760
1100406393
1100411598
1100402094
1100409960
1100402907
1100413012
1100407999
1100419946
1100416373
1100398906
1100399499
1100385852
1100390043
1100379774
1100387113
1100379748
1100389746
1100384799
1100396980
1100393987
1100407891
1100406407
1100421599
1100420990
1100406214
1100409218
1100397712
1100403784
1100395139
1100403851
1100397638
1100408568
1100404157
1100386028
1100386107
1100372106
1100376074
1100365712
1100373074
1100365858
1100376110
1100371517
1100384124
1100381630
1100396089
1100395011
1100380001
1100382996
1100371695
1100378151
1100370064
1100379476
1100374093
1100385958
1100382580
1100365576
1100366834
1100354073
1100359321
1100350268
1100358957
1100352858
1100333587
1100333020
1100318845
1100323259
1100344377
1100349793
1100341102
1100350184
1100344730
1100356954
1100384785
1100365409
1100364631
1100350026
1100353616
1100343087
1100350473
1100343272
1100323053
1100321706
1100306893
1100310622
1100300556
1100308676
1100302661
1100314494
1100311832
1100326666
1100326476
1100312815
1100317562
1100308379
1100317264
1100311678
1100293179
1100293642
1100280696
1100286553
1100309253
1100316402
1100309560
1100320588
1100317144
1100331230
1100330303
1100315943
1100320036
1100310232
1100318545
1100312621
1100324477
1100321564
1100305455
1100308007
1100296879
1100304077
1100297041
1100277338
1100276810
1100263098
1100268176
1100259680
1100269562
1100265263
1100248306
1100250521
1100239520
1100247264
1100241367
1100253775
1100252110
1100268321
1100269835
1100258177
1100265182
1100258462
1100270001
1100267408
1100282662
1100283178
1100270505
1100276485
1100268753
1100279269
1100275473
1100258915
1100261410
1100250587
1100258415
1100252306
1100233805
1100234711
1100222645
1100229536
1100222802
1100203924
1100204720
1100192773
1100200011
1100194000
1100206661
1100205397
1100191676
1100197291
1100189813
1100201177
1100198940
1100215040
1100216851
1100205871
1100213893
1100208503
1100221634
1100220870
1100238159
1100240882
1100230374
1100207989
1100205739
1100221644
1100223231
1100212004
1100219749
1100214071
1100226897
1100225633
1100211771
1100217110
1100209238
1100220096
1100217070
1100201646
1100205630
1100196606
1100206502
1100202689
1100186668
1100190221
1100180919
1100190663
1100186842
1100170938
1100174704
1100165721
1100175881
1100172754
1100188239
1100189712
1100178635
1100186783
1100181525
1100164331
1100166979
1100157023
1100166372
1100162370
1100146486
1100150467
1100141858
1100152546
1100149874
1100135300
1100140559
1100133203
1100145106
1100143618
1100130172
1100136523
1100130197
1100143080
1100142497
1100129890
1100137010
1100131183
1100113853
1100116750
1100107218
1100086661
1100086806
1100075171
1100083588
1100079357
1100063883
1100068868
1100061797
1100074506
1100074278
1100062510
1100070911
1100066761
1100051464
1100056694
1100049948
1100063033
1100063252
1100051972
1100060898
1100057300
1100042569
1100048398
1100042249
1100055951
1100056975
1100077148
1100083745
1100078171
1100092130
1100092912
1100081943
1100090915
1100087338
1100103056
1100105584
1100126761
1100133923
1100128487
1100142198
1100142381
1100130485
1100138255
1100133218
1100147267
1100147731
1100135864
1100112964
1100110769
1100096814
1100102948
1100096692
1100109884
1100109853
1100098012
1100106084
1100101375
1100085311
1100089605
1100081558
1100062586
1100064381
1100054442
1100064578
1100062090
1100048361
1100055082
1100049523
1100033069
1100037399
1100029978
1100042621
1100042586
1100031250
1100040290
1100037174
1100053716
1100057176
1100048950
1100060707
1100059739
1100047416
1100055433
1100051258
1100066524
1100038071
1100031483
1100014100
1100017718
1100009805
1100022150
1100022009
1100010732
1100019981
1100017018
1100003194
1100010169
1100005381
1100020635
1100023167
1100014342
1100025822
1100025054
1100043846
1100049452
1100043256
1100056925
1100057743
1100047080
1100056629
1100053658
1100039358
1100014980
1100012181
1099998424
1100005492
1100000844
1100016258
1100018989
1100010378
1100022079
1100021354
1100009557
1100018353
1100015187
1100031861
1100035621
1100027631
1100009132
1100011777
1100003031
1100014671
1100013951
1100002217
1100011134
1100007937
1099993979
1100000920
1099995980
1099980523
1099986170
1099980374
1099994896
1099996980
1099987948
1099999445
1099998704
1099987066
1099996184
1099993489
1100010765
1100015240
1100008083
1099990496
1099994124
1099986419
1099999138
1099999536
1099988946
1099999017
1099996976
1099984169
1099992243
1099988624
1100005096
1100008884
1100001147
1099983086
1099986348
1099978161
1099959857
1099963066
1099955204
1099968035
1099968765
1099958723
1099969523
1099968385
1099956625
1099965870
1099963323
1099950305
1099958449
1099954955
1099941147
1099948622
1099944586
1099930356
1099937525
1099933297
1099918967
1099926142
1099922195
1099938868
1099943344
1099936928
1099951222
1099953422
1099944850
1099957097
1099957388
1099947020
1099957613
1099956369
1099944603
1099953941
1099951578
1099938837
1099947311
1099944216
1099930851
1099938826
1099935526
1099952684
1099957512
1099951115
1099934676
1099939794
1099933878
1099948652
1099951321
1099943197
1099955878
1099956576
1099946604
1099957572
1099956682
1099945054
1099923872
1099924727
1099915019
1099926465
1099926256
1099915681
1099926334
1099925388
1099914137
1099924187
1099922705
1099910998
1099920635
1099918818
1099906827
1099916245
1099914249
1099902125
1099911461
1099909429
1099897320
1099906700
1099904755
1099892753
1099902276
1099900482
1099888646
1099898348
1099896753
1099885137
1099895058
1099893889
1099913329
1099920556
1099916855
1099933804
1099938595
1099932319
1099916144
1099921654
1099916040
1099900597
1099906894
1099902126
1099887554
1099894764
1099891107
1099908299
1099913503
1099907793
1099892332
1099898683
1099894021
1099879613
1099887032
1099883631
1099901123
1099906658
1099901506
1099917253
1099921066
1099914242
1099928352
1099930788
1099953267
1099962992
1099961279
1099979729
1099985569
1099979913
1099963961
1099969327
1099963432
1099978041
1099980359
1099971727
1099983754
1099983669
1099972796
1099982767
1099980803
1099968230
1099976682
1099973373
1099959630
1099967063
1099962897
1099948448
1099955326
1099950935
1099967029
1099970805
1099963579
1099976975
1099978194
1099968578
1099979735
1099979100
1099998421
1100004927
1099999959
1100015148
1100017744
1100008886
1099989799
1099992118
1099983275
1099995045
1099994650
1099983437
1099993024
1099990653
1099977653
1099985660
1099982088
1099998709
1100002941
1100026565
1100036818
1100035049
1100052929
1100057706
1100050771
1100063785
1100064036
1100052888
1100062024
1100058925
1100075399
1100078740
1100070329
1100081863
1100080617
1100067978
1100075647
1100071101
1100086178
1100088155
1100078429
1100088684
1100086229
1100072445
1100079034
1100073479
1100087618
1100088723
1100078194
1100087734
1100084619
1100070260
1100076334
1100070336
1100084088
1100085073
1100105121
1100111527
1100105702
1100119348
1100119778
1100108400
1100116943
1100112903
1100128142
1100130159
1100150828
1100157461
1100151498
1100164687
1100164359
1100151971
1100159256
1100153754
1100167353
1100167581
1100186335
1100190948
1100182899
1100193930
1100191418
1100176823
1100181909
1100174223
1100185672
1100183800
1100200497
1100203133
1100193175
1100202399
1100198165
1100181951
1100185508
1100176397
1100186525
1100183431
1100199027
1100200661
1100189814
1100198236
1100193508
1100207520
1100207656
1100195378
1100202460
1100196463
1100209293
1100208529
1100226072
1100229306
1100219704
1100229059
1100224954
1100239324
1100239739
1100258146
1100261929
1100252591
1100261946
1100257389
1100240443
1100242899
1100232369
1100240782
1100235732
1100249144
1100248617
1100266088
1100268954
1100258733
1100267227
1100262059
1100275166
1100273977
1100259993
1100265042
1100256725
1100266995
1100263455
1100278050
1100278200
1100265419
1100271534
1100264148
1100275215
1100272140
1100256440
1100259939
1100250242
1100259300
1100254703
1100268400
1100267797
1100254411
1100260048
1100252312
1100263139
1100260146
1100275268
1100276117
1100294651
1100298290
1100288569
1100297304
1100292135
1100305019
1100303398
1100288800
1100293075
1100283835
1100293057
1100288353
1100301692
1100300521
1100286358
1100291045
1100282199
1100291798
1100287454
1100301146
1100300495
1100317477
1100319719
1100339196
1100343369
1100333794
1100342338
1100336641
1100348724
1100346037
1100330147
1100332918
1100322010
1100329420
1100322782
1100334107
1100331033
1100345555
1100345126
1100331327
1100336207
1100357867
1100363894
1100355869
1100365674
1100360963
1100373769
1100371760
1100386954
1100386833
1100373005
1100377345
1100367545
1100375616
1100369257
1100380477
1100376956
1100390727
1100389470
1100405226
1100405682
1100422883
1100424341
1100411676
1100416789
1100407408
1100415569
1100408995
1100419719
1100415251
1100397222
1100397724
1100414903
1100416594
1100434851
1100437183
1100425229
1100430896
1100421909
1100430331
1100423876
1100434600
1100430228
1100442822
1100440093
1100454122
1100452632
1100467705
1100466875
1100451793
1100454387
1100442415
1100447938
1100438707
1100446769
1100439864
1100450063
1100445093
1100457026
1100453586
1100466861
1100464378
1100447793
1100449051
1100435886
1100440358
1100430206
1100437498
1100429946
1100439625
1100434243
1100445883
1100442259
1100455448
1100453173
1100467514
1100466010
1100450310
1100452555
1100470924
1100473083
1100460689
1100465693
1100455831
1100463198
1100455525
1100464902
1100459059
1100470086
1100465716
1100478042
1100474805
1100488103
1100485682
1100499644
1100497743
1100512088
1100510441
1100524918
1100523304
1100537711
1100535942
1100550118
1100548041
1100561840
1100559334
1100572650
1100569619
1100582380
1100578755
1100590899
1100586650
1100598171
1100593286
1100604181
1100598681
1100608973
1100602879
1100612593
1100605937
1100615117
1100607763
1100585635
1100580955
1100592007
1100586552
1100566314
1100563524
1100576436
1100572996
1100585358
1100581349
1100593132
1100588543
1100599732
1100594543
1100605145
1100599380
1100609408
1100603081
1100612573
1100605727
1100614718
1100607394
1100615945
1100608205
1100616362
1100608266
1100616091
1100607681
1100615233
1100606584
1100614121
1100636116
1100640369
1100628626
1100632966
1100621236
1100625841
1100645064
1100646698
1100632512
1100634565
1100620733
1100623398
1100640859
1100641109
1100656352
1100654439
1100667589
1100663683
1100675132
1100700254
1100706899
1100696845
1100702213
1100690899
1100695162
1100682886
1100686321
1100673355
1100676225
1100662823
1100665358
1100651740
1100654365
1100671555
1100671314
1100685879
1100683120
1100695284
1100690258
1100700287
1100693259
1100701433
1100692696
1100699299
1100689136
1100694447
1100683147
1100687463
1100675297
1100679077
1100697134
1100697490
1100712398
1100709755
1100721818
1100716484
1100726236
1100749405
1100753869
1100741458
1100744327
1100730392
1100732143
1100747926
1100745617
1100727059
1100724583
1100736560
1100731052
1100740314
1100732275
1100739206
1100729041
1100734048
1100722155
1100725834
1100743436
1100742826
1100725845
1100724816
1100738118
1100733794
1100744128
1100737038
1100744809
1100735361
1100740955
1100729572
1100733435
1100720518
1100723048
1100708984
1100710746
1100726701
1100724907
1100737621
1100732751
1100742587
1100735056
1100742445
1100732659
1100737981
1100726344
1100730202
1100747939
1100747603
1100761485
1100757518
1100768000
1100760863
1100768411
1100758575
1100763858
1100782610
1100782970
1100797192
1100793287
1100803534
1100795942
1100802968
1100823059
1100824320
1100839074
1100835310
1100845377
1100837279
1100843346
1100831585
1100834341
1100819617
1100819740
1100802704
1100801049
1100813175
1100807202
1100815463
1100805933
1100811129
1100829444
1100829035
1100842220
1100837012
1100845714
1100836376
1100841496
1100859537
1100858632
1100871137
1100865064
1100872800
1100862332
1100866045
1100851957
1100852619
1100866490
1100861714
1100870654
1100861313
1100866067
1100852917
1100854435
1100869054
1100864961
1100874474
1100865661
1100870837
1100858073
1100859884
1100874749
1100870812
1100880458
1100871699
1100876899
1100864070
1100865604
1100849495
1100848329
1100860547
1100854286
1100862114
1100882481
1100883526
1100897636
1100892824
1100901462
1100891634
1100895685
1100881687
1100881978
1100864626
1100862176
1100873104
1100865555
1100871911
1100860189
1100862945
1100878643
1100875432
1100885685
1100877426
1100883227
1100901565
1100900592
1100912713
1100905957
1100912737
1100901084
1100903598
1100918751
1100914734
1100923953
1100914450
1100918833
1100935601
1100932931
1100943258
1100934630
1100939659
1100956856
1100954429
1100964796
1100956035
1100960589
1100946519
1100946469
1100958927
1100952154
1100958748
1100977231
1100975810
1100986944
1100978716
1100983787
1101000676
1100997634
1101007120
1100997231
1101000647
1101015907
1101011251
1101019140
1101007703
1101009417
1100992379
1100989235
1100998555
1100988569
1100991951
1101007239
1101002681
1101010735
1100999518
1101001690
1101015800
1101010078
1101017006
1101004689
1101005802
1101018877
1101012223
1101018260
1101005143
1101005507
1101017927
1101010635
1101016118
1101002493
1101002419
1101014454
1101006852
1101012071
1100998225
1100997980
1101009902
1101002217
1101007593
1101024562
1101021424
1101030612
1101020278
1101023068
1101037557
1101032024
1101039148
1101057503
1101055360
1101065215
1101055220
1101058085
1101072400
1101066442
1101072732
1101059413
1101059173
1101070616
1101062040
1101066150
1101081535
1101076485
1101083521
1101070799
1101071043
1101082842
1101074493
1101078722
1101094096
1101088959
1101095799
1101082820
1101082709
1101094106
1101085309
1101088831
1101072844
1101070071
1101079109
1101068244
1101070212
1101083594
1101076686
1101082011
1101067729
1101066558
1101077075
1101067609
1101070835
1101085372
1101079513
1101085767
1101072306
1101071847
1101082996
1101074042
1101077705
1101092583
1101086972
1101093600
1101111060
1101107714
1101116249
1101135310
1101133217
1101142521
1101131419
1101132660
1101144902
1101136484
1101140159
1101154567
1101148053
1101153389
1101169213
1101163886
1101170189
1101186789
1101182054
1101188563
1101174551
1101172594
1101150939
1101142361
1101145521
1101128759
1101124842
1101132377
1101119756
1101119678
1101130794
1101121439
1101124386
1101138434
1101162365
1101164327
1101146444
1101141350
1101147898
1101164859
1101160630
1101167739
1101154452
1101153509
1101163568
1101152994
1101154554
1101166908
1101158410
1101161830
1101175845
1101168815
1101173311
1101157559
1101154331
1101162271
1101149761
1101149550
1101160316
1101150416
1101152616
1101165555
1101157604
1101161338
1101144968
1101141273
1101148890
1101136174
1101135899
1101146688
1101136915
1101139307
1101152532
1101144925
1101149247
1101164163
1101158029
1101163624
1101179595
1101174299
1101180537
1101196954
1101191971
1101198132
1101183729
1101181522
1101190199
1101178146
1101178145
1101188872
1101178697
1101180411
1101192694
1101183921
1101186889
1101200248
1101192406
1101196147
1101210166
1101202858
1101207021
1101221340
1101214224
1101218475
1101232811
1101225615
1101229697
1101243762
1101236264
1101239984
1101253655
1101245687
1101248930
1101262093
1101253610
1101256301
1101268895
1101259835
1101261970
1101274006
1101264401
1101265960
1101277459
1101267331
1101268419
1101279461
1101268886
1101269550
1101280195
1101269257
1101269594
1101279925
1101268711
1101268779
1101279081
1101298496
1101295458
1101302635
1101288343
1101285451
1101292707
1101278558
1101275872
1101283365
1101269533
1101267188
1101275085
1101261655
1101259742
1101268090
1101255123
1101253690
1101262518
1101250045
1101249101
1101258391
1101246392
1101245890
1101255636
1101244042
1101243952
1101254089
1101242860
1101243118
1101253771
1101273666
1101271260
1101279360
1101296749
1101291849
1101297529
1101312548
1101305375
1101308874
1101321809
1101312645
1101314253
1101325402
1101314573
1101314640
1101324387
1101312278
1101311203
1101319907
1101306880
1101304989
1101313201
1101330394
1101325083
1101330124
1101344515
1101367186
1101366606
1101375680
1101393233
1101387751
1101392187
1101405316
1101395720
1101396296
1101405880
1101392999
1101390591
1101397494
1101382222
1101377705
1101382975
1101396957
1101388192
1101389589
1101399995
1101387916
1101386295
1101393946
1101379390
1101375558
1101381259
1101365013
1101359730
1101364397
1101377984
1101368987
1101370331
1101380818
1101368955
1101367657
1101375952
1101392744
1101386603
1101390409
1101403002
1101392902
1101393053
1101402262
1101389051
1101386381
1101393259
1101408652
1101401086
1101403472
1101414670
1101403199
1101402015
1101409933
1101395497
1101391642
1101397203
1101380683
1101375036
1101379266
1101392299
1101382685
1101383342
1101393100
1101380456
1101378353
1101385606
1101370738
1101366672
1101372203
1101355852
1101350531
1101355226
1101368883
1101359991
1101361489
1101372166
1101360529
1101359490
1101368059
1101385167
1101379345
1101383481
1101396420
1101386669
1101387171
1101396940
1101414944
1101409701
1101414154
1101427132
1101417215
1101417291
1101426449
1101443669
1101437490
1101440878
1101452695
1101441485
1101440226
1101447771
1101432695
1101427929
1101432565
1101445569
1101435522
1101435373
1101444168
1101460879
1101454127
1101456853
1101467935
1101455934
1101453847
1101460733
1101475610
1101467040
1101468000
1101477357
1101463733
1101460077
1101465272
1101447888
1101440922
1101443431
1101454410
1101442420
1101440438
1101447315
1101431611
1101426274
1101430183
1101411882
1101404332
1101406565
1101417565
1101405853
1101404399
1101412225
1101428312
1101421199
1101423830
1101435075
1101423466
1101421972
1101429631
1101445642
1101468950
1101468179
1101476062
1101461079
1101456176
1101460453
1101472908
1101462119
1101461070
1101468845
1101484438
1101476464
1101477875
1101487768
1101505179
1101498685
1101501302
1101511934
1101499179
1101496056
1101501629
1101514982
1101504694
1101503776
1101511155
1101495420
1101489586
1101492543
1101472901
1101463652
1101463858
1101472552
1101458308
1101454119
1101459043
1101472102
1101461865
1101461313
1101469333
1101454500
1101449769
1101454237
1101466917
1101456374
1101455586
1101463622
1101479499
1101471787
1101473485
1101483450
1101470306
1101467008
1101472662
1101486276
1101476444
1101476161
1101484504
1101500483
1101492709
1101494177
1101503992
1101521187
1101514372
1101516562
1101526888
1101544349
1101537620
1101539699
1101549523
1101535726
1101531354
1101535544
1101547333
1101535355
1101532651
1101538326
1101551473
1101540699
1101539065
1101545495
1101528617
1101521481
1101523203
1101533029
1101550005
1101542779
1101544362
1101553901
1101570460
1101562688
1101563634
1101572448
1101588185
1101579535
1101579519
1101587326
1101602058
1101592360
1101591323
1101598118
1101611815
1101601129
1101599097
1101604906
1101617681
1101606077
1101603182
1101607977
1101589130
1101579713
1101578872
1101585730
1101568945
1101561582
1101562589
1101540613
1101528700
1101525973
1101531699
1101544928
1101534300
1101532814
1101539624
1101553788
1101543933
1101543106
1101550439
1101564982
1101555408
1101554743
1101562146
1101576691
1101567012
1101566166
1101573309
1101587509
1101577450
1101576155
1101582615
1101565474
1101557802
1101558740
1101567571
1101583350
1101574759
1101574829
1101582542
1101566556
1101559921
1101561800
1101571463
1101587992
1101580043
1101580688
1101588865
1101573234
1101566888
1101568966
1101578767
1101595367
1101587417
1101588008
1101596271
1101611344
1101601887
1101600972
1101607783
1101621428
1101610577
1101608327
1101613831
1101626225
1101614189
1101610827
1101615325
1101626794
1101613897
1101609737
1101613467
1101624246
1101610740
1101606049
1101609357
1101619768
1101605971
1101601049
1101604163
1101614422
1101600537
1101595557
1101598675
1101608992
1101595178
1101590315
1101593578
1101604053
1101590447
1101585792
1101589280
1101599998
1101586623
1101582232
1101585977
1101596945
1101583835
1101579682
1101583658
1101594872
1101581981
1101578062
1101582267
1101593907
1101612066
1101605403
1101607013
1101616075
1101631703
1101622582
1101621811
1101628582
1101642001
1101630806
1101628041
1101632934
1101644612
1101631761
1101627497
1101631010
1101641620
1101658482
1101650289
1101650168
1101657117
1101639851
1101631471
1101631174
1101638084
1101620929
1101612784
1101612853
1101620462
1101634714
1101624302
1101622340
1101628009
1101640410
1101628267
1101624677
1101628833
1101639862
1101626455
1101621719
1101624838
1101635124
1101651725
1101643346
1101643082
1101649957
1101632654
1101624292
1101624071
1101631097
1101614095
1101606138
1101606432
1101614091
1101597779
1101590595
1101591700
1101600387
1101615777
1101606540
1101605767
1101612635
1101626262
1101615333
1101612952
1101618285
1101630648
1101649175
1101642569
1101643945
1101652499
1101667366
1101657255
1101655307
1101660713
1101672638
1101659787
1101655298
1101658383
1101668207
1101653469
1101647292
1101648866
1101657556
1101672510
1101662439
1101660486
1101665668
1101646689
1101636668
1101634816
1101640459
1101652946
1101671433
1101664617
1101665630
1101673675
1101687911
1101677093
1101674312
1101678826
1101689788
1101675927
1101670392
1101672394
1101681079
1101665211
1101657895
1101658359
1101665763
1101648812
1101640643
1101640469
1101647605
1101661404
1101681018
1101675166
1101676969
1101685655
1101700395
1101689912
1101687358
1101691960
1101702904
1101688930
1101683191
1101684911
1101693265
1101676979
1101669207
1101669157
1101676199
1101689705
1101708841
1101702325
1101703321
1101711044
1101724700
1101713049
1101709243
1101712542
1101722334
1101737806
1101727726
1101725266
1101729670
1101740153
1101725474
1101718812
1101719411
1101726482
1101708773
1101699442
1101697738
1101702853
1101683522
1101672891
1101670197
1101674805
1101686065
1101703166
1101694822
1101694199
1101700528
1101712996
1101700339
1101695717
1101698366
1101707641
1101722756
1101712440
1101709879
1101714320
1101724941
1101710500
1101704162
1101705163
1101712708
1101695535
1101686798
1101685739
1101691730
1101704119
1101722112
1101714437
1101714266
1101720649
1101702347
1101692530
1101690435
1101695445
1101706911
1101724024
1101715533
1101714600
1101720293
1101701365
1101690979
1101688366
1101692886
1101703743
1101689661
1101683794
1101685388
1101693811
1101708221
1101697394
1101694436
1101698604
1101709084
1101694620
1101688367
1101689568
1101697598
1101711612
1101700365
1101697025
1101700827
1101710954
1101696148
1101689564
1101690446
1101698145
1101711876
1101700371
1101696796
1101700382
1101710510
1101726348
1101716674
1101714623
1101719475
1101730419
1101716217
1101710045
1101711147
1101718910
1101732509
1101720731
1101716734
1101719785
1101729077
1101713359
1101705814
1101705688
1101712358
1101725021
1101712430
1101707755
1101710246
1101719304
1101734091
1101723406
1101720379
1101724286
1101734333
1101719278
1101712292
1101712634
1101719686
1101732637
1101720248
1101715696
1101718240
1101727069
1101710947
1101703051
1101702621
1101709030
1101721472
1101708697
1101703887
1101706291
1101715085
1101699024
1101691256
1101691016
1101697709
1101710500
1101698133
1101693766
1101696644
1101706140
1101721430
1101711269
1101708824
1101713346
1101724036
1101709633
1101703306
1101704312
1101712016
1101725625
1101713883
1101709966
1101713135
1101722778
1101738067
1101727789
1101725084
1101729037
1101708414
1101696396
1101692226
1101695297
1101704964
1101720424
1101710431
1101708152
1101712821
1101723641
1101709350
1101703120
1101704210
1101711986
1101725656
1101713965
1101710089
1101713291
1101722961
1101738270
1101728007
1101725309
1101729465
1101739685
1101724735
1101717794
1101718125
1101725097
1101737926
1101725375
1101720626
1101722940
1101731510
1101715103
1101706897
1101706138
1101712197
1101724292
1101711170
1101705995
1101708036
1101716670
1101731075
1101720047
1101716710
1101720341
1101730337
1101745902
1101735789
1101733188
1101737350
1101747716
1101763500
1101753473
1101750817
1101754816
1101764703
1101749241
1101741642
1101741166
1101747036
1101728030
1101717335
1101714225
1101718095
1101728309
1101744086
1101734186
1101731795
1101736186
1101746757
1101762726
1101752863
1101750356
1101754490
1101764496
1101749158
1101741673
1101741316
1101747293
1101728384
1101717773
1101714699
1101718583
1101728627
1101713588
1101706637
1101707027
1101714141
1101727184
1101714899
1101710458
1101713121
1101722294
1101737145
1101726477
1101723425
1101727268
1101737416
1101753053
1101742964
1101740342
1101744443
1101754471
1101739244
1101731911
1101731765
1101738202
1101750441
1101737255
1101731827
1101733404
1101741222
1101724050
1101715064
1101713535
1101718850
1101730385
1101747353
1101738525
1101737079
1101742280
1101753343
1101739050
1101732580
1101733214
1101740136
1101722150
1101712410
1101710192
1101714903
1101725726
1101711425
1101705151
1101706150
1101713630
1101696535
1101718489
1101714324
1101717343
1101726578
1101710814
1101703196
1101702994
1101709602
1101722199
1101709538
1101704785
1101707198
1101715953
1101699829
1101691959
1101691603
1101698144
1101710775
1101698235
1101693685
1101696352
1101705432
1101689676
1101682233
1101682355
1101689204
1101671324
1101631206
1101601864
1101582486
1101572183
1101539660
1101517950
1101506202
1101503483
1101478415
1101464017
1101459380
1101463515
1101445042
1101436916
1101438235
1101448206
1101465845
1101459715
1101462818
1101474248
1101492997
1101487675
1101491303
1101502974
1101521952
1101547289
1101547608
1101555963
1101571479
1101593261
1101589964
1101594683
1101606586
1101624993
1101649000
1101647340
1101653102
1101665513
1101683748
1101676522
1101676982
1101684366
1101697844
1101686137
1101682390
1101685869
1101695753
1101680777
1101674091
1101674931
1101682482
1101665468
1101657028
1101656374
1101662885
1101675726
1101663620
1101659701
1101663203
1101673264
1101658636
1101652220
1101622833
1101634004
1101620550
1101615724
1101618521
1101597621
1101586139
1101583222
1101588210
1101600220
1101587911
1101584378
1101588791
1101600261
1101587458
1101583479
1101587271
1101567516
1101557294
1101555783
1101562268
1101576039
1101596174
1101591368
1101594667
1101605069
1101591240
1101586290
1101589183
1101568592
1101557607
1101555388
1101560995
1101543126
1101534801
1101535194
1101543574
1101559230
1101581218
1101578219
1101583286
1101595595
1101614251
1101607933
1101609748
1101618670
1101603388
1101597005
1101598700
1101607789
1101623397
1101614201
1101613323
1101619751
1101602168
1101593689
1101593481
1101600655
1101583921
1101576338
1101577101
1101585320
1101569644
1101563155
1101564823
1101543288
1101531623
1101528954
1101534579
1101547579
1101536577
1101534620
1101540853
1101554325
1101543731
1101542085
1101548543
1101562185
1101551644
1101549991
1101556187
1101538870
1101531097
1101532023
1101540911
1101557040
1101579495
1101576919
1101582386
1101594864
1101583026
1101579950
1101584596
1101565662
1101556203
1101555393
1101562316
1101545622
1101538374
1101539727
1101548736
1101534078
1101528774
1101531977
1101542760
1101529748
1101526011
1101530666
1101542773
1101530991
1101528343
1101533993
1101547016
1101536027
1101534079
1101540129
1101522807
1101515161
1101516316
1101525523
1101541858
1101533949
1101534853
1101543496
1101528521
1101522987
1101526020
1101536665
1101523608
1101519842
1101524334
1101505697
1101496973
1101497289
1101505882
1101521792
1101513664
1101514499
1101523255
1101508539
1101503388
1101506915
1101518181
1101505814
1101502843
1101508365
1101521460
1101510731
1101509225
1101515859
1101499258
1101492455
1101494560
1101504597
1101491206
1101487386
1101492055
1101473828
1101465726
1101466625
1101445330
1101465473
1101491945
1101463068
1101476233
1101496454
1101492459
1101497263
1101509778
1101498623
1101496805
1101503244
1101486559
1101479774
1101481972
1101492203
1101479069
1101475596
1101480670
1101462898
1101455278
1101456711
1101435781
1101425672
1101455680
1101429987
1101415658
1101441885
1101412813
1101395528
1101419188
1101388163
1101399927
1101419225
1101384312
1101392540
1101408650
1101370890
1101376595
1101391111
1101443970
1101439335
1101443666
1101394839
1101390217
1101394957
1101408180
1101398429
1101398658
1101407701
1101394109
1101390836
1101396711
1101380517
1101405810
1101437468
1101413731
1101432002
1101457219
1101458085
1101467603
1101484650
1101477835
1101480134
1101490474
1101477444
1101474067
1101479242
1101461563
1101454043
1101455566
1101434706
1101424482
1101423747
1101401069
1101389417
1101387853
1101395353
1101380448
1101376080
1101381087
1101363985
1101357731
1101361132
1101342730
1101335430
1101338058
1101319107
1101311495
1101314206
1101326160
1101315844
1101316187
1101325940
1101313637
1101312133
1101320451
1101337703
1101362832
1101364332
1101375143
1101394060
1101389453
1101363809
1101380354
1101373728
1101377016
1101389033
1101378301
1101377773
1101386483
1101403381
1101397055
1101400230
1101381339
1101373282
1101375121
1101385836
1101373946
1101372384
1101380002
1101365315
1101361257
1101366656
1101350048
1101344327
1101348325
1101330564
1101323952
1101327301
1101309102
1101302242
1101305515
1101287395
1101280783
1101284435
1101267041
1101291900
1101293360
1101273806
1101265985
1101268650
1101250457
1101274924
1101306803
1101284285
1101304632
1101332508
1101306122
1101322746
1101347089
1101317326
1101330812
1101352410
1101350758
1101358774
1101375254
1101368733
1101372153
1101384341
1101373807
1101373501
1101382259
1101368595
1101365457
1101371669
1101355762
1101350645
1101355159
1101337815
1101331531
1101335114
1101317077
1101310315
1101313824
1101326534
1101316929
1101317925
1101328281
1101316504
1101315495
1101324054
1101310652
1101308206
1101315502
1101301014
1101297645
1101304166
1101289044
1101285179
1101291327
1101275969
1101271981
1101278118
1101262847
1101259053
1101265471
1101250549
1101247160
1101254040
1101239626
1101236776
1101244214
1101230391
1101228146
1101236226
1101223060
1101221484
1101230230
1101217715
1101216774
1101226131
1101214206
1101214031
1101254767
1101240426
1101237966
1101276442
1101259860
1101255202
1101291500
1101272831
1101266161
1101300534
1101280033
1101271620
1101304361
1101282308
1101272254
1101272833
1101252506
1101244152
1101246517
1101228016
1101221509
1101225732
1101209102
1101204456
1101210497
1101195649
1101192751
1101200489
1101187273
1101185924
1101195148
1101183328
1101183285
1101193716
1101183023
1101184012
1101195368
1101185503
1101187250
1101199282
1101190018
1101192260
1101204729
1101195825
1101198362
1101211061
1101202319
1101204936
1101217657
1101208884
1101211442
1101224059
1101215145
1101217546
1101229967
1101220823
1101222955
1101235085
1101225643
1101227459
1101239253
1101229474
1101230958
1101242441
1101232351
1101233540
1101244738
1101234364
1101235077
1101215165
1101207473
1101210901
1101224328
1101216164
1101219048
1101201246
1101195599
1101200823
1101185307
1101181858
1101189181
1101175681
1101174156
1101183302
1101171546
1101171634
1101182296
1101171910
1101173288
1101185123
1101175791
1101177903
1101159698
1101153995
1101159467
1101144490
1101141865
1101150237
1101138004
1101137914
1101148665
1101138597
1101140512
1101153081
1101144661
1101148048
1101161909
1101154605
1101158940
1101173568
1101166912
1101171719
1101186714
1101180075
1101153987
1101141063
1101140019
1101119221
1101111435
1101115329
1101099229
1101095904
1101103999
1101091865
1101092243
1101103737
1101094730
1101097722
1101080962
1101077151
1101084945
1101072661
1101073036
1101084704
1101075966
1101079570
1101094136
1101088002
1101093910
1101110477
1101106061
1101113198
1101100089
1101099506
1101110095
1101100186
1101102352
1101084784
1101080220
1101087295
1101074343
1101074096
1101085179
1101075914
1101078827
1101062124
1101058518
1101066631
1101054771
1101055689
1101067975
1101059946
1101064135
1101048700
1101046371
1101055757
1101045169
1101047300
1101060747
1101053859
1101059310
1101075732
1101071438
1101079165
1101097531
1101094841
1101103652
1101092167
1101093131
1101105185
1101096672
1101100334
1101114789
1101108213
1101082713
1101070903
1101071381
1101052513
1101046992
1101053451
1101040197
1101039945
1101051296
1101042539
1101046187
1101030408
1101027907
1101037272
1101026602
1100998164
1101014739
1100980283
1100991995
1101014359
1100985140
1100970953
1101000691
1100978189
1100970233
1101005697
1100988421
1100985001
1100993818
1100983171
1100985728
1101000058
1100994404
1101001458
1101019775
1101017658
1101027602
1101017709
1101020701
1101035144
1101029371
1101036009
1101053698
1101050746
1101059866
1101079652
1101078416
1101088696
1101078702
1101081150
1101094665
1101087358
1101061362
1101049277
1101049709
1101030942
1101025713
1101032608
1101019937
1101020134
1101001427
1100996469
1101003855
1100991804
1100993034
1101006090
1100999265
1101005025
1100991469
1100991096
1100972060
1100967041
1100974520
1100962822
1100964400
1100947353
1100944290
1100953802
1100944136
1100947707
1100932583
1100931441
1100942810
1100934898
1100940336
1100957658
1100955065
1100965239
1100986740
1100987821
1101000898
1100994121
1101000168
1101017593
1101014639
1101023839
1101013369
1101015682
1100998892
1100995722
1101004724
1100994183
1100996592
1100980038
1100977240
1100986732
1100976791
1100979849
1100964001
1100961759
1100941216
1100934800
1100910670
1100901429
1100905580
1100891331
1100891103
1100872958
1100869506
1100879394
1100901293
1100903334
1100917967
1100913256
1100921819
1100942127
1100942440
1100955171
1100948424
1100954608
1100941856
1100942641
1100925038
1100921632
1100930992
1100921345
1100925130
1100910398
1100909780
1100921784
1100914443
1100889717
1100880083
1100884027
1100869779
1100869899
1100882831
1100876848
1100884327
1100873323
1100876172
1100860977
1100860318
1100872655
1100866164
1100873269
1100861992
1100864921
1100880510
1100876927
1100886583
1100877544
1100882384
1100899598
1100897171
1100877119
1100871866
1100879901
1100869396
1100872989
1100889140
1100885832
1100865057
1100859229
1100866853
1100856059
1100859457
1100875560
1100872515
1100882701
1100874149
1100879269
1100866135
1100867099
1100850201
1100848043
1100859097
1100851562
1100857799
1100845831
1100848249
1100863490
1100859752
1100869382
1100860447
1100865332
1100852065
1100853024
1100836276
1100834170
1100814711
1100810494
1100819964
1100811260
1100816746
1100804390
1100806568
1100791287
1100791090
1100804383
1100799296
1100808163
1100798988
1100804119
1100791528
1100793755
1100809253
1100806153
1100816984
1100840195
1100843939
1100860585
1100857913
1100837913
1100833018
1100841682
1100832069
1100836533
1100823117
1100824179
1100807711
1100806091
1100787344
1100783762
1100763321
1100758604
1100767999
1100759651
1100766036
1100785523
1100786073
1100769599
1100768472
1100781044
1100775496
1100784146
1100774927
1100780212
1100767987
1100770552
1100755862
1100756467
1100770758
1100766880
1100777116
1100769414
1100776106
1100765202
1100768995
1100755459
1100757109
1100772352
1100769335
1100780352
1100773156
1100749676
1100742242
1100749457
1100769894
1100771457
1100756025
1100755716
1100738546
1100737017
1100749496
1100744062
1100753036
1100744384
1100750414
1100739054
1100742835
1100760164
1100759153
1100772105
1100766941
1100776016
1100767310
1100773142
1100761418
1100764519
1100750398
1100751362
1100735351
1100734709
1100717397
1100715898
1100728559
1100723481
1100732939
1100724917
1100731635
1100721098
1100725576
1100713046
1100715917
1100732615
1100731228
1100744038
1100738739
1100717252
1100711939
1100721141
1100712932
1100719635
1100709160
1100713806
1100701475
1100704687
1100721765
1100720804
1100734069
1100729505
1100739396
1100731702
1100738718
1100728382
1100733209
1100751569
1100751582
1100765468
1100761247
1100771228
1100763346
1100769974
1100759060
1100762905
1100749471
1100751112
1100735797
1100735806
1100719054
1100717878
1100700204
1100698304
1100680087
1100678046
1100690533
1100685616
1100695535
1100688180
1100695846
1100686457
1100692248
1100681148
1100685435
1100673007
1100676131
1100662688
1100665170
1100681903
1100680746
1100663465
1100662432
1100675947
1100672070
1100683014
1100676735
1100685465
1100677102
1100683946
1100673911
1100679241
1100667803
1100671858
1100659338
1100662492
1100649199
1100651727
1100637981
1100640177
1100626164
1100628193
1100614142
1100616408
1100633333
1100632693
1100616301
1100616414
1100631346
1100629098
1100641892
1100637634
1100648538
1100642453
1100651621
1100643967
1100651675
1100642625
1100649070
1100638908
1100644389
1100633358
1100638051
1100626381
1100630529
1100618405
1100622224
1100609876
1100613524
1100601098
1100604755
1100592373
1100596110
1100583875
1100587859
1100575923
1100580216
1100568601
1100573452
1100593062
1100595196
1100581623
1100584395
1100571324
1100574822
1100593170
1100594159
1100579510
1100581310
1100567395
1100569975
1100556841
1100560399
1100578913
1100580364
1100596934
1100596434
1100611088
1100608741
1100621609
1100617531
1100628755
1100622957
1100601867
1100597801
1100609037
1100603600
1100613666
1100607095
1100616100
1100608569
1100616671
1100608247
1100615531
1100606207
1100581999
1100575034
1100553152
1100548519
1100528937
1100526814
1100540378
1100537388
1100519522
1100519026
1100534140
1100532781
1100547118
1100544787
1100527520
1100527495
1100542994
1100541953
1100556534
1100554310
1100537069
1100536826
1100521417
1100522908
1100509180
1100512547
1100531274
1100533269
1100550683
1100551137
1100536319
1100538313
1100524929
1100528294
1100516191
1100520798
1100509927
1100515723
1100505972
1100512822
1100504098
1100511918
1100504035
1100512612
1100505456
1100514695
1100508101
1100517848
1100511750
1100521909
1100516109
1100526502
1100520914
1100531495
1100526007
1100536643
1100531202
1100541845
1100536338
1100546884
1100541288
1100551677
1100545666
1100525035
1100521774
1100503672
1100502889
1100487219
1100488790
1100475369
1100479291
1100498755
1100501495
1100489176
1100493817
1100483217
1100489494
1100480373
1100488029
1100480234
1100489093
1100482348
1100492158
1100486313
1100496897
1100491680
1100502799
1100498069
1100509549
1100505109
1100516854
1100512377
1100493372
1100491854
1100475603
1100476724
1100462982
1100466528
1100455132
1100460881
1100451516
1100459142
1100451554
1100460791
1100454661
1100465258
1100460121
1100440900
1100439762
1100454917
1100454062
1100438791
1100441112
1100428790
1100434056
1100455126
1100459704
1100449432
1100456203
1100447842
1100456420
1100449694
1100459716
1100454300
1100465545
1100461161
1100473304
1100469735
1100482540
1100479496
1100492740
1100490059
1100503556
1100500788
1100483457
1100483533
1100468812
1100471370
1100459049
1100463933
1100453756
1100460658
1100452386
1100461014
1100454304
1100464348
1100458921
1100470130
1100465683
1100477737
1100473859
1100455676
1100455217
1100440243
1100442843
1100430714
1100435966
1100426354
1100433964
1100426523
1100436138
1100430555
1100441849
1100437711
1100450276
1100447094
1100429769
1100430279
1100416375
1100420134
1100409249
1100416020
1100438619
1100444712
1100435904
1100444168
1100437289
1100447337
1100441838
1100422457
1100421145
1100405593
1100408101
1100426843
1100429482
1100417625
1100423242
1100414082
1100422218
1100415340
1100425544
1100420377
1100401450
1100400705
1100385897
1100389269
1100408948
1100412551
1100401758
1100408494
1100400225
1100378642
1100375842
1100389966
1100388616
1100373453
1100376581
1100396152
1100399774
1100389112
1100396043
1100388264
1100397846
1100392307
1100373235
1100372787
1100389083
1100389779
1100376469
1100381078
1100371311
1100379206
1100372454
1100383117
1100378911
1100391843
1100389615
1100404304
1100403430
1100388549
1100391625
1100380398
1100386895
1100378803
1100388182
1100382738
1100394514
1100391204
1100404876
1100403048
1100387305
1100389603
1100377674
1100383540
1100374878
1100383782
1100377949
1100389413
1100385862
1100399357
1100397607
1100412657
1100412005
1100397332
1100400526
1100389299
1100395730
1100387548
1100396774
1100390887
1100371550
1100370675
1100355991
1100359479
1100348862
1100356147
1100348808
1100328457
1100326968
1100312029
1100315591
1100305380
1100313575
1100338278
1100347052
1100341526
1100353538
1100350791
1100365244
1100364434
1100349963
1100353883
1100374338
1100379165
1100400405
1100405515
1100396182
1100404295
1100397605
1100408113
1100403394
1100385045
1100384958
1100370880
1100374850
1100364561
1100372199
1100395953
1100403461
1100396341
1100406464
1100401401
1100382782
1100382492
1100368197
1100371974
1100361552
1100368914
1100361777
1100372192
1100367658
1100349711
1100350496
1100368123
1100370237
1100358387
1100364496
1100356264
1100365688
1100360497
1100372714
1100370016
1100384377
1100383385
1100368610
1100371959
1100361116
1100368140
1100360740
1100371082
1100397331
1100407146
1100402126
1100414123
1100410928
1100424579
1100422807
1100437634
1100436654
1100421520
1100424133
1100412215
1100417856
1100408796
1100417063
1100410420
1100420917
1100416294
1100428582
1100425545
1100439233
1100437390
1100452047
1100451007
1100466356
1100465829
1100481530
1100481051
1100466040
1100468635
1100487051
1100489194
1100507167
1100508520
1100494986
1100498534
1100486950
1100492305
1100482433
1100489452
1100481089
1100489514
1100482504
1100492354
1100517277
1100524934
1100517079
1100525704
1100518575
1100527858
1100521326
1100531114
1100525003
1100535174
1100529411
1100539862
1100534078
1100513830
1100511086
1100493628
1100493800
1100509818
1100509421
1100494241
1100496320
1100483422
1100487680
1100476832
1100483023
1100474003
1100481887
1100474399
1100483673
1100477482
1100487930
1100482766
1100494306
1100520777
1100529890
1100523293
1100533034
1100526892
1100537009
1100531171
1100541526
1100535904
1100546458
1100540940
1100551551
1100546088
1100556709
1100551180
1100561706
1100556094
1100566506
1100560714
1100570928
1100564958
1100574975
1100568751
1100578500
1100572032
1100581487
1100574757
1100583974
1100576992
1100585943
1100578721
1100587495
1100580074
1100588592
1100580940
1100589288
1100581446
1100589622
1100581664
1100589736
1100581643
1100589596
1100581437
1100589327
1100581074
1100588882
1100580590
1100588362
1100580003
1100587715
1100579338
1100587036
1100578610
1100586261
1100577833
1100585482
1100577011
1100584624
1100576201
1100583894
1100575504
1100583426
1100605924
1100610982
1100630774
1100633114
1100650257
1100650049
1100664696
1100662075
1100674426
1100669651
1100679973
1100673250
1100681772
1100673418
1100680389
1100670632
1100676369
1100665535
1100670298
1100658619
1100662694
1100650430
1100654013
1100641342
1100644630
1100631731
1100634891
1100621988
1100625222
1100612421
1100616021
1100634313
1100635106
1100620139
1100621696
1100638064
1100637276
1100651520
1100648617
1100660830
1100655855
1100635435
1100631868
1100643480
1100638272
1100648437
1100641840
1100650708
1100642938
1100650746
1100641942
1100648971
1100670180
1100673588
1100691369
1100691445
1100706053
1100702945
1100683876
1100680999
1100662212
1100659902
1100672425
1100667857
1100678411
1100671943
1100680704
1100672612
1100679902
1100670401
1100676413
1100665831
1100671066
1100690463
1100692005
1100707982
1100706312
1100719231
1100714404
1100693705
1100689437
1100699958
1100693274
1100701687
1100693094
1100699741
1100689310
1100663683
1100655141
1100662019
1100652300
1100658228
1100647684
1100653103
1100672739
1100674690
1100691149
1100690026
1100703513
1100699588
1100710459
1100704013
1100712564
1100704020
1100710631
1100700292
1100705476
1100724560
1100725390
1100709775
1100710069
1100724610
1100721489
1100732941
1100726871
1100735773
1100758033
1100761555
1100748112
1100750109
1100765932
1100763671
1100775597
1100769654
1100778171
1100769102
1100774715
1100763015
1100766282
1100752496
1100753909
1100738520
1100738796
1100753134
1100749570
1100760430
1100753673
1100761767
1100783073
1100785465
1100770849
1100771397
1100755038
1100754320
1100767611
1100763015
1100772833
1100764978
1100771767
1100761169
1100765672
1100783648
1100783224
1100796702
1100792056
1100801556
1100793229
1100799555
1100818962
1100819567
1100833712
1100829407
1100838955
1100830327
1100835926
1100823764
1100826156
1100811088
1100811124
1100824683
1100819921
1100829131
1100820277
1100825745
1100813534
1100815968
1100801012
1100801027
1100783995
1100782441
1100794709
1100788964
1100797510
1100788319
1100793866
1100812601
1100812678
1100826380
1100821666
1100830922
1100822144
1100827679
1100815495
1100818141
1100834217
1100862301
1100870380
1100860312
1100864372
1100850587
1100851485
1100865475
1100860796
1100869780
1100860450
1100865145
1100851935
1100853355
1100868056
1100894629
1100901038
1100889264
1100891715
1100906891
1100902948
1100912293
1100902994
1100907414
1100893578
1100894126
1100907539
1100901999
1100909865
1100899223
1100902667
1100918662
1100915190
1100894244
1100888237
1100895677
1100884726
1100887767
1100872873
1100872607
1100885436
1100879481
1100887154
1100876494
1100880071
1100896336
1100893455
1100903835
1100895550
1100900955
1100888090
1100889553
1100903826
1100899064
1100907666
1100897725
1100901802
1100918367
1100915603
1100925944
1100917427
1100922677
1100940157
1100937867
1100917842
1100912511
1100920369
1100909604
1100912860
1100928601
1100925054
1100934562
1100925224
1100929447
1100915312
1100915361
1100928123
1100921836
1100929066
1100948333
1100947826
1100959982
1100952872
1100959134
1100977297
1100975364
1100955350
1100949766
1100957088
1100945570
1100947636
1100931397
1100929377
1100940155
1100931952
1100937373
1100954929
1100952587
1100932397
1100926802
1100934299
1100923090
1100925618
1100909943
1100908662
1100920261
1100912912
1100919247
1100937743
1100936637
1100948271
1100940772
1100946542
1100933653
1100934737
1100948523
1100973645
1100978316
1100994995
1100991760
1101001047
1100990999
1100994087
1100978379
1100976539
1100987129
1100978377
1100982668
1100968171
1100967539
1100979300
1100971641
1100977241
1100994643
1100992092
1101002042
1100992552
1100996097
1100980808
1100979344
1100990235
1100981719
1100986255
1100971983
1100971502
1100983326
1100975717
1100981322
1100998690
1100996033
1101005845
1100996231
1100999858
1101015282
1101010710
1101018635
1101007197
1101009059
1101022774
1101016579
1101022994
1101010147
1101010660
1101023110
1101015811
1101021183
1101007356
1101007018
1101018742
1101010772
1101015578
1101001276
1101000543
1101011938
1101003756
1101008647
1101025089
1101021439
1101030119
1101019284
1101021380
1101004574
1101001540
1101010811
1101000625
1101003498
1100987549
1100985395
1100995619
1100986440
1100990332
1100975418
1100974321
1100985759
1101008411
1101010557
1101024643
1101018763
1101025611
1101043751
1101041480
1101051284
1101041268
1101044192
1101058628
1101052843
1101059557
1101077344
1101074484
1101083495
1101072566
1101074354
1101087494
1101080317
1101085333
1101070682
1101069100
1101079184
1101069273
1101071860
1101055075
1101051677
1101060227
1101049039
1101050811
1101064089
1101057221
1101062872
1101079666
1101075864
1101084212
1101103290
1101101443
1101111180
1101100648
1101102445
1101084758
1101080262
1101087599
1101075038
1101075351
1101087148
1101078746
1101082813
1101097979
1101092585
1101099147
1101085810
1101085338
1101096311
1101087082
1101090169
1101073678
1101070390
1101079090
1101098525
1101096990
1101107049
1101096881
1101099197
1101112613
1101105441
1101110472
1101126327
1101121327
1101128015
1101114560
1101113743
1101124212
1101114304
1101116702
1101130083
1101122808
1101127588
1101143092
1101137631
1101143975
1101160787
1101156425
1101163620
1101181003
1101177013
1101184204
1101170825
1101169630
1101179296
1101168242
1101169224
1101180908
1101171638
1101174243
1101187394
1101179457
1101183024
1101166294
1101162095
1101169087
1101155649
1101154511
1101164352
1101153562
1101154895
1101167010
1101158249
1101161217
1101144131
1101139762
1101146941
1101164428
1101160642
1101168156
1101155183
1101154465
1101164678
1101154227
1101155866
1101168255
1101159734
1101163081
1101177176
1101200653
1101171410
1101186445
1101180132
1101185166
1101169791
1101166738
1101174720
1101162143
1101161766
1101172253
1101161937
1101163606
1101175949
1101167343
1101170573
1101184237
1101176805
1101181011
1101195572
1101188825
1101193583
1101208525
1101202085
1101206845
1101191035
1101187466
1101194832
1101181535
1101180357
1101189919
1101178678
1101179405
1101190773
1101181128
1101183293
1101195968
1101187501
1101190703
1101204227
1101196458
1101200216
1101214211
1101206795
1101210594
1101193903
1101189498
1101196061
1101181949
1101179995
1101188884
1101177033
1101177202
1101188054
1101177934
1101179666
1101191933
1101183102
1101186002
1101199293
1101191379
1101195035
1101208968
1101201526
1101205328
1101188677
1101184339
1101191153
1101208017
1101203303
1101209813
1101226255
1101220971
1101226813
1101242495
1101236447
1101241490
1101256331
1101249366
1101253464
1101267346
1101259437
1101262396
1101244518
1101238652
1101243702
1101258518
1101251531
1101255405
1101238437
1101233431
1101239259
1101254851
1101248647
1101253421
1101267905
1101260546
1101264005
1101246584
1101241088
1101246470
1101261591
1101254830
1101259072
1101273034
1101265119
1101268045
1101250091
1101244077
1101248754
1101232503
1101228221
1101234617
1101220113
1101217522
1101225686
1101243502
1101239378
1101246147
1101262554
1101256963
1101262052
1101246136
1101242048
1101248497
1101233889
1101231085
1101239008
1101256497
1101251958
1101258034
1101243050
1101239838
1101247114
1101233285
1101231186
1101239752
1101257815
1101253834
1101260575
1101276835
1101271024
1101276001
1101290511
1101282969
1101286257
1101299124
1101290051
1101291880
1101303344
1101292977
1101293588
1101303952
1101292504
1101292144
1101301630
1101289418
1101288367
1101297268
1101284529
1101283032
1101291764
1101309584
1101304941
1101310732
1101325713
1101318369
1101321574
1101334094
1101324413
1101325419
1101335909
1101324385
1101323689
1101332637
1101319713
1101317793
1101325676
1101311793
1101309032
1101316185
1101301744
1101298565
1101305414
1101290736
1101287414
1101294211
1101279560
1101276371
1101283366
1101269006
1101266158
1101273569
1101259629
1101257236
1101265088
1101251662
1101249765
1101258150
1101245277
1101243962
1101253106
1101271595
1101267836
1101274492
1101259901
1101256910
1101264419
1101281475
1101307023
1101309509
1101321789
1101342628
1101340506
1101348314
1101365032
1101389634
1101390613
1101400648
1101388207
1101386218
1101393693
1101409576
1101402392
1101405091
1101416544
1101405270
1101404225
1101412399
1101429010
1101453022
1101453020
1101461761
1101447621
1101443598
1101448585
1101431156
1101424285
1101426755
1101407165
1101398477
1101399705
1101409819
1101397343
1101395248
1101402358
1101387239
1101382784
1101387996
1101401873
1101392957
1101394162
1101404291
1101391870
1101389857
1101397079
1101382097
1101377810
1101383205
1101397283
1101388580
1101390013
1101400398
1101388237
1101386299
1101362982
1101351176
1101349911
1101358072
1101344236
1101341283
1101348225
1101363960
1101356985
1101360247
1101372540
1101362367
1101362660
1101372152
1101359395
1101357305
1101364709
1101350071
1101346353
1101352316
1101336482
1101331750
1101336911
1101320427
1101315225
1101320264
1101334467
1101326279
1101328622
1101340502
1101360810
1101358086
1101365221
1101381013
1101373924
1101376921
1101388813
1101378321
1101408833
1101414926
1101429504
1101420974
1101422283
1101432310
1101419538
1101416970
1101423678
1101438626
1101430359
1101431871
1101442004
1101429331
1101426779
1101433424
1101448202
1101439740
1101440996
1101450821
1101437763
1101434815
1101440835
1101424400
1101418439
1101421990
1101434045
1101423192
1101422356
1101430400
1101415838
1101411678
1101416752
1101399614
1101393190
1101396323
1101377537
1101369783
1101372055
1101383328
1101372103
1101371300
1101379942
1101396984
1101390980
1101394837
1101407340
1101397086
1101397013
1101405927
1101392334
1101389241
1101395446
1101379520
1101374350
1101378756
1101361227
1101354717
1101358261
1101370980
1101391856
1101389358
1101396457
1101411975
1101404435
1101406779
1101418034
1101437164
1101432744
1101437524
1101419921
1101412922
1101415563
1101426855
1101415332
1101413951
1101421759
1101437689
1101430330
1101432642
1101443480
1101431401
1101429365
1101436421
1101451595
1101443436
1101444921
1101454855
1101441873
1101438943
1101444920
1101428362
1101422230
1101425577
1101437424
1101426328
1101425265
1101433200
1101449203
1101441830
1101444060
1101454748
1101442408
1101440059
1101446561
1101430504
1101424825
1101428544
1101440695
1101429837
1101428938
1101436863
1101422134
1101417734
1101422722
1101436094
1101426418
1101426592
1101435526
1101421778
1101418300
1101423928
1101407197
1101401091
1101404643
1101417029
1101437201
1101433715
1101439528
1101453533
1101444270
1101444739
1101453979
1101471015
1101464378
1101467070
1101477980
1101465687
1101463181
1101469545
1101483816
1101474605
1101474858
1101483481
1101469039
1101464553
1101469117
1101481722
1101470919
1101469771
1101477163
1101461681
1101456293
1101460078
1101472008
1101460716
1101459198
1101466524
1101481707
1101473278
1101474270
1101483562
1101469768
1101465863
1101470881
1101483889
1101473495
1101472668
1101480314
1101464984
1101459732
1101463598
1101475804
1101495365
1101490864
1101495144
1101476654
1101468380
1101469436
1101478821
1101465104
1101461311
1101466504
1101479710
1101469484
1101468854
1101476907
1101492660
1101484716
1101486072
1101495810
1101512940
1101506129
1101508356
1101518538
1101505238
1101501514
1101506262
1101488117
1101480085
1101481244
1101490805
1101507853
1101500995
1101503222
1101513442
1101500213
1101496590
1101501468
1101483475
1101475616
1101476930
1101486706
1101503985
1101497340
1101499794
1101510249
1101497271
1101493916
1101499273
1101512397
1101501835
1101500665
1101507957
1101523000
1101544817
1101542058
1101547726
1101560715
1101549727
1101547795
1101553863
1101536534
1101528899
1101530070
1101539101
1101524648
1101519727
1101523199
1101503745
1101494409
1101494269
1101502377
1101487304
1101482090
1101485836
1101497574
1101485908
1101483770
1101490106
1101473544
1101467048
1101469706
1101480570
1101468182
1101465582
1101471845
1101485971
1101476541
1101476573
1101485181
1101501358
1101493745
1101495111
1101473895
1101463144
1101461942
1101469503
1101484842
1101476542
1101477597
1101487129
1101504141
1101497239
1101499449
1101509635
1101496441
1101492873
1101498024
1101510951
1101500239
1101498921
1101505911
1101489816
1101483626
1101486401
1101497210
1101484689
1101481808
1101487693
1101501354
1101491380
1101490807
1101498540
1101483200
1101477721
1101481253
1101493019
1101512045
1101506925
1101510669
1101522167
1101510079
1101507430
1101513335
1101526825
1101516505
1101515423
1101522672
1101537338
1101528046
1101527781
1101535689
1101550842
1101541876
1101541831
1101549667
1101533959
1101527810
1101530315
1101540574
1101527172
1101523189
1101527532
1101508851
1101500156
1101500549
1101509079
1101494339
1101489367
1101493239
1101504999
1101493257
1101491038
1101497439
1101511489
1101501823
1101501445
1101509398
1101524781
1101516244
1101516774
1101525513
1101541530
1101533416
1101534017
1101511825
1101499874
1101497235
1101503218
1101517044
1101537781
1101534056
1101538866
1101551170
1101539578
1101537151
1101542822
1101525185
1101517321
1101518342
1101527333
1101512888
1101508025
1101511680
1101492445
1101483356
1101483493
1101491906
1101477164
1101472296
1101476410
1101488531
1101477261
1101475576
1101482529
1101497224
1101488250
1101488603
1101497362
1101513578
1101505826
1101507174
1101516722
1101533538
1101526179
1101527730
1101537310
1101553964
1101546346
1101547509
1101556553
1101572569
1101564223
1101564577
1101572573
1101556849
1101550483
1101552630
1101562364
1101548329
1101543529
1101547172
1101558534
1101576691
1101570283
1101572356
1101581875
1101567492
1101562265
1101565170
1101544873
1101534367
1101532840
1101539561
1101553592
1101543598
1101542573
1101549635
1101563895
1101554035
1101553053
1101559917
1101543244
1101536133
1101537679
1101547182
1101563691
1101555830
1101556700
1101565239
1101550119
1101544378
1101547125
1101557442
1101543971
1101539756
1101543968
1101555644
1101543405
1101540343
1101545398
1101527197
1101518774
1101519283
1101527720
1101512773
1101507446
1101510872
1101522302
1101540783
1101534887
1101537686
1101548319
1101565887
1101558978
1101560470
1101538886
1101527286
1101524802
1101530687
1101543990
1101533371
1101531849
1101538570
1101552592
1101542547
1101541508
1101548588
1101562860
1101553004
1101552022
1101558878
1101542228
1101535132
1101536725
1101546063
1101531776
1101526931
1101530638
1101541967
1101529517
1101526376
1101531465
1101513400
1101505209
1101505997
1101515030
1101531334
1101523578
1101524760
1101533800
1101519312
1101514358
1101518040
1101529418
1101517163
1101514267
1101519811
1101533113
1101553203
1101548761
1101552792
1101564258
1101551977
1101579437
1101581405
1101590891
1101576390
1101571010
1101573688
1101553099
1101542277
1101540377
1101546473
1101529204
1101521616
1101522834
1101531942
1101517514
1101512612
1101516376
1101527864
1101515705
1101512896
1101518514
1101531682
1101521044
1101519611
1101526514
1101540808
1101531073
1101530383
1101537683
1101521616
1101515151
1101517457
1101527784
1101545215
1101538359
1101540275
1101549821
1101535711
1101530980
1101534743
1101546076
1101533583
1101530355
1101535318
1101517093
1101508710
1101509278
1101517866
1101503115
1101498028
1101501731
1101513272
1101501231
1101498636
1101504595
1101518377
1101539008
1101535125
1101539766
1101551853
1101540040
1101537387
1101542830
1101524961
1101516859
1101517641
1101526384
1101511854
1101537566
1101538229
1101547016
1101562861
1101554410
1101554713
1101562917
1101578110
1101568944
1101568484
1101575685
1101559207
1101552112
1101553549
1101562604
1101547927
1101542568
1101545470
1101525277
1101515029
1101513852
1101520808
1101504517
1101498005
1101500185
1101479667
1101469464
1101468669
1101476512
1101492022
1101483793
1101484829
1101494228
1101511229
1101534877
1101533791
1101540803
1101524410
1101517650
1101519650
1101529671
1101546776
1101539596
1101541174
1101550447
1101536054
1101531043
1101534546
1101545634
1101532944
1101529518
1101534485
1101546917
1101535450
1101533127
1101538881
1101521348
1101513565
1101514657
1101523683
1101509265
1101504431
1101508296
1101519913
1101507901
1101505283
1101511173
1101524627
1101514263
1101513110
1101520085
1101503813
1101497317
1101499711
1101510039
1101496918
1101493364
1101498486
1101511527
1101531535
1101527131
1101531346
1101543108
1101531052
1101528218
1101533736
1101546676
1101535673
1101533770
1101540100
1101553737
1101543322
1101541900
1101548612
1101562537
1101552320
1101551012
1101557561
1101540616
1101533223
1101534323
1101512555
1101500951
1101498628
1101504840
1101518634
1101508629
1101507843
1101515396
1101530339
1101521297
1101521302
1101529477
1101544885
1101536161
1101536347
1101544574
1101559917
1101551020
1101550932
1101558602
1101542676
1101536200
1101538321
1101548112
1101534208
1101529656
1101533387
1101514037
1101504641
1101504315
1101512117
1101496662
1101490968
1101494143
1101505231
1101492842
1101489989
1101495578
1101478215
1101470909
1101472755
1101482782
1101469588
1101466167
1101471613
1101484951
1101474776
1101474086
1101481976
1101497478
1101489192
1101490126
1101499186
1101484978
1101480510
1101484884
1101497337
1101516907
1101512206
1101516255
1101527973
1101515986
1101513321
1101519104
1101532392
1101521809
1101520392
1101527264
1101541492
1101531703
1101530940
1101538133
1101521919
1101515333
1101517308
1101496461
1101485816
1101484485
1101491509
1101475490
1101469433
1101472232
1101452481
1101443174
1101443388
1101452337
1101469033
1101462052
1101464388
1101474920
1101462241
1101459342
1101465113
1101448145
1101441419
1101444011
1101454933
1101442757
1101440472
1101446941
1101430746
1101424860
1101428346
1101440204
1101429000
1101427702
1101435176
1101419985
1101415098
1101419572
1101432399
1101422147
1101421770
1101430330
1101446825
1101439822
1101442291
1101453113
1101440856
1101438500
1101444919
1101428687
1101422776
1101426051
1101407076
1101398809
1101400302
1101410538
1101398061
1101395826
1101402674
1101387150
1101382201
1101386857
1101400294
1101421487
1101418981
1101425530
1101409557
1101404025
1101407783
1101389386
1101381780
1101384002
1101395026
1101383384
1101382021
1101389964
1101406193
1101399241
1101402064
1101413501
1101402099
1101400813
1101408684
1101424704
1101417425
1101419612
1101399675
1101390581
1101391367
1101401022
1101388078
1101385485
1101392073
1101376388
1101371362
1101375825
1101358315
1101351751
1101355151
1101367470
1101357223
1101357330
1101366611
1101353587
1101351173
1101358385
1101374175
1101367060
1101369970
1101381721
1101370848
1101370277
1101378835
1101365048
1101361852
1101368065
1101352210
1101347209
1101352073
1101365761
1101356776
1101358042
1101368378
1101356303
1101354741
1101362504
1101348112
1101344480
1101350429
1101334463
1101329491
1101334322
1101317447
1101311775
1101316093
1101298890
1101293046
1101297547
1101311311
1101302799
1101304909
1101316417
1101305804
1101305957
1101315661
1101303397
1101302056
1101310612
1101327987
1101322672
1101327556
1101341437
1101332812
1101334591
1101345565
1101334241
1101333535
1101342237
1101328854
1101326295
1101333357
1101318539
1101314742
1101320948
1101336091
1101328667
1101331377
1101312581
1101305175
1101307950
1101289389
1101282382
1101285889
1101298823
1101289654
1101291244
1101302374
1101291521
1101291364
1101270437
1101292051
1101290565
1101268360
1101258154
1101258913
1101269524
1101258444
1101258522
1101268710
1101287897
1101284545
1101291517
1101307584
1101301220
1101305299
1101318610
1101309635
1101311263
1101322283
1101311172
1101310826
1101320232
1101338318
1101333575
1101338702
1101322072
1101316587
1101321236
1101334948
1101326225
1101327761
1101307916
1101299590
1101301765
1101313359
1101302851
1101302929
1101281937
1101272752
1101274342
1101285610
1101275008
1101275213
1101254546
1101245866
1101247916
1101229148
1101222404
1101226410
1101209598
1101204797
1101210914
1101226806
1101220892
1101225799
1101209818
1101205775
1101212586
1101229098
1101223737
1101229122
1101213557
1101209865
1101216963
1101233709
1101228521
1101234035
1101218547
1101214888
1101221780
1101207639
1101205304
1101213478
1101200586
1101199443
1101208755
1101196938
1101196813
1101207084
1101196156
1101196848
1101207865
1101197623
1101198929
1101210496
1101200733
1101202459
1101214385
1101204927
1101206895
1101219013
1101209687
1101211549
1101192876
1101186490
1101191090
1101175091
1101171281
1101178367
1101164738
1101163183
1101172397
1101160761
1101161075
1101172014
1101161965
1101163519
1101144927
1101138973
1101144328
1101129369
1101126865
1101135473
1101123561
1101123896
1101135134
1101125635
1101128167
1101141389
1101133665
1101137765
1101152356
1101145803
1101150688
1101135248
1101132252
1101140370
1101127972
1101127824
1101138591
1101128635
1101130728
1101143522
1101135393
1101139104
1101153328
1101146431
1101151198
1101166298
1101160107
1101165218
1101149871
1101146850
1101154845
1101142220
1101141755
1101152139
1101141723
1101143296
1101155526
1101146782
1101149648
1101132363
1101127708
1101134338
1101120625
1101119334
1101129116
1101118332
1101119741
1101132002
1101123476
1101126917
1101140995
1101134058
1101138681
1101123095
1101119865
1101097213
1101087898
1101090559
1101073539
1101069570
1101077269
1101064973
1101065198
1101046128
1101040483
1101047063
1101064619
1101061443
1101070067
1101058670
1101059966
1101072569
1101064810
1101069390
1101084945
1101079790
1101086458
1101073139
1101072364
1101052323
1101045752
1101051247
1101037119
1101036071
1101046707
1101037330
1101040646
1101055242
1101049436
1101055734
1101042306
1101041872
1101053027
1101044072
1101047529
1101031553
1101028862
1101038044
1101027392
1101029614
1101043300
1101036741
1101042649
1101059613
1101055950
1101064166
1101052435
1101053482
1101065908
1101058027
1101062565
1101078127
1101073036
1101080017
1101097693
1101094385
1101102645
1101090673
1101091013
1101071863
1101065955
1101071922
1101058077
1101056942
1101036692
1101030039
1101035587
1101021644
1101020891
1101031917
1101023017
1101026881
1101042100
1101036985
1101044018
1101031362
1101031517
1101012653
1101007455
1101014511
1101002099
1101002707
1100984470
1100980062
1100988054
1100976703
1100978669
1100992521
1100986503
1100993099
1100980431
1100981157
1100993849
1100986765
1100992565
1101009829
1101006821
1101016016
1101005563
1101008141
1101022321
1101016399
1101023047
1101040848
1101037908
1101016286
1101008532
1101013233
1100998688
1100997557
1101008421
1100999561
1101003453
1100988226
1100986561
1100997016
1100987865
1100991578
1100976283
1100974443
1100954177
1100948146
1100954891
1100942653
1100943873
1100926641
1100923601
1100933277
1100923886
1100927859
1100913285
1100912774
1100924847
1100917729
1100924024
1100942255
1100940657
1100951643
1100943320
1100948125
1100934157
1100933847
1100915302
1100911136
1100919871
1100909725
1100913307
1100929133
1100925418
1100934585
1100924730
1100928269
1100913281
1100912403
1100924142
1100916711
1100922543
1100909710
1100910628
1100893382
1100890574
1100900714
1100891999
1100897024
1100914304
1100912029
1100922616
1100914155
1100919052
1100905392
1100905792
1100918754
1100912490
1100919626
1100938668
1100937638
1100918530
1100913832
1100922062
1100911440
1100914382
1100898961
1100897799
1100909400
1100901961
1100907895
1100895268
1100896500
1100879646
1100877111
1100856959
1100851760
1100860010
1100849867
1100853713
1100839591
1100840063
1100853591
